2026-01-14 09:09:33,807 - Knowledge - INFO - Created shared MongoDB connection pool
2026-01-14 09:09:34,134 - Knowledge - INFO - Starting Knowledge Graph processing with 20 threads
2026-01-14 09:09:34,316 - Knowledge - INFO - Initial configuration: chunk_size=65536, max_cache_size=500
2026-01-14 09:09:34,487 - Knowledge - INFO - Knowledge Graph concurrency configuration: workers=20, max_batch_size=10, max_concurrent_llm_calls=50
2026-01-14 09:09:36,079 - Knowledge - INFO - 🔍 _load_persisted_knowledge called - checking for Redis optimization
2026-01-14 09:09:36,246 - Knowledge - WARNING - ❌ load_from_redis method not found - Redis support not attached
2026-01-14 09:09:36,434 - Knowledge - INFO - load persisted knowledge: begin
2026-01-14 09:09:36,598 - Knowledge - INFO - Loaded 0 files from persisted knowledge
2026-01-14 09:09:36,791 - Knowledge - INFO - load persisted knowledge: end
2026-01-14 09:09:36,978 - Knowledge - WARNING - No persisted knowledge found. Files will be queued during start()
2026-01-14 09:09:37,203 - Knowledge - INFO - Redis support added with prefix knowledge:b3936pr:
2026-01-14 09:09:37,427 - Knowledge - INFO - Starting knowledge initialization for ID: NfNRf4-b3936pr
2026-01-14 09:09:37,655 - Knowledge - INFO - 🔍 Checking Redis for build_id: b3936pr
2026-01-14 09:09:37,858 - Knowledge - INFO - 🔍 Full session ID: NfNRf4-b3936pr
2026-01-14 09:09:38,033 - Knowledge - INFO - 🔍 Redis prefix will be: knowledge:b3936pr:
2026-01-14 09:09:38,202 - Knowledge - INFO - 🔍 Using attached load_from_redis() method
2026-01-14 09:09:38,377 - Knowledge - INFO - 🔍 Attempting to load knowledge from Redis...
2026-01-14 09:09:38,558 - Knowledge - INFO - 🔍 Using derived instance_id for Redis lookup: b3936pr
2026-01-14 09:09:38,725 - Knowledge - WARNING - ❌ No Redis cache found
2026-01-14 09:09:38,893 - Knowledge - INFO - 📁 Loading knowledge from disk...
2026-01-14 09:09:39,108 - Knowledge - INFO - load persisted docinfo: begin
2026-01-14 09:09:39,307 - Knowledge - INFO - load persisted docinfo: end
2026-01-14 09:09:39,527 - Knowledge - INFO - 🔍 _load_persisted_knowledge called - checking for Redis optimization
2026-01-14 09:09:39,695 - Knowledge - INFO - ✅ load_from_redis method found - attempting Redis load
2026-01-14 09:09:39,885 - Knowledge - INFO - 🔍 Attempting to load knowledge from Redis...
2026-01-14 09:09:40,079 - Knowledge - INFO - 🔍 Using derived instance_id for Redis lookup: b3936pr
2026-01-14 09:09:40,271 - Knowledge - WARNING - ❌ No Redis cache found
2026-01-14 09:09:40,461 - Knowledge - INFO - ❌ Redis load returned False - falling back to file loading
2026-01-14 09:09:40,687 - Knowledge - INFO - load persisted knowledge: begin
2026-01-14 09:09:40,929 - Knowledge - INFO - Loaded 0 files from persisted knowledge
2026-01-14 09:09:41,140 - Knowledge - INFO - load persisted knowledge: end
2026-01-14 09:09:41,304 - Knowledge - INFO - 📁 Disk load complete in 2.24s
2026-01-14 09:09:41,497 - Knowledge - INFO - Populating ingest queue with source files...
2026-01-14 09:09:41,742 - Knowledge - INFO - Added 77 files from /app/data/T0015/304863/b3936pr/flasky-304863 to ingest queue
2026-01-14 09:09:41,927 - Knowledge - INFO - [WEBSOCKET] Sent: Type=progress_update, Size: 159, Duration: 0ms
2026-01-14 09:09:42,155 - Knowledge - INFO - Worker kw1 created using shared MongoDB connection pool
2026-01-14 09:09:42,314 - Knowledge - INFO - knowledge worker kw1 start
2026-01-14 09:09:42,315 - Knowledge - INFO - Worker kw2 created using shared MongoDB connection pool
2026-01-14 09:09:42,484 - Knowledge - INFO - [kw1] Queue=77, InProgress=0, PendingWorkers=0/1, Completed=0/77 (0.0%)
2026-01-14 09:09:42,611 - Knowledge - INFO - knowledge worker kw2 start
2026-01-14 09:09:42,612 - Knowledge - INFO - Worker kw3 created using shared MongoDB connection pool
2026-01-14 09:09:42,722 - Knowledge - INFO - Batch sizing: calculated=4, max_allowed=10, queue=77, active_workers=0/2
2026-01-14 09:09:42,797 - Knowledge - INFO - [kw2] Queue=77, InProgress=0, PendingWorkers=0/2, Completed=0/77 (0.0%)
2026-01-14 09:09:42,911 - Knowledge - INFO - knowledge worker kw3 start
2026-01-14 09:09:42,911 - Knowledge - INFO - Worker kw4 created using shared MongoDB connection pool
2026-01-14 09:09:43,009 - Knowledge - INFO - Worker kw1 processing /app/data/T0015/304863/b3936pr/flasky-304863/requirements/heroku.txt
2026-01-14 09:09:43,092 - Knowledge - INFO - Batch sizing: calculated=4, max_allowed=10, queue=77, active_workers=1/3
2026-01-14 09:09:43,187 - Knowledge - INFO - [kw3] Queue=73, InProgress=0, PendingWorkers=1/3, Completed=0/77 (0.0%)
2026-01-14 09:09:43,269 - Knowledge - INFO - knowledge worker kw4 start
2026-01-14 09:09:43,270 - Knowledge - INFO - Worker kw5 created using shared MongoDB connection pool
2026-01-14 09:09:43,364 - Knowledge - INFO - Fast-tracked /app/data/T0015/304863/b3936pr/flasky-304863/requirements/heroku.txt (ext=.txt, size=65)
2026-01-14 09:09:43,480 - Knowledge - INFO - Worker kw2 processing /app/data/T0015/304863/b3936pr/flasky-304863/requirements/common.txt
2026-01-14 09:09:43,563 - Knowledge - INFO - Batch sizing: calculated=4, max_allowed=10, queue=73, active_workers=2/4
2026-01-14 09:09:43,674 - Knowledge - INFO - [kw4] Queue=69, InProgress=0, PendingWorkers=2/4, Completed=0/77 (0.0%)
2026-01-14 09:09:43,744 - Knowledge - INFO - knowledge worker kw5 start
2026-01-14 09:09:43,745 - Knowledge - INFO - Worker kw6 created using shared MongoDB connection pool
2026-01-14 09:09:43,817 - Knowledge - INFO - Worker kw1 processing /app/data/T0015/304863/b3936pr/flasky-304863/requirements/docker.txt
2026-01-14 09:09:43,899 - Knowledge - INFO - Fast-tracked /app/data/T0015/304863/b3936pr/flasky-304863/requirements/common.txt (ext=.txt, size=532)
2026-01-14 09:09:43,973 - Knowledge - INFO - Worker kw3 processing /app/data/T0015/304863/b3936pr/flasky-304863/app/auth/forms.py
2026-01-14 09:09:44,058 - Knowledge - INFO - Batch sizing: calculated=4, max_allowed=10, queue=69, active_workers=3/5
2026-01-14 09:09:44,141 - Knowledge - INFO - [kw5] Queue=65, InProgress=0, PendingWorkers=3/5, Completed=0/77 (0.0%)
2026-01-14 09:09:44,211 - Knowledge - INFO - knowledge worker kw6 start
2026-01-14 09:09:44,211 - Knowledge - INFO - Worker kw7 created using shared MongoDB connection pool
2026-01-14 09:09:44,332 - Knowledge - INFO - Fast-tracked /app/data/T0015/304863/b3936pr/flasky-304863/requirements/docker.txt (ext=.txt, size=47)
2026-01-14 09:09:44,423 - Knowledge - INFO - Worker kw2 processing /app/data/T0015/304863/b3936pr/flasky-304863/requirements.txt
2026-01-14 09:09:44,516 - Knowledge - INFO - Worker kw3 processing /app/data/T0015/304863/b3936pr/flasky-304863/app/auth/views.py
2026-01-14 09:09:44,627 - Knowledge - INFO - Worker kw4 processing /app/data/T0015/304863/b3936pr/flasky-304863/app/api/errors.py
2026-01-14 09:09:44,713 - Knowledge - INFO - Batch sizing: calculated=4, max_allowed=10, queue=65, active_workers=4/6
2026-01-14 09:09:44,809 - Knowledge - INFO - [kw6] Queue=61, InProgress=0, PendingWorkers=4/6, Completed=0/77 (0.0%)
2026-01-14 09:09:44,876 - Knowledge - INFO - knowledge worker kw7 start
2026-01-14 09:09:44,877 - Knowledge - INFO - Worker kw8 created using shared MongoDB connection pool
2026-01-14 09:09:44,999 - Knowledge - INFO - Worker kw1 processing /app/data/T0015/304863/b3936pr/flasky-304863/requirements/dev.txt
2026-01-14 09:09:45,080 - Knowledge - INFO - Fast-tracked /app/data/T0015/304863/b3936pr/flasky-304863/requirements.txt (ext=.txt, size=155)
2026-01-14 09:09:45,183 - Knowledge - INFO - Worker kw3 processing /app/data/T0015/304863/b3936pr/flasky-304863/app/auth/__init__.py
2026-01-14 09:09:45,272 - Knowledge - INFO - Fast-tracked /app/data/T0015/304863/b3936pr/flasky-304863/app/api/errors.py (ext=.py, size=625)
2026-01-14 09:09:45,356 - Knowledge - INFO - Worker kw5 processing /app/data/T0015/304863/b3936pr/flasky-304863/app/api/__init__.py
2026-01-14 09:09:45,436 - Knowledge - INFO - Batch sizing: calculated=4, max_allowed=10, queue=61, active_workers=5/7
2026-01-14 09:09:45,551 - Knowledge - INFO - [kw7] Queue=57, InProgress=0, PendingWorkers=5/7, Completed=0/77 (0.0%)
2026-01-14 09:09:45,637 - Knowledge - INFO - knowledge worker kw8 start
2026-01-14 09:09:45,638 - Knowledge - INFO - Worker kw9 created using shared MongoDB connection pool
2026-01-14 09:09:45,728 - Knowledge - INFO - Fast-tracked /app/data/T0015/304863/b3936pr/flasky-304863/requirements/dev.txt (ext=.txt, size=169)
2026-01-14 09:09:45,818 - Knowledge - INFO - Worker kw2 processing /app/data/T0015/304863/b3936pr/flasky-304863/flasky.py
2026-01-14 09:09:45,901 - Knowledge - INFO - Fast-tracked /app/data/T0015/304863/b3936pr/flasky-304863/app/auth/__init__.py (ext=.py, size=85)
2026-01-14 09:09:45,987 - Knowledge - INFO - Worker kw4 processing /app/data/T0015/304863/b3936pr/flasky-304863/app/api/users.py
2026-01-14 09:09:46,094 - Knowledge - INFO - Fast-tracked /app/data/T0015/304863/b3936pr/flasky-304863/app/api/__init__.py (ext=.py, size=124)
2026-01-14 09:09:46,183 - Knowledge - INFO - Worker kw6 processing /app/data/T0015/304863/b3936pr/flasky-304863/app/main/errors.py
2026-01-14 09:09:46,282 - Knowledge - INFO - Batch sizing: calculated=4, max_allowed=10, queue=57, active_workers=6/8
2026-01-14 09:09:46,352 - Knowledge - INFO - [kw8] Queue=53, InProgress=0, PendingWorkers=6/8, Completed=0/77 (0.0%)
2026-01-14 09:09:46,427 - Knowledge - INFO - knowledge worker kw9 start
2026-01-14 09:09:46,430 - Knowledge - INFO - Worker kw10 created using shared MongoDB connection pool
2026-01-14 09:09:46,512 - Knowledge - INFO - Worker kw1 processing /app/data/T0015/304863/b3936pr/flasky-304863/requirements/prod.txt
2026-01-14 09:09:46,588 - Knowledge - INFO - Worker kw2 processing /app/data/T0015/304863/b3936pr/flasky-304863/app/static/styles.css
2026-01-14 09:09:46,671 - Knowledge - INFO - Worker kw3 processing /app/data/T0015/304863/b3936pr/flasky-304863/app/api/posts.py
2026-01-14 09:09:46,749 - Knowledge - INFO - Fast-tracked /app/data/T0015/304863/b3936pr/flasky-304863/app/api/users.py (ext=.py, size=1714)
2026-01-14 09:09:46,819 - Knowledge - INFO - Worker kw5 processing /app/data/T0015/304863/b3936pr/flasky-304863/app/api/authentication.py
2026-01-14 09:09:46,902 - Knowledge - INFO - Fast-tracked /app/data/T0015/304863/b3936pr/flasky-304863/app/main/errors.py (ext=.py, size=1018)
2026-01-14 09:09:47,002 - Knowledge - INFO - Worker kw7 processing /app/data/T0015/304863/b3936pr/flasky-304863/app/decorators.py
2026-01-14 09:09:47,103 - Knowledge - INFO - Batch sizing: calculated=4, max_allowed=10, queue=53, active_workers=7/9
2026-01-14 09:09:47,204 - Knowledge - INFO - [kw9] Queue=49, InProgress=0, PendingWorkers=7/9, Completed=0/77 (0.0%)
2026-01-14 09:09:47,317 - Knowledge - INFO - knowledge worker kw10 start
2026-01-14 09:09:47,317 - Knowledge - INFO - Worker kw11 created using shared MongoDB connection pool
2026-01-14 09:09:47,412 - Knowledge - INFO - Fast-tracked /app/data/T0015/304863/b3936pr/flasky-304863/requirements/prod.txt (ext=.txt, size=14)
2026-01-14 09:09:47,492 - Knowledge - INFO - Fast-tracked /app/data/T0015/304863/b3936pr/flasky-304863/app/static/styles.css (ext=.css, size=1855)
2026-01-14 09:09:47,616 - Knowledge - INFO - Fast-tracked /app/data/T0015/304863/b3936pr/flasky-304863/app/api/posts.py (ext=.py, size=1688)
2026-01-14 09:09:47,693 - Knowledge - INFO - Worker kw4 processing /app/data/T0015/304863/b3936pr/flasky-304863/app/api/comments.py
2026-01-14 09:09:47,781 - Knowledge - INFO - Fast-tracked /app/data/T0015/304863/b3936pr/flasky-304863/app/api/authentication.py (ext=.py, size=1223)
2026-01-14 09:09:47,862 - Knowledge - INFO - Worker kw6 processing /app/data/T0015/304863/b3936pr/flasky-304863/app/main/forms.py
2026-01-14 09:09:47,977 - Knowledge - INFO - Fast-tracked /app/data/T0015/304863/b3936pr/flasky-304863/app/decorators.py (ext=.py, size=494)
2026-01-14 09:09:48,090 - Knowledge - INFO - Worker kw8 processing /app/data/T0015/304863/b3936pr/flasky-304863/app/templates/_comments.html
2026-01-14 09:09:48,170 - Knowledge - INFO - Batch sizing: calculated=4, max_allowed=10, queue=49, active_workers=8/10
2026-01-14 09:09:48,255 - Knowledge - INFO - [kw10] Queue=45, InProgress=0, PendingWorkers=8/10, Completed=0/77 (0.0%)
2026-01-14 09:09:48,333 - Knowledge - INFO - knowledge worker kw11 start
2026-01-14 09:09:48,334 - Knowledge - INFO - Worker kw12 created using shared MongoDB connection pool
2026-01-14 09:09:48,417 - Knowledge - INFO - Processing batch of 4 files
2026-01-14 09:09:48,501 - Knowledge - INFO - Fast-tracked /app/data/T0015/304863/b3936pr/flasky-304863/flasky.py (small file (2534 bytes))
2026-01-14 09:09:48,577 - Knowledge - INFO - Fast-tracked /app/data/T0015/304863/b3936pr/flasky-304863/app/auth/forms.py (small file (2941 bytes))
2026-01-14 09:09:48,696 - Knowledge - INFO - Worker kw4 processing /app/data/T0015/304863/b3936pr/flasky-304863/app/api/decorators.py
2026-01-14 09:09:48,807 - Knowledge - INFO - Worker kw5 processing /app/data/T0015/304863/b3936pr/flasky-304863/app/fake.py
2026-01-14 09:09:48,932 - Knowledge - INFO - Worker kw6 processing /app/data/T0015/304863/b3936pr/flasky-304863/app/main/views.py
2026-01-14 09:09:49,029 - Knowledge - INFO - Worker kw7 processing /app/data/T0015/304863/b3936pr/flasky-304863/app/models.py
2026-01-14 09:09:49,103 - Knowledge - INFO - Fast-tracked /app/data/T0015/304863/b3936pr/flasky-304863/app/templates/_comments.html (ext=.html, size=1585)
2026-01-14 09:09:49,194 - Knowledge - INFO - Worker kw9 processing /app/data/T0015/304863/b3936pr/flasky-304863/app/templates/auth/change_email.html
2026-01-14 09:09:49,273 - Knowledge - INFO - Batch sizing: calculated=4, max_allowed=10, queue=45, active_workers=9/11
2026-01-14 09:09:49,347 - Knowledge - INFO - [kw11] Queue=41, InProgress=0, PendingWorkers=9/11, Completed=4/77 (5.2%)
2026-01-14 09:09:49,474 - Knowledge - INFO - knowledge worker kw12 start
2026-01-14 09:09:49,474 - Knowledge - INFO - Worker kw13 created using shared MongoDB connection pool
2026-01-14 09:09:49,588 - Knowledge - INFO - process ingested knowledge for /app/data/T0015/304863/b3936pr/flasky-304863/requirements/heroku.txt
2026-01-14 09:09:49,685 - Knowledge - INFO - Processing batch of 4 files
2026-01-14 09:09:49,893 - Knowledge - INFO - Fast-tracked /app/data/T0015/304863/b3936pr/flasky-304863/app/api/decorators.py (ext=.py, size=411)
2026-01-14 09:09:49,992 - Knowledge - INFO - Fast-tracked /app/data/T0015/304863/b3936pr/flasky-304863/app/fake.py (ext=.py, size=1012)
2026-01-14 09:09:50,080 - Knowledge - INFO - Worker kw6 processing /app/data/T0015/304863/b3936pr/flasky-304863/app/main/__init__.py
2026-01-14 09:09:50,194 - Knowledge - INFO - Worker kw7 processing /app/data/T0015/304863/b3936pr/flasky-304863/app/__init__.py
2026-01-14 09:09:50,386 - Knowledge - INFO - Worker kw8 processing /app/data/T0015/304863/b3936pr/flasky-304863/app/templates/500.html
2026-01-14 09:09:50,602 - Knowledge - INFO - Fast-tracked /app/data/T0015/304863/b3936pr/flasky-304863/app/templates/auth/change_email.html (ext=.html, size=302)
2026-01-14 09:09:50,795 - Knowledge - INFO - Worker kw10 processing /app/data/T0015/304863/b3936pr/flasky-304863/app/templates/auth/email/confirm.html
2026-01-14 09:09:50,979 - Knowledge - INFO - Batch sizing: calculated=4, max_allowed=10, queue=41, active_workers=10/12
2026-01-14 09:09:51,218 - Knowledge - INFO - [kw12] Queue=37, InProgress=0, PendingWorkers=10/12, Completed=8/77 (10.4%)
2026-01-14 09:09:51,416 - Knowledge - INFO - knowledge worker kw13 start
2026-01-14 09:09:51,416 - Knowledge - INFO - Worker kw14 created using shared MongoDB connection pool
2026-01-14 09:09:51,552 - Knowledge - INFO - process ingested knowledge for /app/data/T0015/304863/b3936pr/flasky-304863/requirements/docker.txt
2026-01-14 09:09:51,675 - Knowledge - INFO - process ingested knowledge for /app/data/T0015/304863/b3936pr/flasky-304863/requirements/common.txt
2026-01-14 09:09:51,790 - Knowledge - INFO - Fast-tracked /app/data/T0015/304863/b3936pr/flasky-304863/app/api/comments.py (small file (2190 bytes))
2026-01-14 09:09:51,926 - Knowledge - INFO - Worker kw5 processing /app/data/T0015/304863/b3936pr/flasky-304863/app/exceptions.py
2026-01-14 09:09:52,096 - Knowledge - INFO - Fast-tracked /app/data/T0015/304863/b3936pr/flasky-304863/app/main/__init__.py (ext=.py, size=220)
2026-01-14 09:09:52,183 - Knowledge - INFO - Fast-tracked /app/data/T0015/304863/b3936pr/flasky-304863/app/__init__.py (ext=.py, size=1156)
2026-01-14 09:09:52,298 - Knowledge - INFO - Fast-tracked /app/data/T0015/304863/b3936pr/flasky-304863/app/templates/500.html (ext=.html, size=198)
2026-01-14 09:09:52,420 - Knowledge - INFO - Worker kw9 processing /app/data/T0015/304863/b3936pr/flasky-304863/app/templates/auth/email/change_email.html
2026-01-14 09:09:52,515 - Knowledge - INFO - Fast-tracked /app/data/T0015/304863/b3936pr/flasky-304863/app/templates/auth/email/confirm.html (ext=.html, size=459)
2026-01-14 09:09:52,577 - Knowledge - INFO - Worker kw11 processing /app/data/T0015/304863/b3936pr/flasky-304863/app/templates/auth/register.html
2026-01-14 09:09:52,676 - Knowledge - INFO - Batch sizing: calculated=4, max_allowed=10, queue=37, active_workers=11/13
2026-01-14 09:09:52,762 - Knowledge - INFO - [kw13] Queue=33, InProgress=0, PendingWorkers=11/13, Completed=8/77 (10.4%)
2026-01-14 09:09:52,834 - Knowledge - INFO - knowledge worker kw14 start
2026-01-14 09:09:52,834 - Knowledge - INFO - Worker kw15 created using shared MongoDB connection pool
2026-01-14 09:09:53,095 - Knowledge - INFO - process ingested knowledge for /app/data/T0015/304863/b3936pr/flasky-304863/requirements/dev.txt
2026-01-14 09:09:53,176 - Knowledge - INFO - process ingested knowledge for /app/data/T0015/304863/b3936pr/flasky-304863/requirements.txt
2026-01-14 09:09:53,360 - Knowledge - INFO - Processing batch of 4 files
2026-01-14 09:09:53,431 - Knowledge - INFO - Fast-tracked /app/data/T0015/304863/b3936pr/flasky-304863/app/exceptions.py (ext=.py, size=44)
2026-01-14 09:09:53,514 - Knowledge - INFO - Fast-tracked /app/data/T0015/304863/b3936pr/flasky-304863/app/main/forms.py (small file (2375 bytes))
2026-01-14 09:09:53,633 - Knowledge - INFO - Worker kw7 processing /app/data/T0015/304863/b3936pr/flasky-304863/app/templates/followers.html
2026-01-14 09:09:53,729 - Knowledge - INFO - Worker kw8 processing /app/data/T0015/304863/b3936pr/flasky-304863/app/templates/moderate.html
2026-01-14 09:09:53,815 - Knowledge - INFO - Fast-tracked /app/data/T0015/304863/b3936pr/flasky-304863/app/templates/auth/email/change_email.html (ext=.html, size=439)
2026-01-14 09:09:53,916 - Knowledge - INFO - Worker kw10 processing /app/data/T0015/304863/b3936pr/flasky-304863/app/templates/auth/email/reset_password.txt
2026-01-14 09:09:54,018 - Knowledge - INFO - Fast-tracked /app/data/T0015/304863/b3936pr/flasky-304863/app/templates/auth/register.html (ext=.html, size=274)
2026-01-14 09:09:54,108 - Knowledge - INFO - Worker kw12 processing /app/data/T0015/304863/b3936pr/flasky-304863/app/templates/403.html
2026-01-14 09:09:54,196 - Knowledge - INFO - Batch sizing: calculated=4, max_allowed=10, queue=33, active_workers=12/14
2026-01-14 09:09:54,280 - Knowledge - INFO - [kw14] Queue=29, InProgress=0, PendingWorkers=12/14, Completed=12/77 (15.6%)
2026-01-14 09:09:54,385 - Knowledge - INFO - knowledge worker kw15 start
2026-01-14 09:09:54,385 - Knowledge - INFO - Worker kw16 created using shared MongoDB connection pool
2026-01-14 09:09:54,490 - Knowledge - INFO - process ingested knowledge for /app/data/T0015/304863/b3936pr/flasky-304863/requirements/prod.txt
2026-01-14 09:09:54,556 - Knowledge - INFO - process ingested knowledge for /app/data/T0015/304863/b3936pr/flasky-304863/flasky.py
2026-01-14 09:09:54,681 - Knowledge - INFO - process ingested knowledge for /app/data/T0015/304863/b3936pr/flasky-304863/app/api/errors.py
2026-01-14 09:09:54,788 - Knowledge - INFO - Processing batch of 4 files
2026-01-14 09:09:54,934 - Knowledge - INFO - Fast-tracked /app/data/T0015/304863/b3936pr/flasky-304863/app/templates/followers.html (ext=.html, size=907)
2026-01-14 09:09:55,034 - Knowledge - INFO - Fast-tracked /app/data/T0015/304863/b3936pr/flasky-304863/app/templates/moderate.html (ext=.html, size=411)
2026-01-14 09:09:55,113 - Knowledge - INFO - Worker kw9 processing /app/data/T0015/304863/b3936pr/flasky-304863/app/templates/auth/email/reset_password.html
2026-01-14 09:09:55,194 - Knowledge - INFO - Fast-tracked /app/data/T0015/304863/b3936pr/flasky-304863/app/templates/auth/email/reset_password.txt (ext=.txt, size=303)
2026-01-14 09:09:55,284 - Knowledge - INFO - Worker kw11 processing /app/data/T0015/304863/b3936pr/flasky-304863/app/templates/auth/login.html
2026-01-14 09:09:55,389 - Knowledge - INFO - Fast-tracked /app/data/T0015/304863/b3936pr/flasky-304863/app/templates/403.html (ext=.html, size=174)
2026-01-14 09:09:55,489 - Knowledge - INFO - Worker kw13 processing /app/data/T0015/304863/b3936pr/flasky-304863/app/templates/edit_profile.html
2026-01-14 09:09:55,577 - Knowledge - INFO - Batch sizing: calculated=4, max_allowed=10, queue=29, active_workers=13/15
2026-01-14 09:09:55,693 - Knowledge - INFO - [kw15] Queue=25, InProgress=0, PendingWorkers=13/15, Completed=16/77 (20.8%)
2026-01-14 09:09:55,781 - Knowledge - INFO - knowledge worker kw16 start
2026-01-14 09:09:55,783 - Knowledge - INFO - Worker kw17 created using shared MongoDB connection pool
2026-01-14 09:09:55,987 - Knowledge - INFO - process ingested knowledge for /app/data/T0015/304863/b3936pr/flasky-304863/app/static/styles.css
2026-01-14 09:09:56,098 - Knowledge - INFO - process ingested knowledge for /app/data/T0015/304863/b3936pr/flasky-304863/app/api/users.py
2026-01-14 09:09:56,126 - Knowledge - INFO - process ingested knowledge for /app/data/T0015/304863/b3936pr/flasky-304863/app/api/__init__.py
2026-01-14 09:09:56,346 - Knowledge - INFO - Worker kw8 processing /app/data/T0015/304863/b3936pr/flasky-304863/app/templates/user.html
2026-01-14 09:09:56,441 - Knowledge - INFO - Fast-tracked /app/data/T0015/304863/b3936pr/flasky-304863/app/templates/auth/email/reset_password.html (ext=.html, size=510)
2026-01-14 09:09:56,444 - Knowledge - INFO - [WEBSOCKET] Sent: Type=progress_update, Size: 287, Duration: 0ms
2026-01-14 09:09:56,549 - Knowledge - INFO - Worker kw10 processing /app/data/T0015/304863/b3936pr/flasky-304863/app/templates/auth/email/change_email.txt
2026-01-14 09:09:56,645 - Knowledge - INFO - Fast-tracked /app/data/T0015/304863/b3936pr/flasky-304863/app/templates/auth/login.html (ext=.html, size=483)
2026-01-14 09:09:56,728 - Knowledge - INFO - Worker kw12 processing /app/data/T0015/304863/b3936pr/flasky-304863/app/templates/base.html
2026-01-14 09:09:56,848 - Knowledge - INFO - Fast-tracked /app/data/T0015/304863/b3936pr/flasky-304863/app/templates/edit_profile.html (ext=.html, size=287)
2026-01-14 09:09:57,075 - Knowledge - INFO - Batch sizing: calculated=4, max_allowed=10, queue=25, active_workers=14/16
2026-01-14 09:09:57,184 - Knowledge - INFO - [kw16] Queue=21, InProgress=0, PendingWorkers=14/16, Completed=16/77 (20.8%)
2026-01-14 09:09:57,309 - Knowledge - INFO - knowledge worker kw17 start
2026-01-14 09:09:57,309 - Knowledge - INFO - Worker kw18 created using shared MongoDB connection pool
2026-01-14 09:09:57,540 - Knowledge - INFO - process ingested knowledge for /app/data/T0015/304863/b3936pr/flasky-304863/app/api/comments.py
2026-01-14 09:09:57,667 - Knowledge - INFO - process ingested knowledge for /app/data/T0015/304863/b3936pr/flasky-304863/app/api/authentication.py
2026-01-14 09:09:57,722 - Knowledge - INFO - Fast-tracked /app/data/T0015/304863/b3936pr/flasky-304863/app/templates/user.html (small file (2662 bytes))
2026-01-14 09:09:57,802 - Knowledge - INFO - Worker kw9 processing /app/data/T0015/304863/b3936pr/flasky-304863/app/templates/auth/email/confirm.txt
2026-01-14 09:09:57,892 - Knowledge - INFO - Worker kw14 processing /app/data/T0015/304863/b3936pr/flasky-304863/app/templates/_posts.html
2026-01-14 09:09:57,892 - Knowledge - INFO - [LLM_CALL] Completed: views.py:chunk1, Duration: 3030ms, PromptTokens: 3186, CompletionTokens: 785, Cost: $0.00063
2026-01-14 09:09:58,016 - Knowledge - INFO - Fast-tracked /app/data/T0015/304863/b3936pr/flasky-304863/app/templates/auth/email/change_email.txt (ext=.txt, size=240)
2026-01-14 09:09:58,108 - Knowledge - INFO - Worker kw11 processing /app/data/T0015/304863/b3936pr/flasky-304863/app/templates/auth/unconfirmed.html
2026-01-14 09:09:58,188 - Knowledge - INFO - Worker kw12 processing /app/data/T0015/304863/b3936pr/flasky-304863/app/templates/edit_post.html
2026-01-14 09:09:58,284 - Knowledge - INFO - Worker kw13 processing /app/data/T0015/304863/b3936pr/flasky-304863/app/templates/mail/new_user.txt
2026-01-14 09:09:58,477 - Knowledge - INFO - Batch sizing: calculated=4, max_allowed=10, queue=21, active_workers=15/17
2026-01-14 09:09:58,569 - Knowledge - INFO - [kw17] Queue=17, InProgress=0, PendingWorkers=15/17, Completed=16/77 (20.8%)
2026-01-14 09:09:58,683 - Knowledge - INFO - knowledge worker kw18 start
2026-01-14 09:09:58,683 - Knowledge - INFO - Worker kw19 created using shared MongoDB connection pool
2026-01-14 09:09:58,795 - Knowledge - INFO - process ingested knowledge for /app/data/T0015/304863/b3936pr/flasky-304863/app/api/decorators.py
2026-01-14 09:09:58,929 - Knowledge - INFO - process ingested knowledge for /app/data/T0015/304863/b3936pr/flasky-304863/app/fake.py
2026-01-14 09:09:59,694 - Knowledge - INFO - Fast-tracked /app/data/T0015/304863/b3936pr/flasky-304863/app/templates/mail/new_user.txt (ext=.txt, size=37)
2026-01-14 09:09:59,214 - Knowledge - INFO - Fast-tracked /app/data/T0015/304863/b3936pr/flasky-304863/app/templates/_posts.html (ext=.html, size=1698)
2026-01-14 09:09:59,296 - Knowledge - INFO - done ingest for /app/data/T0015/304863/b3936pr/flasky-304863/app/auth/views.py
2026-01-14 09:09:59,297 - Knowledge - INFO - [WEBSOCKET] Sent: Type=unknown, Size: ?, Duration: 2854ms
2026-01-14 09:09:59,381 - Knowledge - INFO - Worker kw10 processing /app/data/T0015/304863/b3936pr/flasky-304863/app/templates/auth/reset_password.html
2026-01-14 09:09:59,486 - Knowledge - INFO - Fast-tracked /app/data/T0015/304863/b3936pr/flasky-304863/app/templates/auth/unconfirmed.html (ext=.html, size=589)
2026-01-14 09:09:59,610 - Knowledge - INFO - Fast-tracked /app/data/T0015/304863/b3936pr/flasky-304863/app/templates/edit_post.html (ext=.html, size=343)
2026-01-14 09:09:59,145 - Knowledge - INFO - Fast-tracked /app/data/T0015/304863/b3936pr/flasky-304863/app/templates/auth/email/confirm.txt (ext=.txt, size=252)
2026-01-14 09:09:59,907 - Knowledge - INFO - Batch sizing: calculated=4, max_allowed=10, queue=17, active_workers=16/18
2026-01-14 09:10:00,013 - Knowledge - INFO - [kw18] Queue=13, InProgress=0, PendingWorkers=16/18, Completed=20/77 (26.0%)
2026-01-14 09:10:00,100 - Knowledge - INFO - knowledge worker kw19 start
2026-01-14 09:10:00,100 - Knowledge - INFO - Worker kw20 created using shared MongoDB connection pool
2026-01-14 09:10:00,303 - Knowledge - INFO - process ingested knowledge for /app/data/T0015/304863/b3936pr/flasky-304863/app/exceptions.py
2026-01-14 09:10:00,383 - Knowledge - INFO - Worker kw13 processing /app/data/T0015/304863/b3936pr/flasky-304863/app/templates/mail/new_user.html
2026-01-14 09:10:00,464 - Knowledge - INFO - Worker kw14 processing /app/data/T0015/304863/b3936pr/flasky-304863/app/templates/index.html
2026-01-14 09:10:00,663 - Knowledge - INFO - Progress: 20.8% | Files: 21/77 | Rate: 0.92 files/sec | Queue: 13
2026-01-14 09:10:00,664 - Knowledge - INFO - Processing batch of 4 files
2026-01-14 09:10:00,664 - Knowledge - INFO - Worker kw15 processing /app/data/T0015/304863/b3936pr/flasky-304863/config.py
2026-01-14 09:10:00,669 - Knowledge - INFO - Worker kw16 processing /app/data/T0015/304863/b3936pr/flasky-304863/migrations/versions/198b0eebcf9_caching_of_avatar_hashes.py
2026-01-14 09:10:00,713 - Knowledge - INFO - [WEBSOCKET] Sent: Type=progress_update, Size: 289, Duration: 0ms
2026-01-14 09:10:00,772 - Knowledge - INFO - Fast-tracked /app/data/T0015/304863/b3936pr/flasky-304863/app/templates/auth/reset_password.html (ext=.html, size=290)
2026-01-14 09:10:00,854 - Knowledge - INFO - Worker kw11 processing /app/data/T0015/304863/b3936pr/flasky-304863/app/templates/auth/change_password.html
2026-01-14 09:10:00,933 - Knowledge - INFO - Worker kw12 processing /app/data/T0015/304863/b3936pr/flasky-304863/app/templates/post.html
2026-01-14 09:10:01,205 - Knowledge - INFO - Batch sizing: calculated=4, max_allowed=10, queue=13, active_workers=17/19
2026-01-14 09:10:01,299 - Knowledge - INFO - [kw19] Queue=9, InProgress=0, PendingWorkers=17/19, Completed=26/77 (33.8%)
2026-01-14 09:10:01,400 - Knowledge - INFO - knowledge worker kw20 start
2026-01-14 09:10:01,595 - Knowledge - INFO - Fast-tracked /app/data/T0015/304863/b3936pr/flasky-304863/app/templates/mail/new_user.html (ext=.html, size=44)
2026-01-14 09:10:01,687 - Knowledge - INFO - Fast-tracked /app/data/T0015/304863/b3936pr/flasky-304863/app/templates/index.html (ext=.html, size=1051)
2026-01-14 09:10:01,776 - Knowledge - INFO - [kw1] Queue=9, InProgress=0, PendingWorkers=17/20, Completed=26/77 (33.8%)
2026-01-14 09:10:01,889 - Knowledge - INFO - process ingested knowledge for /app/data/T0015/304863/b3936pr/flasky-304863/app/templates/_comments.html
2026-01-14 09:10:02,029 - Knowledge - INFO - Worker kw15 processing /app/data/T0015/304863/b3936pr/flasky-304863/boot.sh
2026-01-14 09:10:02,105 - Knowledge - INFO - Fast-tracked /app/data/T0015/304863/b3936pr/flasky-304863/migrations/versions/198b0eebcf9_caching_of_avatar_hashes.py (ext=.py, size=628)
2026-01-14 09:10:02,226 - Knowledge - INFO - Processing batch of 4 files
2026-01-14 09:10:02,231 - Knowledge - INFO - Worker kw17 processing /app/data/T0015/304863/b3936pr/flasky-304863/migrations/versions/288cd3dc5a8_rich_text_posts.py
2026-01-14 09:10:02,231 - Knowledge - INFO - [WEBSOCKET] Sent: Type=unknown, Size: ?, Duration: 1519ms
2026-01-14 09:10:02,398 - Knowledge - INFO - Fast-tracked /app/data/T0015/304863/b3936pr/flasky-304863/app/templates/auth/change_password.html (ext=.html, size=292)
2026-01-14 09:10:02,527 - Knowledge - INFO - Fast-tracked /app/data/T0015/304863/b3936pr/flasky-304863/app/templates/post.html (ext=.html, size=564)
2026-01-14 09:10:02,682 - Knowledge - INFO - Batch sizing: calculated=4, max_allowed=10, queue=9, active_workers=18/20
2026-01-14 09:10:02,775 - Knowledge - INFO - [kw20] Queue=5, InProgress=0, PendingWorkers=18/20, Completed=30/77 (39.0%)
2026-01-14 09:10:02,853 - Knowledge - INFO - Worker kw13 processing /app/data/T0015/304863/b3936pr/flasky-304863/app/templates/404.html
2026-01-14 09:10:02,950 - Knowledge - INFO - Worker kw14 processing /app/data/T0015/304863/b3936pr/flasky-304863/app/templates/_macros.html
2026-01-14 09:10:03,027 - Knowledge - INFO - Batch sizing: calculated=4, max_allowed=10, queue=9, active_workers=18/20
2026-01-14 09:10:03,109 - Knowledge - INFO - process ingested knowledge for /app/data/T0015/304863/b3936pr/flasky-304863/app/templates/500.html
2026-01-14 09:10:03,202 - Knowledge - INFO - Fast-tracked /app/data/T0015/304863/b3936pr/flasky-304863/boot.sh (ext=.sh, size=263)
2026-01-14 09:10:03,319 - Knowledge - INFO - Worker kw16 processing /app/data/T0015/304863/b3936pr/flasky-304863/migrations/versions/1b966e7f4b9e_post_model.py
2026-01-14 09:10:03,414 - Knowledge - INFO - process ingested knowledge for /app/data/T0015/304863/b3936pr/flasky-304863/app/templates/auth/change_email.html
2026-01-14 09:10:03,509 - Knowledge - INFO - Fast-tracked /app/data/T0015/304863/b3936pr/flasky-304863/migrations/versions/288cd3dc5a8_rich_text_posts.py (ext=.py, size=606)
2026-01-14 09:10:03,641 - Knowledge - INFO - Progress: 27.3% | Files: 30/77 | Rate: 1.11 files/sec | Queue: 5
2026-01-14 09:10:03,652 - Knowledge - INFO - [kw4] Queue=5, InProgress=0, PendingWorkers=18/20, Completed=30/77 (39.0%)
2026-01-14 09:10:03,657 - Knowledge - INFO - [kw5] Queue=5, InProgress=0, PendingWorkers=18/20, Completed=30/77 (39.0%)
2026-01-14 09:10:03,664 - Knowledge - INFO - Processing batch of 4 files
2026-01-14 09:10:03,664 - Knowledge - INFO - done ingest for /app/data/T0015/304863/b3936pr/flasky-304863/app/main/views.py
2026-01-14 09:10:03,665 - Knowledge - INFO - Worker kw18 processing /app/data/T0015/304863/b3936pr/flasky-304863/migrations/versions/38c4e85512a9_initial_migration.py
2026-01-14 09:10:03,710 - Knowledge - INFO - Processing batch of 4 files
2026-01-14 09:10:03,735 - Knowledge - INFO - Processing batch of 4 files
2026-01-14 09:10:03,825 - Knowledge - INFO - Fast-tracked /app/data/T0015/304863/b3936pr/flasky-304863/app/templates/base.html (small file (2893 bytes))
2026-01-14 09:10:03,937 - Knowledge - INFO - Worker kw19 processing /app/data/T0015/304863/b3936pr/flasky-304863/tests/test_selenium.py
2026-01-14 09:10:04,009 - Knowledge - INFO - Batch sizing: calculated=4, max_allowed=10, queue=5, active_workers=19/20
2026-01-14 09:10:04,128 - Knowledge - INFO - Fast-tracked /app/data/T0015/304863/b3936pr/flasky-304863/app/templates/404.html (ext=.html, size=179)
2026-01-14 09:10:04,212 - Knowledge - INFO - Fast-tracked /app/data/T0015/304863/b3936pr/flasky-304863/app/templates/_macros.html (ext=.html, size=1163)
2026-01-14 09:10:04,290 - Knowledge - INFO - Async storing batch of 4 embeddings
2026-01-14 09:10:04,372 - Knowledge - INFO - process ingested knowledge for /app/data/T0015/304863/b3936pr/flasky-304863/app/templates/moderate.html
2026-01-14 09:10:04,449 - Knowledge - INFO - Worker kw15 processing /app/data/T0015/304863/b3936pr/flasky-304863/migrations/env.py
2026-01-14 09:10:04,550 - Knowledge - INFO - Fast-tracked /app/data/T0015/304863/b3936pr/flasky-304863/migrations/versions/1b966e7f4b9e_post_model.py (ext=.py, size=983)
2026-01-14 09:10:04,641 - Knowledge - INFO - process ingested knowledge for /app/data/T0015/304863/b3936pr/flasky-304863/app/templates/auth/email/change_email.html
2026-01-14 09:10:04,722 - Knowledge - INFO - Worker kw17 processing /app/data/T0015/304863/b3936pr/flasky-304863/migrations/versions/2356a38169ea_followers.py
2026-01-14 09:10:04,936 - Knowledge - INFO - Batch sizing: calculated=4, max_allowed=10, queue=5, active_workers=18/20
2026-01-14 09:10:05,068 - Knowledge - INFO - Batch sizing: calculated=4, max_allowed=10, queue=5, active_workers=18/20
2026-01-14 09:10:05,194 - Knowledge - INFO - process ingested knowledge for /app/data/T0015/304863/b3936pr/flasky-304863/app/templates/auth/email/confirm.html
2026-01-14 09:10:05,475 - Knowledge - INFO - Fast-tracked /app/data/T0015/304863/b3936pr/flasky-304863/migrations/versions/38c4e85512a9_initial_migration.py (ext=.py, size=1163)
2026-01-14 09:10:05,593 - Knowledge - INFO - process ingested knowledge for /app/data/T0015/304863/b3936pr/flasky-304863/app/auth/forms.py
2026-01-14 09:10:05,720 - Knowledge - INFO - process ingested knowledge for /app/data/T0015/304863/b3936pr/flasky-304863/app/templates/auth/register.html
2026-01-14 09:10:05,785 - Knowledge - INFO - Processing batch of 4 files
2026-01-14 09:10:05,944 - Knowledge - INFO - Processing batch of 4 files
2026-01-14 09:10:06,038 - Knowledge - INFO - Fast-tracked /app/data/T0015/304863/b3936pr/flasky-304863/tests/test_selenium.py (ext=.py, size=3228)
2026-01-14 09:10:06,148 - Knowledge - INFO - [WEBSOCKET] Sent: Type=progress_update, Size: 270, Duration: 0ms
2026-01-14 09:10:06,344 - Knowledge - INFO - Worker kw14 processing /app/data/T0015/304863/b3936pr/flasky-304863/app/email.py
2026-01-14 09:10:06,503 - Knowledge - INFO - Worker kw1 processing /app/data/T0015/304863/b3936pr/flasky-304863/docker-compose.yml
2026-01-14 09:10:06,590 - Knowledge - INFO - process ingested knowledge for /app/data/T0015/304863/b3936pr/flasky-304863/app/templates/user.html
2026-01-14 09:10:06,722 - Knowledge - INFO - Worker kw15 processing /app/data/T0015/304863/b3936pr/flasky-304863/migrations/versions/456a945560f6_login_support.py
2026-01-14 09:10:06,804 - Knowledge - INFO - Worker kw16 processing /app/data/T0015/304863/b3936pr/flasky-304863/migrations/versions/51f5ccfba190_comments.py
2026-01-14 09:10:06,955 - Knowledge - INFO - process ingested knowledge for /app/data/T0015/304863/b3936pr/flasky-304863/app/templates/auth/email/reset_password.html
2026-01-14 09:10:07,076 - Knowledge - INFO - Fast-tracked /app/data/T0015/304863/b3936pr/flasky-304863/migrations/versions/2356a38169ea_followers.py (ext=.py, size=908)
2026-01-14 09:10:07,391 - Knowledge - INFO - process ingested knowledge for /app/data/T0015/304863/b3936pr/flasky-304863/app/templates/auth/email/reset_password.txt
2026-01-14 09:10:07,465 - Knowledge - INFO - Worker kw18 processing /app/data/T0015/304863/b3936pr/flasky-304863/migrations/alembic.ini
2026-01-14 09:10:07,544 - Knowledge - INFO - process ingested knowledge for /app/data/T0015/304863/b3936pr/flasky-304863/app/auth/views.py
2026-01-14 09:10:07,665 - Knowledge - INFO - process ingested knowledge for /app/data/T0015/304863/b3936pr/flasky-304863/app/templates/auth/login.html
2026-01-14 09:10:07,745 - Knowledge - INFO - process ingested knowledge for /app/data/T0015/304863/b3936pr/flasky-304863/app/main/errors.py
2026-01-14 09:10:07,860 - Knowledge - INFO - process ingested knowledge for /app/data/T0015/304863/b3936pr/flasky-304863/app/templates/403.html
2026-01-14 09:10:07,941 - Knowledge - INFO - Worker kw19 processing /app/data/T0015/304863/b3936pr/flasky-304863/tests/test_user_model.py
2026-01-14 09:10:08,081 - Knowledge - INFO - Processing batch of 4 files
2026-01-14 09:10:08,091 - Knowledge - INFO - [WEBSOCKET] Sent: Type=unknown, Size: ?, Duration: 1943ms
2026-01-14 09:10:08,190 - Knowledge - INFO - Fast-tracked /app/data/T0015/304863/b3936pr/flasky-304863/app/email.py (ext=.py, size=669)
2026-01-14 09:10:08,282 - Knowledge - INFO - Fast-tracked /app/data/T0015/304863/b3936pr/flasky-304863/docker-compose.yml (ext=.yml, size=240)
2026-01-14 09:10:08,503 - Knowledge - INFO - Fast-tracked /app/data/T0015/304863/b3936pr/flasky-304863/migrations/versions/456a945560f6_login_support.py (ext=.py, size=863)
2026-01-14 09:10:08,591 - Knowledge - INFO - Fast-tracked /app/data/T0015/304863/b3936pr/flasky-304863/migrations/versions/51f5ccfba190_comments.py (ext=.py, size=1224)
2026-01-14 09:10:08,681 - Knowledge - INFO - process ingested knowledge for /app/data/T0015/304863/b3936pr/flasky-304863/app/templates/auth/email/confirm.txt
2026-01-14 09:10:08,763 - Knowledge - INFO - Worker kw17 processing /app/data/T0015/304863/b3936pr/flasky-304863/migrations/versions/56ed7d33de8d_user_roles.py
2026-01-14 09:10:08,866 - Knowledge - INFO - process ingested knowledge for /app/data/T0015/304863/b3936pr/flasky-304863/app/templates/auth/email/change_email.txt
2026-01-14 09:10:08,968 - Knowledge - INFO - Fast-tracked /app/data/T0015/304863/b3936pr/flasky-304863/migrations/alembic.ini (ext=.ini, size=770)
2026-01-14 09:10:09,052 - Knowledge - INFO - process ingested knowledge for /app/data/T0015/304863/b3936pr/flasky-304863/app/auth/__init__.py
2026-01-14 09:10:09,136 - Knowledge - INFO - process ingested knowledge for /app/data/T0015/304863/b3936pr/flasky-304863/app/templates/auth/unconfirmed.html
2026-01-14 09:10:09,216 - Knowledge - INFO - process ingested knowledge for /app/data/T0015/304863/b3936pr/flasky-304863/app/main/forms.py
2026-01-14 09:10:09,343 - Knowledge - INFO - process ingested knowledge for /app/data/T0015/304863/b3936pr/flasky-304863/app/templates/base.html
2026-01-14 09:10:09,471 - Knowledge - INFO - Fast-tracked /app/data/T0015/304863/b3936pr/flasky-304863/tests/test_user_model.py (ext=.py, size=8222)
2026-01-14 09:10:09,570 - Knowledge - INFO - process ingested knowledge for /app/data/T0015/304863/b3936pr/flasky-304863/app/templates/edit_profile.html
2026-01-14 09:10:09,660 - Knowledge - INFO - Progress: 57.1% | Files: 48/77 | Rate: 1.48 files/sec | Queue: 0
2026-01-14 09:10:09,661 - Knowledge - INFO - [LLM_CALL] Completed: models.py:chunk1, Duration: 13451ms, PromptTokens: 6346, CompletionTokens: 1364, Cost: $0.00118
2026-01-14 09:10:09,841 - Knowledge - INFO - Async storage completed for 4 embeddings
2026-01-14 09:10:10,011 - Knowledge - INFO - Worker kw16 processing /app/data/T0015/304863/b3936pr/flasky-304863/migrations/versions/190163627111_account_confirmation.py
2026-01-14 09:10:10,209 - Knowledge - INFO - Fast-tracked /app/data/T0015/304863/b3936pr/flasky-304863/migrations/versions/56ed7d33de8d_user_roles.py (ext=.py, size=850)
2026-01-14 09:10:10,367 - Knowledge - INFO - process ingested knowledge for /app/data/T0015/304863/b3936pr/flasky-304863/app/templates/auth/reset_password.html
2026-01-14 09:10:10,403 - Knowledge - INFO - Worker kw18 processing /app/data/T0015/304863/b3936pr/flasky-304863/README.md
2026-01-14 09:10:10,502 - Knowledge - INFO - process ingested knowledge for /app/data/T0015/304863/b3936pr/flasky-304863/app/api/posts.py
2026-01-14 09:10:10,590 - Knowledge - INFO - process ingested knowledge for /app/data/T0015/304863/b3936pr/flasky-304863/app/templates/auth/change_password.html
2026-01-14 09:10:10,668 - Knowledge - INFO - process ingested knowledge for /app/data/T0015/304863/b3936pr/flasky-304863/app/main/views.py
2026-01-14 09:10:10,748 - Knowledge - INFO - process ingested knowledge for /app/data/T0015/304863/b3936pr/flasky-304863/app/templates/edit_post.html
2026-01-14 09:10:10,833 - Knowledge - INFO - Worker kw19 processing /app/data/T0015/304863/b3936pr/flasky-304863/tests/test_client.py
2026-01-14 09:10:10,924 - Knowledge - INFO - process ingested knowledge for /app/data/T0015/304863/b3936pr/flasky-304863/app/templates/mail/new_user.txt
2026-01-14 09:10:11,106 - Knowledge - INFO - done ingest for /app/data/T0015/304863/b3936pr/flasky-304863/app/models.py
2026-01-14 09:10:11,110 - Knowledge - INFO - [WEBSOCKET] Sent: Type=progress_update, Size: 270, Duration: 0ms
2026-01-14 09:10:11,296 - Knowledge - INFO - Fast-tracked /app/data/T0015/304863/b3936pr/flasky-304863/migrations/versions/190163627111_account_confirmation.py (ext=.py, size=616)
2026-01-14 09:10:11,386 - Knowledge - INFO - Worker kw17 processing /app/data/T0015/304863/b3936pr/flasky-304863/migrations/versions/d66f086b258_user_information.py
2026-01-14 09:10:11,543 - Knowledge - INFO - Fast-tracked /app/data/T0015/304863/b3936pr/flasky-304863/README.md (ext=.md, size=693)
2026-01-14 09:10:11,924 - Knowledge - INFO - process ingested knowledge for /app/data/T0015/304863/b3936pr/flasky-304863/app/templates/post.html
2026-01-14 09:10:11,927 - Knowledge - INFO - Fast-tracked /app/data/T0015/304863/b3936pr/flasky-304863/migrations/env.py (small file (2158 bytes))
2026-01-14 09:10:12,017 - Knowledge - INFO - Fast-tracked /app/data/T0015/304863/b3936pr/flasky-304863/tests/test_client.py (ext=.py, size=2266)
2026-01-14 09:10:12,073 - Knowledge - INFO - process ingested knowledge for /app/data/T0015/304863/b3936pr/flasky-304863/app/main/__init__.py
2026-01-14 09:10:12,307 - Knowledge - INFO - process ingested knowledge for /app/data/T0015/304863/b3936pr/flasky-304863/app/templates/mail/new_user.html
2026-01-14 09:10:12,336 - Knowledge - INFO - Processing batch of 4 files
2026-01-14 09:10:12,339 - Knowledge - INFO - Processing batch of 1 files
2026-01-14 09:10:12,340 - Knowledge - INFO - [WEBSOCKET] Sent: Type=unknown, Size: ?, Duration: 1230ms
2026-01-14 09:10:12,532 - Knowledge - INFO - Fast-tracked /app/data/T0015/304863/b3936pr/flasky-304863/migrations/versions/d66f086b258_user_information.py (ext=.py, size=1101)
2026-01-14 09:10:12,628 - Knowledge - INFO - Worker kw18 processing /app/data/T0015/304863/b3936pr/flasky-304863/tests/test_api.py
2026-01-14 09:10:12,933 - Knowledge - INFO - Worker kw19 processing /app/data/T0015/304863/b3936pr/flasky-304863/tests/test_basics.py
2026-01-14 09:10:13,104 - Knowledge - INFO - process ingested knowledge for /app/data/T0015/304863/b3936pr/flasky-304863/app/templates/404.html
2026-01-14 09:10:13,214 - Knowledge - INFO - process ingested knowledge for /app/data/T0015/304863/b3936pr/flasky-304863/app/templates/_posts.html
2026-01-14 09:10:13,307 - Knowledge - INFO - process ingested knowledge for /app/data/T0015/304863/b3936pr/flasky-304863/docker-compose.yml
2026-01-14 09:10:13,422 - Knowledge - INFO - Progress: 67.5% | Files: 55/77 | Rate: 1.47 files/sec | Queue: 0
2026-01-14 09:10:13,474 - Knowledge - INFO - Processing batch of 4 files
2026-01-14 09:10:13,490 - Knowledge - INFO - Processing batch of 4 files
2026-01-14 09:10:13,601 - Knowledge - INFO - Processing batch of 4 files
2026-01-14 09:10:13,661 - Knowledge - INFO - Fast-tracked /app/data/T0015/304863/b3936pr/flasky-304863/tests/test_api.py (ext=.py, size=10644)
2026-01-14 09:10:13,753 - Knowledge - INFO - Fast-tracked /app/data/T0015/304863/b3936pr/flasky-304863/tests/test_basics.py (ext=.py, size=563)
2026-01-14 09:10:13,949 - Knowledge - INFO - process ingested knowledge for /app/data/T0015/304863/b3936pr/flasky-304863/app/templates/index.html
2026-01-14 09:10:14,205 - Knowledge - INFO - [WEBSOCKET] Sent: Type=progress_update, Size: 269, Duration: 0ms
2026-01-14 09:10:14,246 - Knowledge - INFO - process ingested knowledge for /app/data/T0015/304863/b3936pr/flasky-304863/app/decorators.py
2026-01-14 09:10:14,328 - Knowledge - INFO - process ingested knowledge for /app/data/T0015/304863/b3936pr/flasky-304863/migrations/versions/198b0eebcf9_caching_of_avatar_hashes.py
2026-01-14 09:10:14,419 - Knowledge - INFO - process ingested knowledge for /app/data/T0015/304863/b3936pr/flasky-304863/migrations/versions/288cd3dc5a8_rich_text_posts.py
2026-01-14 09:10:14,658 - Knowledge - INFO - process ingested knowledge for /app/data/T0015/304863/b3936pr/flasky-304863/app/templates/_macros.html
2026-01-14 09:10:14,759 - Knowledge - INFO - [WEBSOCKET] Sent: Type=unknown, Size: ?, Duration: 554ms
2026-01-14 09:10:14,865 - Knowledge - INFO - process ingested knowledge for /app/data/T0015/304863/b3936pr/flasky-304863/app/models.py
2026-01-14 09:10:14,947 - Knowledge - INFO - process ingested knowledge for /app/data/T0015/304863/b3936pr/flasky-304863/migrations/versions/1b966e7f4b9e_post_model.py
2026-01-14 09:10:15,037 - Knowledge - INFO - process ingested knowledge for /app/data/T0015/304863/b3936pr/flasky-304863/migrations/versions/2356a38169ea_followers.py
2026-01-14 09:10:15,124 - Knowledge - INFO - process ingested knowledge for /app/data/T0015/304863/b3936pr/flasky-304863/app/email.py
2026-01-14 09:10:15,188 - Knowledge - INFO - Progress: 84.4% | Files: 67/77 | Rate: 1.66 files/sec | Queue: 0
2026-01-14 09:10:15,203 - Knowledge - INFO - Processing batch of 4 files
2026-01-14 09:10:15,215 - Knowledge - INFO - Processing batch of 4 files
2026-01-14 09:10:15,269 - Knowledge - INFO - process ingested knowledge for /app/data/T0015/304863/b3936pr/flasky-304863/app/__init__.py
2026-01-14 09:10:15,350 - Knowledge - INFO - process ingested knowledge for /app/data/T0015/304863/b3936pr/flasky-304863/migrations/versions/51f5ccfba190_comments.py
2026-01-14 09:10:15,477 - Knowledge - INFO - process ingested knowledge for /app/data/T0015/304863/b3936pr/flasky-304863/migrations/versions/56ed7d33de8d_user_roles.py
2026-01-14 09:10:15,735 - Knowledge - INFO - process ingested knowledge for /app/data/T0015/304863/b3936pr/flasky-304863/migrations/versions/38c4e85512a9_initial_migration.py
2026-01-14 09:10:15,826 - Knowledge - INFO - process ingested knowledge for /app/data/T0015/304863/b3936pr/flasky-304863/tests/test_selenium.py
2026-01-14 09:10:15,925 - Knowledge - INFO - process ingested knowledge for /app/data/T0015/304863/b3936pr/flasky-304863/app/templates/followers.html
2026-01-14 09:10:16,020 - Knowledge - INFO - process ingested knowledge for /app/data/T0015/304863/b3936pr/flasky-304863/migrations/versions/190163627111_account_confirmation.py
2026-01-14 09:10:16,115 - Knowledge - INFO - process ingested knowledge for /app/data/T0015/304863/b3936pr/flasky-304863/migrations/versions/d66f086b258_user_information.py
2026-01-14 09:10:16,194 - Knowledge - INFO - process ingested knowledge for /app/data/T0015/304863/b3936pr/flasky-304863/migrations/alembic.ini
2026-01-14 09:10:16,314 - Knowledge - INFO - process ingested knowledge for /app/data/T0015/304863/b3936pr/flasky-304863/tests/test_user_model.py
2026-01-14 09:10:16,721 - Knowledge - INFO - process ingested knowledge for /app/data/T0015/304863/b3936pr/flasky-304863/README.md
2026-01-14 09:10:16,867 - Knowledge - INFO - process ingested knowledge for /app/data/T0015/304863/b3936pr/flasky-304863/tests/test_client.py
2026-01-14 09:10:17,042 - Knowledge - INFO - process ingested knowledge for /app/data/T0015/304863/b3936pr/flasky-304863/tests/test_api.py
2026-01-14 09:10:17,059 - Knowledge - INFO - process ingested knowledge for /app/data/T0015/304863/b3936pr/flasky-304863/tests/test_basics.py
2026-01-14 09:10:17,307 - Knowledge - INFO - [WEBSOCKET] Sent: Type=progress_update, Size: 270, Duration: 0ms
2026-01-14 09:10:17,538 - Knowledge - INFO - [WEBSOCKET] Sent: Type=unknown, Size: ?, Duration: 231ms
2026-01-14 09:10:17,696 - Knowledge - INFO - Progress: 94.8% | Files: 73/77 | Rate: 1.68 files/sec | Queue: 0
2026-01-14 09:10:17,878 - Knowledge - INFO - [LLM_CALL] Completed: config.py:chunk1, Duration: 6769ms, PromptTokens: 2612, CompletionTokens: 566, Cost: $0.00049
2026-01-14 09:10:18,057 - Knowledge - INFO - done ingest for /app/data/T0015/304863/b3936pr/flasky-304863/config.py
2026-01-14 09:10:18,233 - Knowledge - INFO - Processing batch of 4 files
2026-01-14 09:10:18,411 - Knowledge - INFO - process ingested knowledge for /app/data/T0015/304863/b3936pr/flasky-304863/config.py
2026-01-14 09:10:18,608 - Knowledge - INFO - process ingested knowledge for /app/data/T0015/304863/b3936pr/flasky-304863/boot.sh
2026-01-14 09:10:18,776 - Knowledge - INFO - process ingested knowledge for /app/data/T0015/304863/b3936pr/flasky-304863/migrations/env.py
2026-01-14 09:10:18,930 - Knowledge - INFO - process ingested knowledge for /app/data/T0015/304863/b3936pr/flasky-304863/migrations/versions/456a945560f6_login_support.py
2026-01-14 09:10:19,444 - Knowledge - INFO - Knowledge creation complete
2026-01-14 09:10:19,621 - Knowledge - INFO - ==================================================
2026-01-14 09:10:19,800 - Knowledge - INFO - KNOWLEDGE GRAPH GENERATION PERFORMANCE SUMMARY
2026-01-14 09:10:19,995 - Knowledge - INFO - ==================================================
2026-01-14 09:10:20,213 - Knowledge - INFO - Total processing time: 45.82 seconds (0.76 minutes)
2026-01-14 09:10:20,408 - Knowledge - INFO - Files processed: 0
2026-01-14 09:10:20,601 - Knowledge - INFO - Processing rate: 0.00 files/second
2026-01-14 09:10:20,783 - Knowledge - INFO - 
[TIME_BREAKDOWN]
2026-01-14 09:10:20,936 - Knowledge - INFO - File Reading: 0.00s (0.0%)
2026-01-14 09:10:21,305 - Knowledge - INFO - LLM Processing: 23.25s (50.7%)
2026-01-14 09:10:21,463 - Knowledge - INFO - MongoDB Operations: 0.00s (0.0%)
2026-01-14 09:10:21,619 - Knowledge - INFO - Redis Operations: 0.00s (0.0%)
2026-01-14 09:10:21,839 - Knowledge - INFO - WebSocket Communication: 8.33s (18.2%)
2026-01-14 09:10:21,996 - Knowledge - INFO - Other Overhead: 14.23s (31.1%)
2026-01-14 09:10:22,185 - Knowledge - INFO - 
[LLM_STATS]
2026-01-14 09:10:22,367 - Knowledge - INFO - Total LLM calls: 3
2026-01-14 09:10:22,564 - Knowledge - INFO - Average LLM response time: 7750ms
2026-01-14 09:10:22,773 - Knowledge - INFO - Average prompt tokens: 4048.0
2026-01-14 09:10:22,924 - Knowledge - INFO - Average completion tokens: 905.0
2026-01-14 09:10:23,099 - Knowledge - INFO - Total prompt tokens: 12144
2026-01-14 09:10:23,247 - Knowledge - INFO - Total completion tokens: 2715
2026-01-14 09:10:23,474 - Knowledge - INFO - Total LLM cost: $0.0023
2026-01-14 09:10:23,693 - Knowledge - INFO - 
[DATABASE_STATS]
2026-01-14 09:10:23,852 - Knowledge - INFO - MongoDB operations: 0
2026-01-14 09:10:24,057 - Knowledge - INFO - Redis operations: 0
2026-01-14 09:10:24,263 - Knowledge - INFO - 
[COMMUNICATION_STATS]
2026-01-14 09:10:24,410 - Knowledge - INFO - WebSocket messages sent: 13
2026-01-14 09:10:24,592 - Knowledge - INFO - Average message size: 139.5 bytes
2026-01-14 09:10:24,747 - Knowledge - INFO - 
[WORKER_STATS]
2026-01-14 09:10:24,966 - Knowledge - INFO - 
[FILE_TYPE_STATS]
2026-01-14 09:10:25,129 - Knowledge - INFO - 
[SLOWEST_FILES]
2026-01-14 09:10:25,296 - Knowledge - INFO - ==================================================
2026-01-14 09:10:25,466 - Knowledge - INFO - ==================================================
2026-01-14 09:10:25,626 - Knowledge - INFO - KNOWLEDGE GRAPH GENERATION PERFORMANCE SUMMARY
2026-01-14 09:10:25,808 - Knowledge - INFO - ==================================================
2026-01-14 09:10:26,022 - Knowledge - INFO - Total processing time: 51.74 seconds (0.86 minutes)
2026-01-14 09:10:26,265 - Knowledge - INFO - Files processed: 77 of 77
2026-01-14 09:10:26,444 - Knowledge - INFO - Processing rate: 1.49 files/second
2026-01-14 09:10:26,634 - Knowledge - INFO - WebSocket messages sent: 6
2026-01-14 09:10:26,813 - Knowledge - INFO - MongoDB operations: 77
2026-01-14 09:10:26,969 - Knowledge - INFO - Average MongoDB ops per file: 1.00
2026-01-14 09:10:27,152 - Knowledge - INFO - LLM costs: $0.0032
2026-01-14 09:10:27,339 - Knowledge - INFO - Prompt tokens: 17306
2026-01-14 09:10:27,562 - Knowledge - INFO - Completion tokens: 3625
2026-01-14 09:10:27,825 - Knowledge - INFO - Updating org costs, total cost: 0.0031805999999999996
2026-01-14 09:10:29,096 - Knowledge - INFO - [WEBSOCKET] Sent: Type=progress_update, Size: 268, Duration: 0ms
2026-01-14 09:10:29,245 - Knowledge - INFO - Saving knowledge to Redis...
2026-01-14 09:10:29,531 - Knowledge - INFO - Knowledge saved to Redis successfully
2026-01-14 20:19:56,633 - Knowledge - INFO - Created shared MongoDB connection pool
2026-01-14 20:19:56,978 - Knowledge - INFO - Starting Knowledge Graph processing with 20 threads
2026-01-14 20:19:57,207 - Knowledge - INFO - Initial configuration: chunk_size=65536, max_cache_size=500
2026-01-14 20:19:57,413 - Knowledge - INFO - Knowledge Graph concurrency configuration: workers=20, max_batch_size=10, max_concurrent_llm_calls=50
2026-01-15 08:45:43,176 - Knowledge - INFO - Created shared MongoDB connection pool
2026-01-15 08:45:43,523 - Knowledge - INFO - Starting Knowledge Graph processing with 20 threads
2026-01-15 08:45:43,700 - Knowledge - INFO - Initial configuration: chunk_size=65536, max_cache_size=500
2026-01-15 08:45:43,856 - Knowledge - INFO - Knowledge Graph concurrency configuration: workers=20, max_batch_size=10, max_concurrent_llm_calls=50
2026-01-15 08:48:09,192 - Knowledge - INFO - Created shared MongoDB connection pool
2026-01-15 08:48:09,473 - Knowledge - INFO - Starting Knowledge Graph processing with 20 threads
2026-01-15 08:48:09,637 - Knowledge - INFO - Initial configuration: chunk_size=65536, max_cache_size=500
2026-01-15 08:48:09,789 - Knowledge - INFO - Knowledge Graph concurrency configuration: workers=20, max_batch_size=10, max_concurrent_llm_calls=50
2026-01-15 08:48:10,977 - Knowledge - INFO - 🔍 _load_persisted_knowledge called - checking for Redis optimization
2026-01-15 08:48:11,182 - Knowledge - WARNING - ❌ load_from_redis method not found - Redis support not attached
2026-01-15 08:48:11,325 - Knowledge - INFO - load persisted knowledge: begin
2026-01-15 08:48:12,436 - Knowledge - INFO - Persisted knowledge files in /app/data/T0015/304863/b3936pr/flasky-304863/.knowledge have been renamed to use .json
2026-01-15 08:48:12,601 - Knowledge - INFO - Found code-base-name: https://github.com/kavia-common/flasky-304863.git:kavia-master
2026-01-15 08:48:12,818 - Knowledge - INFO - Found code_base: <app.utils.kg_build.knowledge.KnowledgeCodeBase object at 0x7fbb099409d0>
2026-01-15 08:48:13,006 - Knowledge - INFO - process ingested knowledge for /app/data/T0015/304863/b3936pr/flasky-304863/requirements/dev.txt
2026-01-15 08:48:13,175 - Knowledge - INFO - Found code-base-name: https://github.com/kavia-common/flasky-304863.git:kavia-master
2026-01-15 08:48:13,327 - Knowledge - INFO - Found code_base: <app.utils.kg_build.knowledge.KnowledgeCodeBase object at 0x7fbb099409d0>
2026-01-15 08:48:13,520 - Knowledge - INFO - process ingested knowledge for /app/data/T0015/304863/b3936pr/flasky-304863/app/api/authentication.py
2026-01-15 08:48:13,692 - Knowledge - INFO - Found code-base-name: https://github.com/kavia-common/flasky-304863.git:kavia-master
2026-01-15 08:48:13,883 - Knowledge - INFO - Found code_base: <app.utils.kg_build.knowledge.KnowledgeCodeBase object at 0x7fbb099409d0>
2026-01-15 08:48:14,055 - Knowledge - INFO - process ingested knowledge for /app/data/T0015/304863/b3936pr/flasky-304863/app/templates/user.html
2026-01-15 08:48:14,239 - Knowledge - INFO - Found code-base-name: https://github.com/kavia-common/flasky-304863.git:kavia-master
2026-01-15 08:48:14,419 - Knowledge - INFO - Found code_base: <app.utils.kg_build.knowledge.KnowledgeCodeBase object at 0x7fbb099409d0>
2026-01-15 08:48:14,624 - Knowledge - INFO - process ingested knowledge for /app/data/T0015/304863/b3936pr/flasky-304863/app/api/__init__.py
2026-01-15 08:48:14,823 - Knowledge - INFO - Found code-base-name: https://github.com/kavia-common/flasky-304863.git:kavia-master
2026-01-15 08:48:15,044 - Knowledge - INFO - Found code_base: <app.utils.kg_build.knowledge.KnowledgeCodeBase object at 0x7fbb099409d0>
2026-01-15 08:48:15,247 - Knowledge - INFO - process ingested knowledge for /app/data/T0015/304863/b3936pr/flasky-304863/app/main/errors.py
2026-01-15 08:48:15,442 - Knowledge - INFO - Found code-base-name: https://github.com/kavia-common/flasky-304863.git:kavia-master
2026-01-15 08:48:15,627 - Knowledge - INFO - Found code_base: <app.utils.kg_build.knowledge.KnowledgeCodeBase object at 0x7fbb099409d0>
2026-01-15 08:48:15,811 - Knowledge - INFO - process ingested knowledge for /app/data/T0015/304863/b3936pr/flasky-304863/app/templates/403.html
2026-01-15 08:48:16,013 - Knowledge - INFO - Found code-base-name: https://github.com/kavia-common/flasky-304863.git:kavia-master
2026-01-15 08:48:16,193 - Knowledge - INFO - Found code_base: <app.utils.kg_build.knowledge.KnowledgeCodeBase object at 0x7fbb099409d0>
2026-01-15 08:48:16,349 - Knowledge - INFO - process ingested knowledge for /app/data/T0015/304863/b3936pr/flasky-304863/app/auth/__init__.py
2026-01-15 08:48:16,511 - Knowledge - INFO - Found code-base-name: https://github.com/kavia-common/flasky-304863.git:kavia-master
2026-01-15 08:48:16,730 - Knowledge - INFO - Found code_base: <app.utils.kg_build.knowledge.KnowledgeCodeBase object at 0x7fbb099409d0>
2026-01-15 08:48:16,875 - Knowledge - INFO - process ingested knowledge for /app/data/T0015/304863/b3936pr/flasky-304863/migrations/versions/456a945560f6_login_support.py
2026-01-15 08:48:17,092 - Knowledge - INFO - Found code-base-name: https://github.com/kavia-common/flasky-304863.git:kavia-master
2026-01-15 08:48:17,278 - Knowledge - INFO - Found code_base: <app.utils.kg_build.knowledge.KnowledgeCodeBase object at 0x7fbb099409d0>
2026-01-15 08:48:17,438 - Knowledge - INFO - process ingested knowledge for /app/data/T0015/304863/b3936pr/flasky-304863/app/templates/edit_post.html
2026-01-15 08:48:17,617 - Knowledge - INFO - Found code-base-name: https://github.com/kavia-common/flasky-304863.git:kavia-master
2026-01-15 08:48:17,800 - Knowledge - INFO - Found code_base: <app.utils.kg_build.knowledge.KnowledgeCodeBase object at 0x7fbb099409d0>
2026-01-15 08:48:17,976 - Knowledge - INFO - process ingested knowledge for /app/data/T0015/304863/b3936pr/flasky-304863/migrations/env.py
2026-01-15 08:48:18,197 - Knowledge - INFO - Found code-base-name: https://github.com/kavia-common/flasky-304863.git:kavia-master
2026-01-15 08:48:18,380 - Knowledge - INFO - Found code_base: <app.utils.kg_build.knowledge.KnowledgeCodeBase object at 0x7fbb099409d0>
2026-01-15 08:48:18,560 - Knowledge - INFO - process ingested knowledge for /app/data/T0015/304863/b3936pr/flasky-304863/app/templates/auth/unconfirmed.html
2026-01-15 08:48:18,742 - Knowledge - INFO - Found code-base-name: https://github.com/kavia-common/flasky-304863.git:kavia-master
2026-01-15 08:48:18,939 - Knowledge - INFO - Found code_base: <app.utils.kg_build.knowledge.KnowledgeCodeBase object at 0x7fbb099409d0>
2026-01-15 08:48:19,113 - Knowledge - INFO - process ingested knowledge for /app/data/T0015/304863/b3936pr/flasky-304863/app/templates/base.html
2026-01-15 08:48:19,289 - Knowledge - INFO - Found code-base-name: https://github.com/kavia-common/flasky-304863.git:kavia-master
2026-01-15 08:48:19,456 - Knowledge - INFO - Found code_base: <app.utils.kg_build.knowledge.KnowledgeCodeBase object at 0x7fbb099409d0>
2026-01-15 08:48:19,640 - Knowledge - INFO - process ingested knowledge for /app/data/T0015/304863/b3936pr/flasky-304863/tests/test_api.py
2026-01-15 08:48:19,843 - Knowledge - INFO - Found code-base-name: https://github.com/kavia-common/flasky-304863.git:kavia-master
2026-01-15 08:48:19,994 - Knowledge - INFO - Found code_base: <app.utils.kg_build.knowledge.KnowledgeCodeBase object at 0x7fbb099409d0>
2026-01-15 08:48:20,173 - Knowledge - INFO - process ingested knowledge for /app/data/T0015/304863/b3936pr/flasky-304863/requirements.txt
2026-01-15 08:48:20,330 - Knowledge - INFO - Found code-base-name: https://github.com/kavia-common/flasky-304863.git:kavia-master
2026-01-15 08:48:20,524 - Knowledge - INFO - Found code_base: <app.utils.kg_build.knowledge.KnowledgeCodeBase object at 0x7fbb099409d0>
2026-01-15 08:48:20,691 - Knowledge - INFO - process ingested knowledge for /app/data/T0015/304863/b3936pr/flasky-304863/app/main/forms.py
2026-01-15 08:48:20,900 - Knowledge - INFO - Found code-base-name: https://github.com/kavia-common/flasky-304863.git:kavia-master
2026-01-15 08:48:21,070 - Knowledge - INFO - Found code_base: <app.utils.kg_build.knowledge.KnowledgeCodeBase object at 0x7fbb099409d0>
2026-01-15 08:48:21,284 - Knowledge - INFO - process ingested knowledge for /app/data/T0015/304863/b3936pr/flasky-304863/app/templates/auth/email/confirm.txt
2026-01-15 08:48:21,469 - Knowledge - INFO - Found code-base-name: https://github.com/kavia-common/flasky-304863.git:kavia-master
2026-01-15 08:48:21,671 - Knowledge - INFO - Found code_base: <app.utils.kg_build.knowledge.KnowledgeCodeBase object at 0x7fbb099409d0>
2026-01-15 08:48:21,856 - Knowledge - INFO - process ingested knowledge for /app/data/T0015/304863/b3936pr/flasky-304863/app/api/users.py
2026-01-15 08:48:22,023 - Knowledge - INFO - Found code-base-name: https://github.com/kavia-common/flasky-304863.git:kavia-master
2026-01-15 08:48:22,221 - Knowledge - INFO - Found code_base: <app.utils.kg_build.knowledge.KnowledgeCodeBase object at 0x7fbb099409d0>
2026-01-15 08:48:22,392 - Knowledge - INFO - process ingested knowledge for /app/data/T0015/304863/b3936pr/flasky-304863/app/templates/moderate.html
2026-01-15 08:48:22,590 - Knowledge - INFO - Found code-base-name: https://github.com/kavia-common/flasky-304863.git:kavia-master
2026-01-15 08:48:22,744 - Knowledge - INFO - Found code_base: <app.utils.kg_build.knowledge.KnowledgeCodeBase object at 0x7fbb099409d0>
2026-01-15 08:48:22,965 - Knowledge - INFO - process ingested knowledge for /app/data/T0015/304863/b3936pr/flasky-304863/app/static/styles.css
2026-01-15 08:48:23,197 - Knowledge - INFO - Found code-base-name: https://github.com/kavia-common/flasky-304863.git:kavia-master
2026-01-15 08:48:23,358 - Knowledge - INFO - Found code_base: <app.utils.kg_build.knowledge.KnowledgeCodeBase object at 0x7fbb099409d0>
2026-01-15 08:48:23,556 - Knowledge - INFO - process ingested knowledge for /app/data/T0015/304863/b3936pr/flasky-304863/app/templates/auth/change_password.html
2026-01-15 08:48:23,787 - Knowledge - INFO - Found code-base-name: https://github.com/kavia-common/flasky-304863.git:kavia-master
2026-01-15 08:48:23,970 - Knowledge - INFO - Found code_base: <app.utils.kg_build.knowledge.KnowledgeCodeBase object at 0x7fbb099409d0>
2026-01-15 08:48:24,167 - Knowledge - INFO - process ingested knowledge for /app/data/T0015/304863/b3936pr/flasky-304863/migrations/versions/51f5ccfba190_comments.py
2026-01-15 08:48:24,366 - Knowledge - INFO - Found code-base-name: https://github.com/kavia-common/flasky-304863.git:kavia-master
2026-01-15 08:48:24,520 - Knowledge - INFO - Found code_base: <app.utils.kg_build.knowledge.KnowledgeCodeBase object at 0x7fbb099409d0>
2026-01-15 08:48:24,680 - Knowledge - INFO - process ingested knowledge for /app/data/T0015/304863/b3936pr/flasky-304863/tests/test_selenium.py
2026-01-15 08:48:24,869 - Knowledge - INFO - Found code-base-name: https://github.com/kavia-common/flasky-304863.git:kavia-master
2026-01-15 08:48:25,021 - Knowledge - INFO - Found code_base: <app.utils.kg_build.knowledge.KnowledgeCodeBase object at 0x7fbb099409d0>
2026-01-15 08:48:25,227 - Knowledge - INFO - process ingested knowledge for /app/data/T0015/304863/b3936pr/flasky-304863/requirements/common.txt
2026-01-15 08:48:25,388 - Knowledge - INFO - Found code-base-name: https://github.com/kavia-common/flasky-304863.git:kavia-master
2026-01-15 08:48:25,543 - Knowledge - INFO - Found code_base: <app.utils.kg_build.knowledge.KnowledgeCodeBase object at 0x7fbb099409d0>
2026-01-15 08:48:25,701 - Knowledge - INFO - process ingested knowledge for /app/data/T0015/304863/b3936pr/flasky-304863/requirements/prod.txt
2026-01-15 08:48:25,870 - Knowledge - INFO - Found code-base-name: https://github.com/kavia-common/flasky-304863.git:kavia-master
2026-01-15 08:48:26,026 - Knowledge - INFO - Found code_base: <app.utils.kg_build.knowledge.KnowledgeCodeBase object at 0x7fbb099409d0>
2026-01-15 08:48:26,196 - Knowledge - INFO - process ingested knowledge for /app/data/T0015/304863/b3936pr/flasky-304863/app/templates/auth/email/change_email.html
2026-01-15 08:48:26,374 - Knowledge - INFO - Found code-base-name: https://github.com/kavia-common/flasky-304863.git:kavia-master
2026-01-15 08:48:26,596 - Knowledge - INFO - Found code_base: <app.utils.kg_build.knowledge.KnowledgeCodeBase object at 0x7fbb099409d0>
2026-01-15 08:48:26,758 - Knowledge - INFO - process ingested knowledge for /app/data/T0015/304863/b3936pr/flasky-304863/app/templates/mail/new_user.txt
2026-01-15 08:48:26,964 - Knowledge - INFO - Found code-base-name: https://github.com/kavia-common/flasky-304863.git:kavia-master
2026-01-15 08:48:27,192 - Knowledge - INFO - Found code_base: <app.utils.kg_build.knowledge.KnowledgeCodeBase object at 0x7fbb099409d0>
2026-01-15 08:48:27,344 - Knowledge - INFO - process ingested knowledge for /app/data/T0015/304863/b3936pr/flasky-304863/app/templates/500.html
2026-01-15 08:48:27,508 - Knowledge - INFO - Found code-base-name: https://github.com/kavia-common/flasky-304863.git:kavia-master
2026-01-15 08:48:27,664 - Knowledge - INFO - Found code_base: <app.utils.kg_build.knowledge.KnowledgeCodeBase object at 0x7fbb099409d0>
2026-01-15 08:48:27,878 - Knowledge - INFO - process ingested knowledge for /app/data/T0015/304863/b3936pr/flasky-304863/app/api/decorators.py
2026-01-15 08:48:28,049 - Knowledge - INFO - Found code-base-name: https://github.com/kavia-common/flasky-304863.git:kavia-master
2026-01-15 08:48:28,213 - Knowledge - INFO - Found code_base: <app.utils.kg_build.knowledge.KnowledgeCodeBase object at 0x7fbb099409d0>
2026-01-15 08:48:28,379 - Knowledge - INFO - process ingested knowledge for /app/data/T0015/304863/b3936pr/flasky-304863/app/templates/_comments.html
2026-01-15 08:48:28,576 - Knowledge - INFO - Found code-base-name: https://github.com/kavia-common/flasky-304863.git:kavia-master
2026-01-15 08:48:28,735 - Knowledge - INFO - Found code_base: <app.utils.kg_build.knowledge.KnowledgeCodeBase object at 0x7fbb099409d0>
2026-01-15 08:48:28,935 - Knowledge - INFO - process ingested knowledge for /app/data/T0015/304863/b3936pr/flasky-304863/app/auth/views.py
2026-01-15 08:48:29,121 - Knowledge - INFO - Found code-base-name: https://github.com/kavia-common/flasky-304863.git:kavia-master
2026-01-15 08:48:29,331 - Knowledge - INFO - Found code_base: <app.utils.kg_build.knowledge.KnowledgeCodeBase object at 0x7fbb099409d0>
2026-01-15 08:48:29,492 - Knowledge - INFO - process ingested knowledge for /app/data/T0015/304863/b3936pr/flasky-304863/migrations/versions/198b0eebcf9_caching_of_avatar_hashes.py
2026-01-15 08:48:29,680 - Knowledge - INFO - Found code-base-name: https://github.com/kavia-common/flasky-304863.git:kavia-master
2026-01-15 08:48:29,851 - Knowledge - INFO - Found code_base: <app.utils.kg_build.knowledge.KnowledgeCodeBase object at 0x7fbb099409d0>
2026-01-15 08:48:30,032 - Knowledge - INFO - process ingested knowledge for /app/data/T0015/304863/b3936pr/flasky-304863/app/api/comments.py
2026-01-15 08:48:30,228 - Knowledge - INFO - Found code-base-name: https://github.com/kavia-common/flasky-304863.git:kavia-master
2026-01-15 08:48:30,371 - Knowledge - INFO - Found code_base: <app.utils.kg_build.knowledge.KnowledgeCodeBase object at 0x7fbb099409d0>
2026-01-15 08:48:30,533 - Knowledge - INFO - process ingested knowledge for /app/data/T0015/304863/b3936pr/flasky-304863/app/templates/followers.html
2026-01-15 08:48:30,753 - Knowledge - INFO - Found code-base-name: https://github.com/kavia-common/flasky-304863.git:kavia-master
2026-01-15 08:48:30,956 - Knowledge - INFO - Found code_base: <app.utils.kg_build.knowledge.KnowledgeCodeBase object at 0x7fbb099409d0>
2026-01-15 08:48:31,159 - Knowledge - INFO - process ingested knowledge for /app/data/T0015/304863/b3936pr/flasky-304863/app/fake.py
2026-01-15 08:48:31,317 - Knowledge - INFO - Found code-base-name: https://github.com/kavia-common/flasky-304863.git:kavia-master
2026-01-15 08:48:31,475 - Knowledge - INFO - Found code_base: <app.utils.kg_build.knowledge.KnowledgeCodeBase object at 0x7fbb099409d0>
2026-01-15 08:48:31,629 - Knowledge - INFO - process ingested knowledge for /app/data/T0015/304863/b3936pr/flasky-304863/migrations/versions/1b966e7f4b9e_post_model.py
2026-01-15 08:48:31,854 - Knowledge - INFO - Found code-base-name: https://github.com/kavia-common/flasky-304863.git:kavia-master
2026-01-15 08:48:32,006 - Knowledge - INFO - Found code_base: <app.utils.kg_build.knowledge.KnowledgeCodeBase object at 0x7fbb099409d0>
2026-01-15 08:48:32,171 - Knowledge - INFO - process ingested knowledge for /app/data/T0015/304863/b3936pr/flasky-304863/app/templates/auth/email/reset_password.html
2026-01-15 08:48:32,376 - Knowledge - INFO - Found code-base-name: https://github.com/kavia-common/flasky-304863.git:kavia-master
2026-01-15 08:48:32,569 - Knowledge - INFO - Found code_base: <app.utils.kg_build.knowledge.KnowledgeCodeBase object at 0x7fbb099409d0>
2026-01-15 08:48:32,776 - Knowledge - INFO - process ingested knowledge for /app/data/T0015/304863/b3936pr/flasky-304863/flasky.py
2026-01-15 08:48:32,964 - Knowledge - INFO - Found code-base-name: https://github.com/kavia-common/flasky-304863.git:kavia-master
2026-01-15 08:48:33,171 - Knowledge - INFO - Found code_base: <app.utils.kg_build.knowledge.KnowledgeCodeBase object at 0x7fbb099409d0>
2026-01-15 08:48:33,334 - Knowledge - INFO - process ingested knowledge for /app/data/T0015/304863/b3936pr/flasky-304863/app/templates/auth/email/change_email.txt
2026-01-15 08:48:33,532 - Knowledge - INFO - Found code-base-name: https://github.com/kavia-common/flasky-304863.git:kavia-master
2026-01-15 08:48:33,730 - Knowledge - INFO - Found code_base: <app.utils.kg_build.knowledge.KnowledgeCodeBase object at 0x7fbb099409d0>
2026-01-15 08:48:33,924 - Knowledge - INFO - process ingested knowledge for /app/data/T0015/304863/b3936pr/flasky-304863/app/exceptions.py
2026-01-15 08:48:34,165 - Knowledge - INFO - Found code-base-name: https://github.com/kavia-common/flasky-304863.git:kavia-master
2026-01-15 08:48:34,322 - Knowledge - INFO - Found code_base: <app.utils.kg_build.knowledge.KnowledgeCodeBase object at 0x7fbb099409d0>
2026-01-15 08:48:34,584 - Knowledge - INFO - process ingested knowledge for /app/data/T0015/304863/b3936pr/flasky-304863/app/templates/index.html
2026-01-15 08:48:34,823 - Knowledge - INFO - Found code-base-name: https://github.com/kavia-common/flasky-304863.git:kavia-master
2026-01-15 08:48:35,012 - Knowledge - INFO - Found code_base: <app.utils.kg_build.knowledge.KnowledgeCodeBase object at 0x7fbb099409d0>
2026-01-15 08:48:35,267 - Knowledge - INFO - process ingested knowledge for /app/data/T0015/304863/b3936pr/flasky-304863/migrations/versions/2356a38169ea_followers.py
2026-01-15 08:48:35,461 - Knowledge - INFO - Found code-base-name: https://github.com/kavia-common/flasky-304863.git:kavia-master
2026-01-15 08:48:35,616 - Knowledge - INFO - Found code_base: <app.utils.kg_build.knowledge.KnowledgeCodeBase object at 0x7fbb099409d0>
2026-01-15 08:48:35,760 - Knowledge - INFO - process ingested knowledge for /app/data/T0015/304863/b3936pr/flasky-304863/app/api/posts.py
2026-01-15 08:48:35,905 - Knowledge - INFO - Found code-base-name: https://github.com/kavia-common/flasky-304863.git:kavia-master
2026-01-15 08:48:36,094 - Knowledge - INFO - Found code_base: <app.utils.kg_build.knowledge.KnowledgeCodeBase object at 0x7fbb099409d0>
2026-01-15 08:48:36,269 - Knowledge - INFO - process ingested knowledge for /app/data/T0015/304863/b3936pr/flasky-304863/app/templates/auth/email/reset_password.txt
2026-01-15 08:48:36,425 - Knowledge - INFO - Found code-base-name: https://github.com/kavia-common/flasky-304863.git:kavia-master
2026-01-15 08:48:36,589 - Knowledge - INFO - Found code_base: <app.utils.kg_build.knowledge.KnowledgeCodeBase object at 0x7fbb099409d0>
2026-01-15 08:48:36,746 - Knowledge - INFO - process ingested knowledge for /app/data/T0015/304863/b3936pr/flasky-304863/app/templates/404.html
2026-01-15 08:48:36,980 - Knowledge - INFO - Found code-base-name: https://github.com/kavia-common/flasky-304863.git:kavia-master
2026-01-15 08:48:37,152 - Knowledge - INFO - Found code_base: <app.utils.kg_build.knowledge.KnowledgeCodeBase object at 0x7fbb099409d0>
2026-01-15 08:48:37,336 - Knowledge - INFO - process ingested knowledge for /app/data/T0015/304863/b3936pr/flasky-304863/app/templates/_posts.html
2026-01-15 08:48:37,508 - Knowledge - INFO - Found code-base-name: https://github.com/kavia-common/flasky-304863.git:kavia-master
2026-01-15 08:48:37,657 - Knowledge - INFO - Found code_base: <app.utils.kg_build.knowledge.KnowledgeCodeBase object at 0x7fbb099409d0>
2026-01-15 08:48:37,810 - Knowledge - INFO - process ingested knowledge for /app/data/T0015/304863/b3936pr/flasky-304863/requirements/docker.txt
2026-01-15 08:48:37,969 - Knowledge - INFO - Found code-base-name: https://github.com/kavia-common/flasky-304863.git:kavia-master
2026-01-15 08:48:38,152 - Knowledge - INFO - Found code_base: <app.utils.kg_build.knowledge.KnowledgeCodeBase object at 0x7fbb099409d0>
2026-01-15 08:48:38,327 - Knowledge - INFO - process ingested knowledge for /app/data/T0015/304863/b3936pr/flasky-304863/app/main/views.py
2026-01-15 08:48:38,527 - Knowledge - INFO - Found code-base-name: https://github.com/kavia-common/flasky-304863.git:kavia-master
2026-01-15 08:48:38,698 - Knowledge - INFO - Found code_base: <app.utils.kg_build.knowledge.KnowledgeCodeBase object at 0x7fbb099409d0>
2026-01-15 08:48:38,880 - Knowledge - INFO - process ingested knowledge for /app/data/T0015/304863/b3936pr/flasky-304863/migrations/versions/190163627111_account_confirmation.py
2026-01-15 08:48:39,104 - Knowledge - INFO - Found code-base-name: https://github.com/kavia-common/flasky-304863.git:kavia-master
2026-01-15 08:48:39,294 - Knowledge - INFO - Found code_base: <app.utils.kg_build.knowledge.KnowledgeCodeBase object at 0x7fbb099409d0>
2026-01-15 08:48:39,459 - Knowledge - INFO - process ingested knowledge for /app/data/T0015/304863/b3936pr/flasky-304863/app/templates/_macros.html
2026-01-15 08:48:39,630 - Knowledge - INFO - Found code-base-name: https://github.com/kavia-common/flasky-304863.git:kavia-master
2026-01-15 08:48:39,785 - Knowledge - INFO - Found code_base: <app.utils.kg_build.knowledge.KnowledgeCodeBase object at 0x7fbb099409d0>
2026-01-15 08:48:39,973 - Knowledge - INFO - process ingested knowledge for /app/data/T0015/304863/b3936pr/flasky-304863/README.md
2026-01-15 08:48:40,142 - Knowledge - INFO - Found code-base-name: https://github.com/kavia-common/flasky-304863.git:kavia-master
2026-01-15 08:48:40,324 - Knowledge - INFO - Found code_base: <app.utils.kg_build.knowledge.KnowledgeCodeBase object at 0x7fbb099409d0>
2026-01-15 08:48:40,486 - Knowledge - INFO - process ingested knowledge for /app/data/T0015/304863/b3936pr/flasky-304863/boot.sh
2026-01-15 08:48:40,678 - Knowledge - INFO - Found code-base-name: https://github.com/kavia-common/flasky-304863.git:kavia-master
2026-01-15 08:48:40,864 - Knowledge - INFO - Found code_base: <app.utils.kg_build.knowledge.KnowledgeCodeBase object at 0x7fbb099409d0>
2026-01-15 08:48:41,027 - Knowledge - INFO - process ingested knowledge for /app/data/T0015/304863/b3936pr/flasky-304863/app/decorators.py
2026-01-15 08:48:41,192 - Knowledge - INFO - Found code-base-name: https://github.com/kavia-common/flasky-304863.git:kavia-master
2026-01-15 08:48:41,356 - Knowledge - INFO - Found code_base: <app.utils.kg_build.knowledge.KnowledgeCodeBase object at 0x7fbb099409d0>
2026-01-15 08:48:41,524 - Knowledge - INFO - process ingested knowledge for /app/data/T0015/304863/b3936pr/flasky-304863/migrations/versions/288cd3dc5a8_rich_text_posts.py
2026-01-15 08:48:41,743 - Knowledge - INFO - Found code-base-name: https://github.com/kavia-common/flasky-304863.git:kavia-master
2026-01-15 08:48:41,909 - Knowledge - INFO - Found code_base: <app.utils.kg_build.knowledge.KnowledgeCodeBase object at 0x7fbb099409d0>
2026-01-15 08:48:42,075 - Knowledge - INFO - process ingested knowledge for /app/data/T0015/304863/b3936pr/flasky-304863/app/api/errors.py
2026-01-15 08:48:42,269 - Knowledge - INFO - Found code-base-name: https://github.com/kavia-common/flasky-304863.git:kavia-master
2026-01-15 08:48:42,464 - Knowledge - INFO - Found code_base: <app.utils.kg_build.knowledge.KnowledgeCodeBase object at 0x7fbb099409d0>
2026-01-15 08:48:42,636 - Knowledge - INFO - process ingested knowledge for /app/data/T0015/304863/b3936pr/flasky-304863/config.py
2026-01-15 08:48:42,804 - Knowledge - INFO - Found code-base-name: https://github.com/kavia-common/flasky-304863.git:kavia-master
2026-01-15 08:48:42,980 - Knowledge - INFO - Found code_base: <app.utils.kg_build.knowledge.KnowledgeCodeBase object at 0x7fbb099409d0>
2026-01-15 08:48:43,163 - Knowledge - INFO - process ingested knowledge for /app/data/T0015/304863/b3936pr/flasky-304863/tests/test_basics.py
2026-01-15 08:48:43,311 - Knowledge - INFO - Found code-base-name: https://github.com/kavia-common/flasky-304863.git:kavia-master
2026-01-15 08:48:43,543 - Knowledge - INFO - Found code_base: <app.utils.kg_build.knowledge.KnowledgeCodeBase object at 0x7fbb099409d0>
2026-01-15 08:48:43,709 - Knowledge - INFO - process ingested knowledge for /app/data/T0015/304863/b3936pr/flasky-304863/migrations/versions/d66f086b258_user_information.py
2026-01-15 08:48:43,881 - Knowledge - INFO - Found code-base-name: https://github.com/kavia-common/flasky-304863.git:kavia-master
2026-01-15 08:48:44,082 - Knowledge - INFO - Found code_base: <app.utils.kg_build.knowledge.KnowledgeCodeBase object at 0x7fbb099409d0>
2026-01-15 08:48:44,286 - Knowledge - INFO - process ingested knowledge for /app/data/T0015/304863/b3936pr/flasky-304863/migrations/versions/38c4e85512a9_initial_migration.py
2026-01-15 08:48:44,460 - Knowledge - INFO - Found code-base-name: https://github.com/kavia-common/flasky-304863.git:kavia-master
2026-01-15 08:48:44,640 - Knowledge - INFO - Found code_base: <app.utils.kg_build.knowledge.KnowledgeCodeBase object at 0x7fbb099409d0>
2026-01-15 08:48:44,825 - Knowledge - INFO - process ingested knowledge for /app/data/T0015/304863/b3936pr/flasky-304863/docker-compose.yml
2026-01-15 08:48:45,065 - Knowledge - INFO - Found code-base-name: https://github.com/kavia-common/flasky-304863.git:kavia-master
2026-01-15 08:48:45,233 - Knowledge - INFO - Found code_base: <app.utils.kg_build.knowledge.KnowledgeCodeBase object at 0x7fbb099409d0>
2026-01-15 08:48:45,401 - Knowledge - INFO - process ingested knowledge for /app/data/T0015/304863/b3936pr/flasky-304863/app/models.py
2026-01-15 08:48:45,558 - Knowledge - INFO - Found code-base-name: https://github.com/kavia-common/flasky-304863.git:kavia-master
2026-01-15 08:48:45,723 - Knowledge - INFO - Found code_base: <app.utils.kg_build.knowledge.KnowledgeCodeBase object at 0x7fbb099409d0>
2026-01-15 08:48:45,909 - Knowledge - INFO - process ingested knowledge for /app/data/T0015/304863/b3936pr/flasky-304863/app/templates/mail/new_user.html
2026-01-15 08:48:46,075 - Knowledge - INFO - Found code-base-name: https://github.com/kavia-common/flasky-304863.git:kavia-master
2026-01-15 08:48:46,229 - Knowledge - INFO - Found code_base: <app.utils.kg_build.knowledge.KnowledgeCodeBase object at 0x7fbb099409d0>
2026-01-15 08:48:46,420 - Knowledge - INFO - process ingested knowledge for /app/data/T0015/304863/b3936pr/flasky-304863/app/templates/auth/login.html
2026-01-15 08:48:46,586 - Knowledge - INFO - Found code-base-name: https://github.com/kavia-common/flasky-304863.git:kavia-master
2026-01-15 08:48:46,732 - Knowledge - INFO - Found code_base: <app.utils.kg_build.knowledge.KnowledgeCodeBase object at 0x7fbb099409d0>
2026-01-15 08:48:46,905 - Knowledge - INFO - process ingested knowledge for /app/data/T0015/304863/b3936pr/flasky-304863/app/main/__init__.py
2026-01-15 08:48:47,077 - Knowledge - INFO - Found code-base-name: https://github.com/kavia-common/flasky-304863.git:kavia-master
2026-01-15 08:48:47,238 - Knowledge - INFO - Found code_base: <app.utils.kg_build.knowledge.KnowledgeCodeBase object at 0x7fbb099409d0>
2026-01-15 08:48:47,430 - Knowledge - INFO - process ingested knowledge for /app/data/T0015/304863/b3936pr/flasky-304863/tests/test_client.py
2026-01-15 08:48:47,598 - Knowledge - INFO - Found code-base-name: https://github.com/kavia-common/flasky-304863.git:kavia-master
2026-01-15 08:48:47,780 - Knowledge - INFO - Found code_base: <app.utils.kg_build.knowledge.KnowledgeCodeBase object at 0x7fbb099409d0>
2026-01-15 08:48:47,980 - Knowledge - INFO - process ingested knowledge for /app/data/T0015/304863/b3936pr/flasky-304863/app/__init__.py
2026-01-15 08:48:48,182 - Knowledge - INFO - Found code-base-name: https://github.com/kavia-common/flasky-304863.git:kavia-master
2026-01-15 08:48:48,340 - Knowledge - INFO - Found code_base: <app.utils.kg_build.knowledge.KnowledgeCodeBase object at 0x7fbb099409d0>
2026-01-15 08:48:48,504 - Knowledge - INFO - process ingested knowledge for /app/data/T0015/304863/b3936pr/flasky-304863/app/templates/auth/email/confirm.html
2026-01-15 08:48:48,673 - Knowledge - INFO - Found code-base-name: https://github.com/kavia-common/flasky-304863.git:kavia-master
2026-01-15 08:48:48,869 - Knowledge - INFO - Found code_base: <app.utils.kg_build.knowledge.KnowledgeCodeBase object at 0x7fbb099409d0>
2026-01-15 08:48:49,042 - Knowledge - INFO - process ingested knowledge for /app/data/T0015/304863/b3936pr/flasky-304863/tests/test_user_model.py
2026-01-15 08:48:49,249 - Knowledge - INFO - Found code-base-name: https://github.com/kavia-common/flasky-304863.git:kavia-master
2026-01-15 08:48:49,424 - Knowledge - INFO - Found code_base: <app.utils.kg_build.knowledge.KnowledgeCodeBase object at 0x7fbb099409d0>
2026-01-15 08:48:49,591 - Knowledge - INFO - process ingested knowledge for /app/data/T0015/304863/b3936pr/flasky-304863/app/templates/edit_profile.html
2026-01-15 08:48:49,755 - Knowledge - INFO - Found code-base-name: https://github.com/kavia-common/flasky-304863.git:kavia-master
2026-01-15 08:48:49,908 - Knowledge - INFO - Found code_base: <app.utils.kg_build.knowledge.KnowledgeCodeBase object at 0x7fbb099409d0>
2026-01-15 08:48:50,104 - Knowledge - INFO - process ingested knowledge for /app/data/T0015/304863/b3936pr/flasky-304863/app/templates/auth/reset_password.html
2026-01-15 08:48:50,292 - Knowledge - INFO - Found code-base-name: https://github.com/kavia-common/flasky-304863.git:kavia-master
2026-01-15 08:48:50,451 - Knowledge - INFO - Found code_base: <app.utils.kg_build.knowledge.KnowledgeCodeBase object at 0x7fbb099409d0>
2026-01-15 08:48:50,612 - Knowledge - INFO - process ingested knowledge for /app/data/T0015/304863/b3936pr/flasky-304863/app/templates/auth/register.html
2026-01-15 08:48:50,813 - Knowledge - INFO - Found code-base-name: https://github.com/kavia-common/flasky-304863.git:kavia-master
2026-01-15 08:48:51,019 - Knowledge - INFO - Found code_base: <app.utils.kg_build.knowledge.KnowledgeCodeBase object at 0x7fbb099409d0>
2026-01-15 08:48:51,220 - Knowledge - INFO - process ingested knowledge for /app/data/T0015/304863/b3936pr/flasky-304863/migrations/versions/56ed7d33de8d_user_roles.py
2026-01-15 08:48:51,417 - Knowledge - INFO - Found code-base-name: https://github.com/kavia-common/flasky-304863.git:kavia-master
2026-01-15 08:48:51,576 - Knowledge - INFO - Found code_base: <app.utils.kg_build.knowledge.KnowledgeCodeBase object at 0x7fbb099409d0>
2026-01-15 08:48:51,737 - Knowledge - INFO - process ingested knowledge for /app/data/T0015/304863/b3936pr/flasky-304863/migrations/alembic.ini
2026-01-15 08:48:51,953 - Knowledge - INFO - Found code-base-name: https://github.com/kavia-common/flasky-304863.git:kavia-master
2026-01-15 08:48:52,127 - Knowledge - INFO - Found code_base: <app.utils.kg_build.knowledge.KnowledgeCodeBase object at 0x7fbb099409d0>
2026-01-15 08:48:52,285 - Knowledge - INFO - process ingested knowledge for /app/data/T0015/304863/b3936pr/flasky-304863/app/templates/post.html
2026-01-15 08:48:52,491 - Knowledge - INFO - Found code-base-name: https://github.com/kavia-common/flasky-304863.git:kavia-master
2026-01-15 08:48:52,690 - Knowledge - INFO - Found code_base: <app.utils.kg_build.knowledge.KnowledgeCodeBase object at 0x7fbb099409d0>
2026-01-15 08:48:52,857 - Knowledge - INFO - process ingested knowledge for /app/data/T0015/304863/b3936pr/flasky-304863/app/templates/auth/change_email.html
2026-01-15 08:48:53,058 - Knowledge - INFO - Found code-base-name: https://github.com/kavia-common/flasky-304863.git:kavia-master
2026-01-15 08:48:53,240 - Knowledge - INFO - Found code_base: <app.utils.kg_build.knowledge.KnowledgeCodeBase object at 0x7fbb099409d0>
2026-01-15 08:48:53,448 - Knowledge - INFO - process ingested knowledge for /app/data/T0015/304863/b3936pr/flasky-304863/app/auth/forms.py
2026-01-15 08:48:53,602 - Knowledge - INFO - Found code-base-name: https://github.com/kavia-common/flasky-304863.git:kavia-master
2026-01-15 08:48:53,756 - Knowledge - INFO - Found code_base: <app.utils.kg_build.knowledge.KnowledgeCodeBase object at 0x7fbb099409d0>
2026-01-15 08:48:53,938 - Knowledge - INFO - process ingested knowledge for /app/data/T0015/304863/b3936pr/flasky-304863/requirements/heroku.txt
2026-01-15 08:48:54,138 - Knowledge - INFO - Found code-base-name: https://github.com/kavia-common/flasky-304863.git:kavia-master
2026-01-15 08:48:54,333 - Knowledge - INFO - Found code_base: <app.utils.kg_build.knowledge.KnowledgeCodeBase object at 0x7fbb099409d0>
2026-01-15 08:48:54,491 - Knowledge - INFO - process ingested knowledge for /app/data/T0015/304863/b3936pr/flasky-304863/app/email.py
2026-01-15 08:48:54,641 - Knowledge - INFO - Loaded 77 files from persisted knowledge
2026-01-15 08:48:54,813 - Knowledge - INFO - load persisted knowledge: end
2026-01-15 08:48:54,979 - Knowledge - INFO - Redis support added with prefix knowledge:b3936pr:
2026-01-15 08:48:55,232 - Knowledge - INFO - Starting knowledge initialization for ID: gGikN9-b3936pr
2026-01-15 08:48:55,388 - Knowledge - INFO - 🔍 Checking Redis for build_id: b3936pr
2026-01-15 08:48:55,548 - Knowledge - INFO - 🔍 Full session ID: gGikN9-b3936pr
2026-01-15 08:48:55,702 - Knowledge - INFO - 🔍 Redis prefix will be: knowledge:b3936pr:
2026-01-15 08:48:55,884 - Knowledge - INFO - 🔍 Using attached load_from_redis() method
2026-01-15 08:48:56,067 - Knowledge - INFO - 🔍 Attempting to load knowledge from Redis...
2026-01-15 08:48:56,296 - Knowledge - INFO - 🔍 Using derived instance_id for Redis lookup: b3936pr
2026-01-15 08:48:56,458 - Knowledge - INFO - ✅ Redis cache found! Loading knowledge...
2026-01-15 08:48:56,666 - Knowledge - INFO - ✅ Successfully loaded from Redis: 77 files
2026-01-15 08:48:56,828 - Knowledge - INFO - ✅ Redis load complete: 77 files in 0.94s
2026-01-15 08:48:56,990 - Knowledge - INFO - ⚡ Total Redis path: 0.94s (vs ~300s from disk)
2026-01-15 08:48:57,164 - Knowledge - INFO - Saving knowledge to Redis...
2026-01-15 08:48:57,436 - Knowledge - INFO - Knowledge saved to Redis successfully
2026-01-16 15:01:32,932 - Knowledge - INFO - Created shared MongoDB connection pool
2026-01-16 15:01:33,235 - Knowledge - INFO - Starting Knowledge Graph processing with 20 threads
2026-01-16 15:01:33,454 - Knowledge - INFO - Initial configuration: chunk_size=65536, max_cache_size=500
2026-01-16 15:01:33,626 - Knowledge - INFO - Knowledge Graph concurrency configuration: workers=20, max_batch_size=10, max_concurrent_llm_calls=50
2026-01-16 15:01:34,915 - Knowledge - INFO - 🔍 _load_persisted_knowledge called - checking for Redis optimization
2026-01-16 15:01:35,123 - Knowledge - WARNING - ❌ load_from_redis method not found - Redis support not attached
2026-01-16 15:01:35,342 - Knowledge - INFO - load persisted knowledge: begin
2026-01-16 15:01:35,541 - Knowledge - INFO - Found code-base-name: https://github.com/kavia-common/flasky-304863.git:kavia-master
2026-01-16 15:01:35,699 - Knowledge - INFO - Found code_base: <app.utils.kg_build.knowledge.KnowledgeCodeBase object at 0x7efc16320050>
2026-01-16 15:01:35,854 - Knowledge - INFO - process ingested knowledge for /app/data/T0015/304863/b3936pr/flasky-304863/requirements/dev.txt
2026-01-16 15:01:36,022 - Knowledge - INFO - Found code-base-name: https://github.com/kavia-common/flasky-304863.git:kavia-master
2026-01-16 15:01:36,204 - Knowledge - INFO - Found code_base: <app.utils.kg_build.knowledge.KnowledgeCodeBase object at 0x7efc16320050>
2026-01-16 15:01:36,375 - Knowledge - INFO - process ingested knowledge for /app/data/T0015/304863/b3936pr/flasky-304863/app/api/authentication.py
2026-01-16 15:01:36,532 - Knowledge - INFO - Found code-base-name: https://github.com/kavia-common/flasky-304863.git:kavia-master
2026-01-16 15:01:36,738 - Knowledge - INFO - Found code_base: <app.utils.kg_build.knowledge.KnowledgeCodeBase object at 0x7efc16320050>
2026-01-16 15:01:36,926 - Knowledge - INFO - process ingested knowledge for /app/data/T0015/304863/b3936pr/flasky-304863/app/templates/user.html
2026-01-16 15:01:37,088 - Knowledge - INFO - Found code-base-name: https://github.com/kavia-common/flasky-304863.git:kavia-master
2026-01-16 15:01:37,304 - Knowledge - INFO - Found code_base: <app.utils.kg_build.knowledge.KnowledgeCodeBase object at 0x7efc16320050>
2026-01-16 15:01:37,464 - Knowledge - INFO - process ingested knowledge for /app/data/T0015/304863/b3936pr/flasky-304863/app/api/__init__.py
2026-01-16 15:01:37,632 - Knowledge - INFO - Found code-base-name: https://github.com/kavia-common/flasky-304863.git:kavia-master
2026-01-16 15:01:37,806 - Knowledge - INFO - Found code_base: <app.utils.kg_build.knowledge.KnowledgeCodeBase object at 0x7efc16320050>
2026-01-16 15:01:38,008 - Knowledge - INFO - process ingested knowledge for /app/data/T0015/304863/b3936pr/flasky-304863/app/main/errors.py
2026-01-16 15:01:38,170 - Knowledge - INFO - Found code-base-name: https://github.com/kavia-common/flasky-304863.git:kavia-master
2026-01-16 15:01:38,346 - Knowledge - INFO - Found code_base: <app.utils.kg_build.knowledge.KnowledgeCodeBase object at 0x7efc16320050>
2026-01-16 15:01:38,522 - Knowledge - INFO - process ingested knowledge for /app/data/T0015/304863/b3936pr/flasky-304863/app/templates/403.html
2026-01-16 15:01:38,743 - Knowledge - INFO - Found code-base-name: https://github.com/kavia-common/flasky-304863.git:kavia-master
2026-01-16 15:01:38,945 - Knowledge - INFO - Found code_base: <app.utils.kg_build.knowledge.KnowledgeCodeBase object at 0x7efc16320050>
2026-01-16 15:01:39,137 - Knowledge - INFO - process ingested knowledge for /app/data/T0015/304863/b3936pr/flasky-304863/app/auth/__init__.py
2026-01-16 15:01:39,307 - Knowledge - INFO - Found code-base-name: https://github.com/kavia-common/flasky-304863.git:kavia-master
2026-01-16 15:01:39,464 - Knowledge - INFO - Found code_base: <app.utils.kg_build.knowledge.KnowledgeCodeBase object at 0x7efc16320050>
2026-01-16 15:01:39,678 - Knowledge - INFO - process ingested knowledge for /app/data/T0015/304863/b3936pr/flasky-304863/migrations/versions/456a945560f6_login_support.py
2026-01-16 15:01:39,869 - Knowledge - INFO - Found code-base-name: https://github.com/kavia-common/flasky-304863.git:kavia-master
2026-01-16 15:01:40,039 - Knowledge - INFO - Found code_base: <app.utils.kg_build.knowledge.KnowledgeCodeBase object at 0x7efc16320050>
2026-01-16 15:01:40,248 - Knowledge - INFO - process ingested knowledge for /app/data/T0015/304863/b3936pr/flasky-304863/app/templates/edit_post.html
2026-01-16 15:01:40,444 - Knowledge - INFO - Found code-base-name: https://github.com/kavia-common/flasky-304863.git:kavia-master
2026-01-16 15:01:40,604 - Knowledge - INFO - Found code_base: <app.utils.kg_build.knowledge.KnowledgeCodeBase object at 0x7efc16320050>
2026-01-16 15:01:40,788 - Knowledge - INFO - process ingested knowledge for /app/data/T0015/304863/b3936pr/flasky-304863/migrations/env.py
2026-01-16 15:01:40,973 - Knowledge - INFO - Found code-base-name: https://github.com/kavia-common/flasky-304863.git:kavia-master
2026-01-16 15:01:41,148 - Knowledge - INFO - Found code_base: <app.utils.kg_build.knowledge.KnowledgeCodeBase object at 0x7efc16320050>
2026-01-16 15:01:41,297 - Knowledge - INFO - process ingested knowledge for /app/data/T0015/304863/b3936pr/flasky-304863/app/templates/auth/unconfirmed.html
2026-01-16 15:01:41,509 - Knowledge - INFO - Found code-base-name: https://github.com/kavia-common/flasky-304863.git:kavia-master
2026-01-16 15:01:41,667 - Knowledge - INFO - Found code_base: <app.utils.kg_build.knowledge.KnowledgeCodeBase object at 0x7efc16320050>
2026-01-16 15:01:41,874 - Knowledge - INFO - process ingested knowledge for /app/data/T0015/304863/b3936pr/flasky-304863/app/templates/base.html
2026-01-16 15:01:42,039 - Knowledge - INFO - Found code-base-name: https://github.com/kavia-common/flasky-304863.git:kavia-master
2026-01-16 15:01:42,244 - Knowledge - INFO - Found code_base: <app.utils.kg_build.knowledge.KnowledgeCodeBase object at 0x7efc16320050>
2026-01-16 15:01:42,410 - Knowledge - INFO - process ingested knowledge for /app/data/T0015/304863/b3936pr/flasky-304863/tests/test_api.py
2026-01-16 15:01:42,747 - Knowledge - INFO - Found code-base-name: https://github.com/kavia-common/flasky-304863.git:kavia-master
2026-01-16 15:01:42,915 - Knowledge - INFO - Found code_base: <app.utils.kg_build.knowledge.KnowledgeCodeBase object at 0x7efc16320050>
2026-01-16 15:01:43,105 - Knowledge - INFO - process ingested knowledge for /app/data/T0015/304863/b3936pr/flasky-304863/requirements.txt
2026-01-16 15:01:43,281 - Knowledge - INFO - Found code-base-name: https://github.com/kavia-common/flasky-304863.git:kavia-master
2026-01-16 15:01:43,456 - Knowledge - INFO - Found code_base: <app.utils.kg_build.knowledge.KnowledgeCodeBase object at 0x7efc16320050>
2026-01-16 15:01:43,603 - Knowledge - INFO - process ingested knowledge for /app/data/T0015/304863/b3936pr/flasky-304863/app/main/forms.py
2026-01-16 15:01:43,811 - Knowledge - INFO - Found code-base-name: https://github.com/kavia-common/flasky-304863.git:kavia-master
2026-01-16 15:01:43,998 - Knowledge - INFO - Found code_base: <app.utils.kg_build.knowledge.KnowledgeCodeBase object at 0x7efc16320050>
2026-01-16 15:01:44,207 - Knowledge - INFO - process ingested knowledge for /app/data/T0015/304863/b3936pr/flasky-304863/app/templates/auth/email/confirm.txt
2026-01-16 15:01:44,457 - Knowledge - INFO - Found code-base-name: https://github.com/kavia-common/flasky-304863.git:kavia-master
2026-01-16 15:01:44,744 - Knowledge - INFO - Found code_base: <app.utils.kg_build.knowledge.KnowledgeCodeBase object at 0x7efc16320050>
2026-01-16 15:01:44,977 - Knowledge - INFO - process ingested knowledge for /app/data/T0015/304863/b3936pr/flasky-304863/app/api/users.py
2026-01-16 15:01:45,152 - Knowledge - INFO - Found code-base-name: https://github.com/kavia-common/flasky-304863.git:kavia-master
2026-01-16 15:01:45,317 - Knowledge - INFO - Found code_base: <app.utils.kg_build.knowledge.KnowledgeCodeBase object at 0x7efc16320050>
2026-01-16 15:01:45,488 - Knowledge - INFO - process ingested knowledge for /app/data/T0015/304863/b3936pr/flasky-304863/app/templates/moderate.html
2026-01-16 15:01:45,679 - Knowledge - INFO - Found code-base-name: https://github.com/kavia-common/flasky-304863.git:kavia-master
2026-01-16 15:01:45,877 - Knowledge - INFO - Found code_base: <app.utils.kg_build.knowledge.KnowledgeCodeBase object at 0x7efc16320050>
2026-01-16 15:01:46,052 - Knowledge - INFO - process ingested knowledge for /app/data/T0015/304863/b3936pr/flasky-304863/app/static/styles.css
2026-01-16 15:01:46,270 - Knowledge - INFO - Found code-base-name: https://github.com/kavia-common/flasky-304863.git:kavia-master
2026-01-16 15:01:46,452 - Knowledge - INFO - Found code_base: <app.utils.kg_build.knowledge.KnowledgeCodeBase object at 0x7efc16320050>
2026-01-16 15:01:46,639 - Knowledge - INFO - process ingested knowledge for /app/data/T0015/304863/b3936pr/flasky-304863/app/templates/auth/change_password.html
2026-01-16 15:01:46,850 - Knowledge - INFO - Found code-base-name: https://github.com/kavia-common/flasky-304863.git:kavia-master
2026-01-16 15:01:47,020 - Knowledge - INFO - Found code_base: <app.utils.kg_build.knowledge.KnowledgeCodeBase object at 0x7efc16320050>
2026-01-16 15:01:47,194 - Knowledge - INFO - process ingested knowledge for /app/data/T0015/304863/b3936pr/flasky-304863/migrations/versions/51f5ccfba190_comments.py
2026-01-16 15:01:47,391 - Knowledge - INFO - Found code-base-name: https://github.com/kavia-common/flasky-304863.git:kavia-master
2026-01-16 15:01:47,560 - Knowledge - INFO - Found code_base: <app.utils.kg_build.knowledge.KnowledgeCodeBase object at 0x7efc16320050>
2026-01-16 15:01:47,833 - Knowledge - INFO - process ingested knowledge for /app/data/T0015/304863/b3936pr/flasky-304863/tests/test_selenium.py
2026-01-16 15:01:48,002 - Knowledge - INFO - Found code-base-name: https://github.com/kavia-common/flasky-304863.git:kavia-master
2026-01-16 15:01:48,278 - Knowledge - INFO - Found code_base: <app.utils.kg_build.knowledge.KnowledgeCodeBase object at 0x7efc16320050>
2026-01-16 15:01:48,452 - Knowledge - INFO - process ingested knowledge for /app/data/T0015/304863/b3936pr/flasky-304863/requirements/common.txt
2026-01-16 15:01:48,611 - Knowledge - INFO - Found code-base-name: https://github.com/kavia-common/flasky-304863.git:kavia-master
2026-01-16 15:01:48,851 - Knowledge - INFO - Found code_base: <app.utils.kg_build.knowledge.KnowledgeCodeBase object at 0x7efc16320050>
2026-01-16 15:01:49,037 - Knowledge - INFO - process ingested knowledge for /app/data/T0015/304863/b3936pr/flasky-304863/requirements/prod.txt
2026-01-16 15:01:49,241 - Knowledge - INFO - Found code-base-name: https://github.com/kavia-common/flasky-304863.git:kavia-master
2026-01-16 15:01:49,397 - Knowledge - INFO - Found code_base: <app.utils.kg_build.knowledge.KnowledgeCodeBase object at 0x7efc16320050>
2026-01-16 15:01:49,554 - Knowledge - INFO - process ingested knowledge for /app/data/T0015/304863/b3936pr/flasky-304863/app/templates/auth/email/change_email.html
2026-01-16 15:01:49,752 - Knowledge - INFO - Found code-base-name: https://github.com/kavia-common/flasky-304863.git:kavia-master
2026-01-16 15:01:49,907 - Knowledge - INFO - Found code_base: <app.utils.kg_build.knowledge.KnowledgeCodeBase object at 0x7efc16320050>
2026-01-16 15:01:50,131 - Knowledge - INFO - process ingested knowledge for /app/data/T0015/304863/b3936pr/flasky-304863/app/templates/mail/new_user.txt
2026-01-16 15:01:50,330 - Knowledge - INFO - Found code-base-name: https://github.com/kavia-common/flasky-304863.git:kavia-master
2026-01-16 15:01:50,498 - Knowledge - INFO - Found code_base: <app.utils.kg_build.knowledge.KnowledgeCodeBase object at 0x7efc16320050>
2026-01-16 15:01:50,663 - Knowledge - INFO - process ingested knowledge for /app/data/T0015/304863/b3936pr/flasky-304863/app/templates/500.html
2026-01-16 15:01:50,872 - Knowledge - INFO - Found code-base-name: https://github.com/kavia-common/flasky-304863.git:kavia-master
2026-01-16 15:01:51,072 - Knowledge - INFO - Found code_base: <app.utils.kg_build.knowledge.KnowledgeCodeBase object at 0x7efc16320050>
2026-01-16 15:01:51,244 - Knowledge - INFO - process ingested knowledge for /app/data/T0015/304863/b3936pr/flasky-304863/app/api/decorators.py
2026-01-16 15:01:51,496 - Knowledge - INFO - Found code-base-name: https://github.com/kavia-common/flasky-304863.git:kavia-master
2026-01-16 15:01:51,733 - Knowledge - INFO - Found code_base: <app.utils.kg_build.knowledge.KnowledgeCodeBase object at 0x7efc16320050>
2026-01-16 15:01:51,904 - Knowledge - INFO - process ingested knowledge for /app/data/T0015/304863/b3936pr/flasky-304863/app/templates/_comments.html
2026-01-16 15:01:52,109 - Knowledge - INFO - Found code-base-name: https://github.com/kavia-common/flasky-304863.git:kavia-master
2026-01-16 15:01:52,279 - Knowledge - INFO - Found code_base: <app.utils.kg_build.knowledge.KnowledgeCodeBase object at 0x7efc16320050>
2026-01-16 15:01:52,464 - Knowledge - INFO - process ingested knowledge for /app/data/T0015/304863/b3936pr/flasky-304863/app/auth/views.py
2026-01-16 15:01:52,626 - Knowledge - INFO - Found code-base-name: https://github.com/kavia-common/flasky-304863.git:kavia-master
2026-01-16 15:01:52,805 - Knowledge - INFO - Found code_base: <app.utils.kg_build.knowledge.KnowledgeCodeBase object at 0x7efc16320050>
2026-01-16 15:01:53,054 - Knowledge - INFO - process ingested knowledge for /app/data/T0015/304863/b3936pr/flasky-304863/migrations/versions/198b0eebcf9_caching_of_avatar_hashes.py
2026-01-16 15:01:53,281 - Knowledge - INFO - Found code-base-name: https://github.com/kavia-common/flasky-304863.git:kavia-master
2026-01-16 15:01:53,450 - Knowledge - INFO - Found code_base: <app.utils.kg_build.knowledge.KnowledgeCodeBase object at 0x7efc16320050>
2026-01-16 15:01:53,654 - Knowledge - INFO - process ingested knowledge for /app/data/T0015/304863/b3936pr/flasky-304863/app/api/comments.py
2026-01-16 15:01:53,828 - Knowledge - INFO - Found code-base-name: https://github.com/kavia-common/flasky-304863.git:kavia-master
2026-01-16 15:01:53,986 - Knowledge - INFO - Found code_base: <app.utils.kg_build.knowledge.KnowledgeCodeBase object at 0x7efc16320050>
2026-01-16 15:01:54,182 - Knowledge - INFO - process ingested knowledge for /app/data/T0015/304863/b3936pr/flasky-304863/app/templates/followers.html
2026-01-16 15:01:54,355 - Knowledge - INFO - Found code-base-name: https://github.com/kavia-common/flasky-304863.git:kavia-master
2026-01-16 15:01:54,511 - Knowledge - INFO - Found code_base: <app.utils.kg_build.knowledge.KnowledgeCodeBase object at 0x7efc16320050>
2026-01-16 15:01:54,675 - Knowledge - INFO - process ingested knowledge for /app/data/T0015/304863/b3936pr/flasky-304863/app/fake.py
2026-01-16 15:01:54,878 - Knowledge - INFO - Found code-base-name: https://github.com/kavia-common/flasky-304863.git:kavia-master
2026-01-16 15:01:55,047 - Knowledge - INFO - Found code_base: <app.utils.kg_build.knowledge.KnowledgeCodeBase object at 0x7efc16320050>
2026-01-16 15:01:55,223 - Knowledge - INFO - process ingested knowledge for /app/data/T0015/304863/b3936pr/flasky-304863/migrations/versions/1b966e7f4b9e_post_model.py
2026-01-16 15:01:55,400 - Knowledge - INFO - Found code-base-name: https://github.com/kavia-common/flasky-304863.git:kavia-master
2026-01-16 15:01:55,573 - Knowledge - INFO - Found code_base: <app.utils.kg_build.knowledge.KnowledgeCodeBase object at 0x7efc16320050>
2026-01-16 15:01:55,778 - Knowledge - INFO - process ingested knowledge for /app/data/T0015/304863/b3936pr/flasky-304863/app/templates/auth/email/reset_password.html
2026-01-16 15:01:55,974 - Knowledge - INFO - Found code-base-name: https://github.com/kavia-common/flasky-304863.git:kavia-master
2026-01-16 15:01:56,183 - Knowledge - INFO - Found code_base: <app.utils.kg_build.knowledge.KnowledgeCodeBase object at 0x7efc16320050>
2026-01-16 15:01:56,392 - Knowledge - INFO - process ingested knowledge for /app/data/T0015/304863/b3936pr/flasky-304863/flasky.py
2026-01-16 15:01:56,638 - Knowledge - INFO - Found code-base-name: https://github.com/kavia-common/flasky-304863.git:kavia-master
2026-01-16 15:01:56,823 - Knowledge - INFO - Found code_base: <app.utils.kg_build.knowledge.KnowledgeCodeBase object at 0x7efc16320050>
2026-01-16 15:01:57,007 - Knowledge - INFO - process ingested knowledge for /app/data/T0015/304863/b3936pr/flasky-304863/app/templates/auth/email/change_email.txt
2026-01-16 15:01:57,200 - Knowledge - INFO - Found code-base-name: https://github.com/kavia-common/flasky-304863.git:kavia-master
2026-01-16 15:01:57,375 - Knowledge - INFO - Found code_base: <app.utils.kg_build.knowledge.KnowledgeCodeBase object at 0x7efc16320050>
2026-01-16 15:01:57,519 - Knowledge - INFO - process ingested knowledge for /app/data/T0015/304863/b3936pr/flasky-304863/app/exceptions.py
2026-01-16 15:01:57,719 - Knowledge - INFO - Found code-base-name: https://github.com/kavia-common/flasky-304863.git:kavia-master
2026-01-16 15:01:57,864 - Knowledge - INFO - Found code_base: <app.utils.kg_build.knowledge.KnowledgeCodeBase object at 0x7efc16320050>
2026-01-16 15:01:58,099 - Knowledge - INFO - process ingested knowledge for /app/data/T0015/304863/b3936pr/flasky-304863/app/templates/index.html
2026-01-16 15:01:58,284 - Knowledge - INFO - Found code-base-name: https://github.com/kavia-common/flasky-304863.git:kavia-master
2026-01-16 15:01:58,482 - Knowledge - INFO - Found code_base: <app.utils.kg_build.knowledge.KnowledgeCodeBase object at 0x7efc16320050>
2026-01-16 15:01:58,664 - Knowledge - INFO - process ingested knowledge for /app/data/T0015/304863/b3936pr/flasky-304863/migrations/versions/2356a38169ea_followers.py
2026-01-16 15:01:58,855 - Knowledge - INFO - Found code-base-name: https://github.com/kavia-common/flasky-304863.git:kavia-master
2026-01-16 15:01:59,042 - Knowledge - INFO - Found code_base: <app.utils.kg_build.knowledge.KnowledgeCodeBase object at 0x7efc16320050>
2026-01-16 15:01:59,244 - Knowledge - INFO - process ingested knowledge for /app/data/T0015/304863/b3936pr/flasky-304863/app/api/posts.py
2026-01-16 15:01:59,452 - Knowledge - INFO - Found code-base-name: https://github.com/kavia-common/flasky-304863.git:kavia-master
2026-01-16 15:01:59,660 - Knowledge - INFO - Found code_base: <app.utils.kg_build.knowledge.KnowledgeCodeBase object at 0x7efc16320050>
2026-01-16 15:01:59,814 - Knowledge - INFO - process ingested knowledge for /app/data/T0015/304863/b3936pr/flasky-304863/app/templates/auth/email/reset_password.txt
2026-01-16 15:02:00,028 - Knowledge - INFO - Found code-base-name: https://github.com/kavia-common/flasky-304863.git:kavia-master
2026-01-16 15:02:00,204 - Knowledge - INFO - Found code_base: <app.utils.kg_build.knowledge.KnowledgeCodeBase object at 0x7efc16320050>
2026-01-16 15:02:00,388 - Knowledge - INFO - process ingested knowledge for /app/data/T0015/304863/b3936pr/flasky-304863/app/templates/404.html
2026-01-16 15:02:00,546 - Knowledge - INFO - Found code-base-name: https://github.com/kavia-common/flasky-304863.git:kavia-master
2026-01-16 15:02:00,713 - Knowledge - INFO - Found code_base: <app.utils.kg_build.knowledge.KnowledgeCodeBase object at 0x7efc16320050>
2026-01-16 15:02:00,899 - Knowledge - INFO - process ingested knowledge for /app/data/T0015/304863/b3936pr/flasky-304863/app/templates/_posts.html
2026-01-16 15:02:01,114 - Knowledge - INFO - Found code-base-name: https://github.com/kavia-common/flasky-304863.git:kavia-master
2026-01-16 15:02:01,311 - Knowledge - INFO - Found code_base: <app.utils.kg_build.knowledge.KnowledgeCodeBase object at 0x7efc16320050>
2026-01-16 15:02:01,481 - Knowledge - INFO - process ingested knowledge for /app/data/T0015/304863/b3936pr/flasky-304863/requirements/docker.txt
2026-01-16 15:02:01,684 - Knowledge - INFO - Found code-base-name: https://github.com/kavia-common/flasky-304863.git:kavia-master
2026-01-16 15:02:01,869 - Knowledge - INFO - Found code_base: <app.utils.kg_build.knowledge.KnowledgeCodeBase object at 0x7efc16320050>
2026-01-16 15:02:02,054 - Knowledge - INFO - process ingested knowledge for /app/data/T0015/304863/b3936pr/flasky-304863/app/main/views.py
2026-01-16 15:02:02,261 - Knowledge - INFO - Found code-base-name: https://github.com/kavia-common/flasky-304863.git:kavia-master
2026-01-16 15:02:02,435 - Knowledge - INFO - Found code_base: <app.utils.kg_build.knowledge.KnowledgeCodeBase object at 0x7efc16320050>
2026-01-16 15:02:02,586 - Knowledge - INFO - process ingested knowledge for /app/data/T0015/304863/b3936pr/flasky-304863/migrations/versions/190163627111_account_confirmation.py
2026-01-16 15:02:02,782 - Knowledge - INFO - Found code-base-name: https://github.com/kavia-common/flasky-304863.git:kavia-master
2026-01-16 15:02:02,956 - Knowledge - INFO - Found code_base: <app.utils.kg_build.knowledge.KnowledgeCodeBase object at 0x7efc16320050>
2026-01-16 15:02:03,159 - Knowledge - INFO - process ingested knowledge for /app/data/T0015/304863/b3936pr/flasky-304863/app/templates/_macros.html
2026-01-16 15:02:03,333 - Knowledge - INFO - Found code-base-name: https://github.com/kavia-common/flasky-304863.git:kavia-master
2026-01-16 15:02:03,493 - Knowledge - INFO - Found code_base: <app.utils.kg_build.knowledge.KnowledgeCodeBase object at 0x7efc16320050>
2026-01-16 15:02:03,703 - Knowledge - INFO - process ingested knowledge for /app/data/T0015/304863/b3936pr/flasky-304863/README.md
2026-01-16 15:02:03,884 - Knowledge - INFO - Found code-base-name: https://github.com/kavia-common/flasky-304863.git:kavia-master
2026-01-16 15:02:04,114 - Knowledge - INFO - Found code_base: <app.utils.kg_build.knowledge.KnowledgeCodeBase object at 0x7efc16320050>
2026-01-16 15:02:04,306 - Knowledge - INFO - process ingested knowledge for /app/data/T0015/304863/b3936pr/flasky-304863/boot.sh
2026-01-16 15:02:04,519 - Knowledge - INFO - Found code-base-name: https://github.com/kavia-common/flasky-304863.git:kavia-master
2026-01-16 15:02:04,702 - Knowledge - INFO - Found code_base: <app.utils.kg_build.knowledge.KnowledgeCodeBase object at 0x7efc16320050>
2026-01-16 15:02:04,907 - Knowledge - INFO - process ingested knowledge for /app/data/T0015/304863/b3936pr/flasky-304863/app/decorators.py
2026-01-16 15:02:05,111 - Knowledge - INFO - Found code-base-name: https://github.com/kavia-common/flasky-304863.git:kavia-master
2026-01-16 15:02:05,290 - Knowledge - INFO - Found code_base: <app.utils.kg_build.knowledge.KnowledgeCodeBase object at 0x7efc16320050>
2026-01-16 15:02:05,482 - Knowledge - INFO - process ingested knowledge for /app/data/T0015/304863/b3936pr/flasky-304863/migrations/versions/288cd3dc5a8_rich_text_posts.py
2026-01-16 15:02:05,673 - Knowledge - INFO - Found code-base-name: https://github.com/kavia-common/flasky-304863.git:kavia-master
2026-01-16 15:02:05,907 - Knowledge - INFO - Found code_base: <app.utils.kg_build.knowledge.KnowledgeCodeBase object at 0x7efc16320050>
2026-01-16 15:02:06,052 - Knowledge - INFO - process ingested knowledge for /app/data/T0015/304863/b3936pr/flasky-304863/app/api/errors.py
2026-01-16 15:02:06,218 - Knowledge - INFO - Found code-base-name: https://github.com/kavia-common/flasky-304863.git:kavia-master
2026-01-16 15:02:06,374 - Knowledge - INFO - Found code_base: <app.utils.kg_build.knowledge.KnowledgeCodeBase object at 0x7efc16320050>
2026-01-16 15:02:06,545 - Knowledge - INFO - process ingested knowledge for /app/data/T0015/304863/b3936pr/flasky-304863/config.py
2026-01-16 15:02:06,722 - Knowledge - INFO - Found code-base-name: https://github.com/kavia-common/flasky-304863.git:kavia-master
2026-01-16 15:02:06,918 - Knowledge - INFO - Found code_base: <app.utils.kg_build.knowledge.KnowledgeCodeBase object at 0x7efc16320050>
2026-01-16 15:02:07,074 - Knowledge - INFO - process ingested knowledge for /app/data/T0015/304863/b3936pr/flasky-304863/tests/test_basics.py
2026-01-16 15:02:07,251 - Knowledge - INFO - Found code-base-name: https://github.com/kavia-common/flasky-304863.git:kavia-master
2026-01-16 15:02:07,423 - Knowledge - INFO - Found code_base: <app.utils.kg_build.knowledge.KnowledgeCodeBase object at 0x7efc16320050>
2026-01-16 15:02:07,594 - Knowledge - INFO - process ingested knowledge for /app/data/T0015/304863/b3936pr/flasky-304863/migrations/versions/d66f086b258_user_information.py
2026-01-16 15:02:07,781 - Knowledge - INFO - Found code-base-name: https://github.com/kavia-common/flasky-304863.git:kavia-master
2026-01-16 15:02:07,964 - Knowledge - INFO - Found code_base: <app.utils.kg_build.knowledge.KnowledgeCodeBase object at 0x7efc16320050>
2026-01-16 15:02:08,142 - Knowledge - INFO - process ingested knowledge for /app/data/T0015/304863/b3936pr/flasky-304863/migrations/versions/38c4e85512a9_initial_migration.py
2026-01-16 15:02:08,385 - Knowledge - INFO - Found code-base-name: https://github.com/kavia-common/flasky-304863.git:kavia-master
2026-01-16 15:02:08,526 - Knowledge - INFO - Found code_base: <app.utils.kg_build.knowledge.KnowledgeCodeBase object at 0x7efc16320050>
2026-01-16 15:02:08,688 - Knowledge - INFO - process ingested knowledge for /app/data/T0015/304863/b3936pr/flasky-304863/docker-compose.yml
2026-01-16 15:02:08,864 - Knowledge - INFO - Found code-base-name: https://github.com/kavia-common/flasky-304863.git:kavia-master
2026-01-16 15:02:09,026 - Knowledge - INFO - Found code_base: <app.utils.kg_build.knowledge.KnowledgeCodeBase object at 0x7efc16320050>
2026-01-16 15:02:09,212 - Knowledge - INFO - process ingested knowledge for /app/data/T0015/304863/b3936pr/flasky-304863/app/models.py
2026-01-16 15:02:09,432 - Knowledge - INFO - Found code-base-name: https://github.com/kavia-common/flasky-304863.git:kavia-master
2026-01-16 15:02:09,583 - Knowledge - INFO - Found code_base: <app.utils.kg_build.knowledge.KnowledgeCodeBase object at 0x7efc16320050>
2026-01-16 15:02:09,756 - Knowledge - INFO - process ingested knowledge for /app/data/T0015/304863/b3936pr/flasky-304863/app/templates/mail/new_user.html
2026-01-16 15:02:10,011 - Knowledge - INFO - Found code-base-name: https://github.com/kavia-common/flasky-304863.git:kavia-master
2026-01-16 15:02:10,182 - Knowledge - INFO - Found code_base: <app.utils.kg_build.knowledge.KnowledgeCodeBase object at 0x7efc16320050>
2026-01-16 15:02:10,361 - Knowledge - INFO - process ingested knowledge for /app/data/T0015/304863/b3936pr/flasky-304863/app/templates/auth/login.html
2026-01-16 15:02:10,544 - Knowledge - INFO - Found code-base-name: https://github.com/kavia-common/flasky-304863.git:kavia-master
2026-01-16 15:02:10,700 - Knowledge - INFO - Found code_base: <app.utils.kg_build.knowledge.KnowledgeCodeBase object at 0x7efc16320050>
2026-01-16 15:02:10,917 - Knowledge - INFO - process ingested knowledge for /app/data/T0015/304863/b3936pr/flasky-304863/app/main/__init__.py
2026-01-16 15:02:11,119 - Knowledge - INFO - Found code-base-name: https://github.com/kavia-common/flasky-304863.git:kavia-master
2026-01-16 15:02:11,308 - Knowledge - INFO - Found code_base: <app.utils.kg_build.knowledge.KnowledgeCodeBase object at 0x7efc16320050>
2026-01-16 15:02:11,521 - Knowledge - INFO - process ingested knowledge for /app/data/T0015/304863/b3936pr/flasky-304863/tests/test_client.py
2026-01-16 15:02:11,678 - Knowledge - INFO - Found code-base-name: https://github.com/kavia-common/flasky-304863.git:kavia-master
2026-01-16 15:02:11,893 - Knowledge - INFO - Found code_base: <app.utils.kg_build.knowledge.KnowledgeCodeBase object at 0x7efc16320050>
2026-01-16 15:02:12,061 - Knowledge - INFO - process ingested knowledge for /app/data/T0015/304863/b3936pr/flasky-304863/app/__init__.py
2026-01-16 15:02:12,223 - Knowledge - INFO - Found code-base-name: https://github.com/kavia-common/flasky-304863.git:kavia-master
2026-01-16 15:02:12,399 - Knowledge - INFO - Found code_base: <app.utils.kg_build.knowledge.KnowledgeCodeBase object at 0x7efc16320050>
2026-01-16 15:02:12,577 - Knowledge - INFO - process ingested knowledge for /app/data/T0015/304863/b3936pr/flasky-304863/app/templates/auth/email/confirm.html
2026-01-16 15:02:12,750 - Knowledge - INFO - Found code-base-name: https://github.com/kavia-common/flasky-304863.git:kavia-master
2026-01-16 15:02:12,902 - Knowledge - INFO - Found code_base: <app.utils.kg_build.knowledge.KnowledgeCodeBase object at 0x7efc16320050>
2026-01-16 15:02:13,109 - Knowledge - INFO - process ingested knowledge for /app/data/T0015/304863/b3936pr/flasky-304863/tests/test_user_model.py
2026-01-16 15:02:13,312 - Knowledge - INFO - Found code-base-name: https://github.com/kavia-common/flasky-304863.git:kavia-master
2026-01-16 15:02:13,472 - Knowledge - INFO - Found code_base: <app.utils.kg_build.knowledge.KnowledgeCodeBase object at 0x7efc16320050>
2026-01-16 15:02:13,636 - Knowledge - INFO - process ingested knowledge for /app/data/T0015/304863/b3936pr/flasky-304863/app/templates/edit_profile.html
2026-01-16 15:02:13,846 - Knowledge - INFO - Found code-base-name: https://github.com/kavia-common/flasky-304863.git:kavia-master
2026-01-16 15:02:14,027 - Knowledge - INFO - Found code_base: <app.utils.kg_build.knowledge.KnowledgeCodeBase object at 0x7efc16320050>
2026-01-16 15:02:14,193 - Knowledge - INFO - process ingested knowledge for /app/data/T0015/304863/b3936pr/flasky-304863/app/templates/auth/reset_password.html
2026-01-16 15:02:14,372 - Knowledge - INFO - Found code-base-name: https://github.com/kavia-common/flasky-304863.git:kavia-master
2026-01-16 15:02:14,540 - Knowledge - INFO - Found code_base: <app.utils.kg_build.knowledge.KnowledgeCodeBase object at 0x7efc16320050>
2026-01-16 15:02:14,704 - Knowledge - INFO - process ingested knowledge for /app/data/T0015/304863/b3936pr/flasky-304863/app/templates/auth/register.html
2026-01-16 15:02:14,897 - Knowledge - INFO - Found code-base-name: https://github.com/kavia-common/flasky-304863.git:kavia-master
2026-01-16 15:02:15,064 - Knowledge - INFO - Found code_base: <app.utils.kg_build.knowledge.KnowledgeCodeBase object at 0x7efc16320050>
2026-01-16 15:02:15,226 - Knowledge - INFO - process ingested knowledge for /app/data/T0015/304863/b3936pr/flasky-304863/migrations/versions/56ed7d33de8d_user_roles.py
2026-01-16 15:02:15,393 - Knowledge - INFO - Found code-base-name: https://github.com/kavia-common/flasky-304863.git:kavia-master
2026-01-16 15:02:15,558 - Knowledge - INFO - Found code_base: <app.utils.kg_build.knowledge.KnowledgeCodeBase object at 0x7efc16320050>
2026-01-16 15:02:15,754 - Knowledge - INFO - process ingested knowledge for /app/data/T0015/304863/b3936pr/flasky-304863/migrations/alembic.ini
2026-01-16 15:02:15,927 - Knowledge - INFO - Found code-base-name: https://github.com/kavia-common/flasky-304863.git:kavia-master
2026-01-16 15:02:16,124 - Knowledge - INFO - Found code_base: <app.utils.kg_build.knowledge.KnowledgeCodeBase object at 0x7efc16320050>
2026-01-16 15:02:16,277 - Knowledge - INFO - process ingested knowledge for /app/data/T0015/304863/b3936pr/flasky-304863/app/templates/post.html
2026-01-16 15:02:16,484 - Knowledge - INFO - Found code-base-name: https://github.com/kavia-common/flasky-304863.git:kavia-master
2026-01-16 15:02:16,641 - Knowledge - INFO - Found code_base: <app.utils.kg_build.knowledge.KnowledgeCodeBase object at 0x7efc16320050>
2026-01-16 15:02:16,834 - Knowledge - INFO - process ingested knowledge for /app/data/T0015/304863/b3936pr/flasky-304863/app/templates/auth/change_email.html
2026-01-16 15:02:17,031 - Knowledge - INFO - Found code-base-name: https://github.com/kavia-common/flasky-304863.git:kavia-master
2026-01-16 15:02:17,220 - Knowledge - INFO - Found code_base: <app.utils.kg_build.knowledge.KnowledgeCodeBase object at 0x7efc16320050>
2026-01-16 15:02:17,448 - Knowledge - INFO - process ingested knowledge for /app/data/T0015/304863/b3936pr/flasky-304863/app/auth/forms.py
2026-01-16 15:02:17,629 - Knowledge - INFO - Found code-base-name: https://github.com/kavia-common/flasky-304863.git:kavia-master
2026-01-16 15:02:17,783 - Knowledge - INFO - Found code_base: <app.utils.kg_build.knowledge.KnowledgeCodeBase object at 0x7efc16320050>
2026-01-16 15:02:17,941 - Knowledge - INFO - process ingested knowledge for /app/data/T0015/304863/b3936pr/flasky-304863/requirements/heroku.txt
2026-01-16 15:02:18,120 - Knowledge - INFO - Found code-base-name: https://github.com/kavia-common/flasky-304863.git:kavia-master
2026-01-16 15:02:18,292 - Knowledge - INFO - Found code_base: <app.utils.kg_build.knowledge.KnowledgeCodeBase object at 0x7efc16320050>
2026-01-16 15:02:18,502 - Knowledge - INFO - process ingested knowledge for /app/data/T0015/304863/b3936pr/flasky-304863/app/email.py
2026-01-16 15:02:18,662 - Knowledge - INFO - Loaded 77 files from persisted knowledge
2026-01-16 15:02:18,803 - Knowledge - INFO - load persisted knowledge: end
2026-01-16 15:02:18,974 - Knowledge - INFO - Redis support added with prefix knowledge:b3936pr:
2026-01-16 15:02:19,217 - Knowledge - INFO - Starting knowledge initialization for ID: hpuTpY-b3936pr
2026-01-16 15:02:19,394 - Knowledge - INFO - 🔍 Checking Redis for build_id: b3936pr
2026-01-16 15:02:19,559 - Knowledge - INFO - 🔍 Full session ID: hpuTpY-b3936pr
2026-01-16 15:02:19,746 - Knowledge - INFO - 🔍 Redis prefix will be: knowledge:b3936pr:
2026-01-16 15:02:19,951 - Knowledge - INFO - 🔍 Using attached load_from_redis() method
2026-01-16 15:02:20,143 - Knowledge - INFO - 🔍 Attempting to load knowledge from Redis...
2026-01-16 15:02:20,339 - Knowledge - INFO - 🔍 Using derived instance_id for Redis lookup: b3936pr
2026-01-16 15:02:20,504 - Knowledge - INFO - ✅ Redis cache found! Loading knowledge...
2026-01-16 15:02:20,703 - Knowledge - INFO - ✅ Successfully loaded from Redis: 77 files
2026-01-16 15:02:20,909 - Knowledge - INFO - ✅ Redis load complete: 77 files in 0.96s
2026-01-16 15:02:21,132 - Knowledge - INFO - ⚡ Total Redis path: 0.96s (vs ~300s from disk)
2026-01-16 15:02:21,299 - Knowledge - INFO - Saving knowledge to Redis...
2026-01-16 15:02:21,589 - Knowledge - INFO - Knowledge saved to Redis successfully
2026-01-16 19:19:19,203 - Knowledge - INFO - Created shared MongoDB connection pool
2026-01-16 19:19:19,486 - Knowledge - INFO - Starting Knowledge Graph processing with 20 threads
2026-01-16 19:19:19,668 - Knowledge - INFO - Initial configuration: chunk_size=65536, max_cache_size=500
2026-01-16 19:19:19,821 - Knowledge - INFO - Knowledge Graph concurrency configuration: workers=20, max_batch_size=10, max_concurrent_llm_calls=50
2026-01-16 19:19:20,874 - Knowledge - INFO - 🔍 _load_persisted_knowledge called - checking for Redis optimization
2026-01-16 19:19:21,066 - Knowledge - WARNING - ❌ load_from_redis method not found - Redis support not attached
2026-01-16 19:19:21,234 - Knowledge - INFO - load persisted knowledge: begin
2026-01-16 19:19:21,448 - Knowledge - INFO - Found code-base-name: https://github.com/kavia-common/flasky-304863.git:kavia-master
2026-01-16 19:19:21,628 - Knowledge - INFO - Found code_base: <app.utils.kg_build.knowledge.KnowledgeCodeBase object at 0x7fc237228290>
2026-01-16 19:19:21,813 - Knowledge - INFO - process ingested knowledge for /app/data/T0015/304863/b3936pr/flasky-304863/requirements/dev.txt
2026-01-16 19:19:21,966 - Knowledge - INFO - Found code-base-name: https://github.com/kavia-common/flasky-304863.git:kavia-master
2026-01-16 19:19:22,147 - Knowledge - INFO - Found code_base: <app.utils.kg_build.knowledge.KnowledgeCodeBase object at 0x7fc237228290>
2026-01-16 19:19:22,323 - Knowledge - INFO - process ingested knowledge for /app/data/T0015/304863/b3936pr/flasky-304863/app/api/authentication.py
2026-01-16 19:19:22,516 - Knowledge - INFO - Found code-base-name: https://github.com/kavia-common/flasky-304863.git:kavia-master
2026-01-16 19:19:22,704 - Knowledge - INFO - Found code_base: <app.utils.kg_build.knowledge.KnowledgeCodeBase object at 0x7fc237228290>
2026-01-16 19:19:22,933 - Knowledge - INFO - process ingested knowledge for /app/data/T0015/304863/b3936pr/flasky-304863/app/templates/user.html
2026-01-16 19:19:23,119 - Knowledge - INFO - Found code-base-name: https://github.com/kavia-common/flasky-304863.git:kavia-master
2026-01-16 19:19:23,325 - Knowledge - INFO - Found code_base: <app.utils.kg_build.knowledge.KnowledgeCodeBase object at 0x7fc237228290>
2026-01-16 19:19:23,528 - Knowledge - INFO - process ingested knowledge for /app/data/T0015/304863/b3936pr/flasky-304863/app/api/__init__.py
2026-01-16 19:19:23,725 - Knowledge - INFO - Found code-base-name: https://github.com/kavia-common/flasky-304863.git:kavia-master
2026-01-16 19:19:23,900 - Knowledge - INFO - Found code_base: <app.utils.kg_build.knowledge.KnowledgeCodeBase object at 0x7fc237228290>
2026-01-16 19:19:24,094 - Knowledge - INFO - process ingested knowledge for /app/data/T0015/304863/b3936pr/flasky-304863/app/main/errors.py
2026-01-16 19:19:24,248 - Knowledge - INFO - Found code-base-name: https://github.com/kavia-common/flasky-304863.git:kavia-master
2026-01-16 19:19:24,437 - Knowledge - INFO - Found code_base: <app.utils.kg_build.knowledge.KnowledgeCodeBase object at 0x7fc237228290>
2026-01-16 19:19:24,643 - Knowledge - INFO - process ingested knowledge for /app/data/T0015/304863/b3936pr/flasky-304863/app/templates/403.html
2026-01-16 19:19:24,854 - Knowledge - INFO - Found code-base-name: https://github.com/kavia-common/flasky-304863.git:kavia-master
2026-01-16 19:19:25,028 - Knowledge - INFO - Found code_base: <app.utils.kg_build.knowledge.KnowledgeCodeBase object at 0x7fc237228290>
2026-01-16 19:19:25,226 - Knowledge - INFO - process ingested knowledge for /app/data/T0015/304863/b3936pr/flasky-304863/app/auth/__init__.py
2026-01-16 19:19:25,395 - Knowledge - INFO - Found code-base-name: https://github.com/kavia-common/flasky-304863.git:kavia-master
2026-01-16 19:19:25,608 - Knowledge - INFO - Found code_base: <app.utils.kg_build.knowledge.KnowledgeCodeBase object at 0x7fc237228290>
2026-01-16 19:19:25,776 - Knowledge - INFO - process ingested knowledge for /app/data/T0015/304863/b3936pr/flasky-304863/migrations/versions/456a945560f6_login_support.py
2026-01-16 19:19:26,012 - Knowledge - INFO - Found code-base-name: https://github.com/kavia-common/flasky-304863.git:kavia-master
2026-01-16 19:19:26,236 - Knowledge - INFO - Found code_base: <app.utils.kg_build.knowledge.KnowledgeCodeBase object at 0x7fc237228290>
2026-01-16 19:19:26,395 - Knowledge - INFO - process ingested knowledge for /app/data/T0015/304863/b3936pr/flasky-304863/app/templates/edit_post.html
2026-01-16 19:19:26,605 - Knowledge - INFO - Found code-base-name: https://github.com/kavia-common/flasky-304863.git:kavia-master
2026-01-16 19:19:26,820 - Knowledge - INFO - Found code_base: <app.utils.kg_build.knowledge.KnowledgeCodeBase object at 0x7fc237228290>
2026-01-16 19:19:26,997 - Knowledge - INFO - process ingested knowledge for /app/data/T0015/304863/b3936pr/flasky-304863/migrations/env.py
2026-01-16 19:19:27,170 - Knowledge - INFO - Found code-base-name: https://github.com/kavia-common/flasky-304863.git:kavia-master
2026-01-16 19:19:27,403 - Knowledge - INFO - Found code_base: <app.utils.kg_build.knowledge.KnowledgeCodeBase object at 0x7fc237228290>
2026-01-16 19:19:27,575 - Knowledge - INFO - process ingested knowledge for /app/data/T0015/304863/b3936pr/flasky-304863/app/templates/auth/unconfirmed.html
2026-01-16 19:19:27,750 - Knowledge - INFO - Found code-base-name: https://github.com/kavia-common/flasky-304863.git:kavia-master
2026-01-16 19:19:27,942 - Knowledge - INFO - Found code_base: <app.utils.kg_build.knowledge.KnowledgeCodeBase object at 0x7fc237228290>
2026-01-16 19:19:28,111 - Knowledge - INFO - process ingested knowledge for /app/data/T0015/304863/b3936pr/flasky-304863/app/templates/base.html
2026-01-16 19:19:28,294 - Knowledge - INFO - Found code-base-name: https://github.com/kavia-common/flasky-304863.git:kavia-master
2026-01-16 19:19:28,473 - Knowledge - INFO - Found code_base: <app.utils.kg_build.knowledge.KnowledgeCodeBase object at 0x7fc237228290>
2026-01-16 19:19:28,626 - Knowledge - INFO - process ingested knowledge for /app/data/T0015/304863/b3936pr/flasky-304863/tests/test_api.py
2026-01-16 19:19:28,785 - Knowledge - INFO - Found code-base-name: https://github.com/kavia-common/flasky-304863.git:kavia-master
2026-01-16 19:19:28,942 - Knowledge - INFO - Found code_base: <app.utils.kg_build.knowledge.KnowledgeCodeBase object at 0x7fc237228290>
2026-01-16 19:19:29,129 - Knowledge - INFO - process ingested knowledge for /app/data/T0015/304863/b3936pr/flasky-304863/requirements.txt
2026-01-16 19:19:29,305 - Knowledge - INFO - Found code-base-name: https://github.com/kavia-common/flasky-304863.git:kavia-master
2026-01-16 19:19:29,470 - Knowledge - INFO - Found code_base: <app.utils.kg_build.knowledge.KnowledgeCodeBase object at 0x7fc237228290>
2026-01-16 19:19:29,649 - Knowledge - INFO - process ingested knowledge for /app/data/T0015/304863/b3936pr/flasky-304863/app/main/forms.py
2026-01-16 19:19:29,833 - Knowledge - INFO - Found code-base-name: https://github.com/kavia-common/flasky-304863.git:kavia-master
2026-01-16 19:19:30,043 - Knowledge - INFO - Found code_base: <app.utils.kg_build.knowledge.KnowledgeCodeBase object at 0x7fc237228290>
2026-01-16 19:19:30,247 - Knowledge - INFO - process ingested knowledge for /app/data/T0015/304863/b3936pr/flasky-304863/app/templates/auth/email/confirm.txt
2026-01-16 19:19:30,451 - Knowledge - INFO - Found code-base-name: https://github.com/kavia-common/flasky-304863.git:kavia-master
2026-01-16 19:19:30,624 - Knowledge - INFO - Found code_base: <app.utils.kg_build.knowledge.KnowledgeCodeBase object at 0x7fc237228290>
2026-01-16 19:19:30,792 - Knowledge - INFO - process ingested knowledge for /app/data/T0015/304863/b3936pr/flasky-304863/app/api/users.py
2026-01-16 19:19:30,987 - Knowledge - INFO - Found code-base-name: https://github.com/kavia-common/flasky-304863.git:kavia-master
2026-01-16 19:19:31,165 - Knowledge - INFO - Found code_base: <app.utils.kg_build.knowledge.KnowledgeCodeBase object at 0x7fc237228290>
2026-01-16 19:19:31,329 - Knowledge - INFO - process ingested knowledge for /app/data/T0015/304863/b3936pr/flasky-304863/app/templates/moderate.html
2026-01-16 19:19:31,504 - Knowledge - INFO - Found code-base-name: https://github.com/kavia-common/flasky-304863.git:kavia-master
2026-01-16 19:19:31,703 - Knowledge - INFO - Found code_base: <app.utils.kg_build.knowledge.KnowledgeCodeBase object at 0x7fc237228290>
2026-01-16 19:19:31,859 - Knowledge - INFO - process ingested knowledge for /app/data/T0015/304863/b3936pr/flasky-304863/app/static/styles.css
2026-01-16 19:19:32,018 - Knowledge - INFO - Found code-base-name: https://github.com/kavia-common/flasky-304863.git:kavia-master
2026-01-16 19:19:32,230 - Knowledge - INFO - Found code_base: <app.utils.kg_build.knowledge.KnowledgeCodeBase object at 0x7fc237228290>
2026-01-16 19:19:32,397 - Knowledge - INFO - process ingested knowledge for /app/data/T0015/304863/b3936pr/flasky-304863/app/templates/auth/change_password.html
2026-01-16 19:19:32,600 - Knowledge - INFO - Found code-base-name: https://github.com/kavia-common/flasky-304863.git:kavia-master
2026-01-16 19:19:32,756 - Knowledge - INFO - Found code_base: <app.utils.kg_build.knowledge.KnowledgeCodeBase object at 0x7fc237228290>
2026-01-16 19:19:32,928 - Knowledge - INFO - process ingested knowledge for /app/data/T0015/304863/b3936pr/flasky-304863/migrations/versions/51f5ccfba190_comments.py
2026-01-16 19:19:33,155 - Knowledge - INFO - Found code-base-name: https://github.com/kavia-common/flasky-304863.git:kavia-master
2026-01-16 19:19:33,402 - Knowledge - INFO - Found code_base: <app.utils.kg_build.knowledge.KnowledgeCodeBase object at 0x7fc237228290>
2026-01-16 19:19:33,592 - Knowledge - INFO - process ingested knowledge for /app/data/T0015/304863/b3936pr/flasky-304863/tests/test_selenium.py
2026-01-16 19:19:33,774 - Knowledge - INFO - Found code-base-name: https://github.com/kavia-common/flasky-304863.git:kavia-master
2026-01-16 19:19:33,949 - Knowledge - INFO - Found code_base: <app.utils.kg_build.knowledge.KnowledgeCodeBase object at 0x7fc237228290>
2026-01-16 19:19:34,106 - Knowledge - INFO - process ingested knowledge for /app/data/T0015/304863/b3936pr/flasky-304863/requirements/common.txt
2026-01-16 19:19:34,274 - Knowledge - INFO - Found code-base-name: https://github.com/kavia-common/flasky-304863.git:kavia-master
2026-01-16 19:19:34,454 - Knowledge - INFO - Found code_base: <app.utils.kg_build.knowledge.KnowledgeCodeBase object at 0x7fc237228290>
2026-01-16 19:19:34,634 - Knowledge - INFO - process ingested knowledge for /app/data/T0015/304863/b3936pr/flasky-304863/requirements/prod.txt
2026-01-16 19:19:34,827 - Knowledge - INFO - Found code-base-name: https://github.com/kavia-common/flasky-304863.git:kavia-master
2026-01-16 19:19:35,033 - Knowledge - INFO - Found code_base: <app.utils.kg_build.knowledge.KnowledgeCodeBase object at 0x7fc237228290>
2026-01-16 19:19:35,218 - Knowledge - INFO - process ingested knowledge for /app/data/T0015/304863/b3936pr/flasky-304863/app/templates/auth/email/change_email.html
2026-01-16 19:19:35,484 - Knowledge - INFO - Found code-base-name: https://github.com/kavia-common/flasky-304863.git:kavia-master
2026-01-16 19:19:35,655 - Knowledge - INFO - Found code_base: <app.utils.kg_build.knowledge.KnowledgeCodeBase object at 0x7fc237228290>
2026-01-16 19:19:35,898 - Knowledge - INFO - process ingested knowledge for /app/data/T0015/304863/b3936pr/flasky-304863/app/templates/mail/new_user.txt
2026-01-16 19:19:36,048 - Knowledge - INFO - Found code-base-name: https://github.com/kavia-common/flasky-304863.git:kavia-master
2026-01-16 19:19:36,262 - Knowledge - INFO - Found code_base: <app.utils.kg_build.knowledge.KnowledgeCodeBase object at 0x7fc237228290>
2026-01-16 19:19:36,461 - Knowledge - INFO - process ingested knowledge for /app/data/T0015/304863/b3936pr/flasky-304863/app/templates/500.html
2026-01-16 19:19:36,627 - Knowledge - INFO - Found code-base-name: https://github.com/kavia-common/flasky-304863.git:kavia-master
2026-01-16 19:19:36,851 - Knowledge - INFO - Found code_base: <app.utils.kg_build.knowledge.KnowledgeCodeBase object at 0x7fc237228290>
2026-01-16 19:19:37,058 - Knowledge - INFO - process ingested knowledge for /app/data/T0015/304863/b3936pr/flasky-304863/app/api/decorators.py
2026-01-16 19:19:37,236 - Knowledge - INFO - Found code-base-name: https://github.com/kavia-common/flasky-304863.git:kavia-master
2026-01-16 19:19:37,407 - Knowledge - INFO - Found code_base: <app.utils.kg_build.knowledge.KnowledgeCodeBase object at 0x7fc237228290>
2026-01-16 19:19:37,563 - Knowledge - INFO - process ingested knowledge for /app/data/T0015/304863/b3936pr/flasky-304863/app/templates/_comments.html
2026-01-16 19:19:37,793 - Knowledge - INFO - Found code-base-name: https://github.com/kavia-common/flasky-304863.git:kavia-master
2026-01-16 19:19:37,954 - Knowledge - INFO - Found code_base: <app.utils.kg_build.knowledge.KnowledgeCodeBase object at 0x7fc237228290>
2026-01-16 19:19:38,126 - Knowledge - INFO - process ingested knowledge for /app/data/T0015/304863/b3936pr/flasky-304863/app/auth/views.py
2026-01-16 19:19:38,326 - Knowledge - INFO - Found code-base-name: https://github.com/kavia-common/flasky-304863.git:kavia-master
2026-01-16 19:19:38,533 - Knowledge - INFO - Found code_base: <app.utils.kg_build.knowledge.KnowledgeCodeBase object at 0x7fc237228290>
2026-01-16 19:19:38,745 - Knowledge - INFO - process ingested knowledge for /app/data/T0015/304863/b3936pr/flasky-304863/migrations/versions/198b0eebcf9_caching_of_avatar_hashes.py
2026-01-16 19:19:38,904 - Knowledge - INFO - Found code-base-name: https://github.com/kavia-common/flasky-304863.git:kavia-master
2026-01-16 19:19:39,097 - Knowledge - INFO - Found code_base: <app.utils.kg_build.knowledge.KnowledgeCodeBase object at 0x7fc237228290>
2026-01-16 19:19:39,270 - Knowledge - INFO - process ingested knowledge for /app/data/T0015/304863/b3936pr/flasky-304863/app/api/comments.py
2026-01-16 19:19:39,479 - Knowledge - INFO - Found code-base-name: https://github.com/kavia-common/flasky-304863.git:kavia-master
2026-01-16 19:19:39,646 - Knowledge - INFO - Found code_base: <app.utils.kg_build.knowledge.KnowledgeCodeBase object at 0x7fc237228290>
2026-01-16 19:19:39,819 - Knowledge - INFO - process ingested knowledge for /app/data/T0015/304863/b3936pr/flasky-304863/app/templates/followers.html
2026-01-16 19:19:39,976 - Knowledge - INFO - Found code-base-name: https://github.com/kavia-common/flasky-304863.git:kavia-master
2026-01-16 19:19:40,143 - Knowledge - INFO - Found code_base: <app.utils.kg_build.knowledge.KnowledgeCodeBase object at 0x7fc237228290>
2026-01-16 19:19:40,309 - Knowledge - INFO - process ingested knowledge for /app/data/T0015/304863/b3936pr/flasky-304863/app/fake.py
2026-01-16 19:19:40,511 - Knowledge - INFO - Found code-base-name: https://github.com/kavia-common/flasky-304863.git:kavia-master
2026-01-16 19:19:40,672 - Knowledge - INFO - Found code_base: <app.utils.kg_build.knowledge.KnowledgeCodeBase object at 0x7fc237228290>
2026-01-16 19:19:40,836 - Knowledge - INFO - process ingested knowledge for /app/data/T0015/304863/b3936pr/flasky-304863/migrations/versions/1b966e7f4b9e_post_model.py
2026-01-16 19:19:41,029 - Knowledge - INFO - Found code-base-name: https://github.com/kavia-common/flasky-304863.git:kavia-master
2026-01-16 19:19:41,190 - Knowledge - INFO - Found code_base: <app.utils.kg_build.knowledge.KnowledgeCodeBase object at 0x7fc237228290>
2026-01-16 19:19:41,385 - Knowledge - INFO - process ingested knowledge for /app/data/T0015/304863/b3936pr/flasky-304863/app/templates/auth/email/reset_password.html
2026-01-16 19:19:41,568 - Knowledge - INFO - Found code-base-name: https://github.com/kavia-common/flasky-304863.git:kavia-master
2026-01-16 19:19:41,748 - Knowledge - INFO - Found code_base: <app.utils.kg_build.knowledge.KnowledgeCodeBase object at 0x7fc237228290>
2026-01-16 19:19:41,927 - Knowledge - INFO - process ingested knowledge for /app/data/T0015/304863/b3936pr/flasky-304863/flasky.py
2026-01-16 19:19:42,083 - Knowledge - INFO - Found code-base-name: https://github.com/kavia-common/flasky-304863.git:kavia-master
2026-01-16 19:19:42,285 - Knowledge - INFO - Found code_base: <app.utils.kg_build.knowledge.KnowledgeCodeBase object at 0x7fc237228290>
2026-01-16 19:19:42,474 - Knowledge - INFO - process ingested knowledge for /app/data/T0015/304863/b3936pr/flasky-304863/app/templates/auth/email/change_email.txt
2026-01-16 19:19:42,676 - Knowledge - INFO - Found code-base-name: https://github.com/kavia-common/flasky-304863.git:kavia-master
2026-01-16 19:19:42,852 - Knowledge - INFO - Found code_base: <app.utils.kg_build.knowledge.KnowledgeCodeBase object at 0x7fc237228290>
2026-01-16 19:19:43,010 - Knowledge - INFO - process ingested knowledge for /app/data/T0015/304863/b3936pr/flasky-304863/app/exceptions.py
2026-01-16 19:19:43,224 - Knowledge - INFO - Found code-base-name: https://github.com/kavia-common/flasky-304863.git:kavia-master
2026-01-16 19:19:43,487 - Knowledge - INFO - Found code_base: <app.utils.kg_build.knowledge.KnowledgeCodeBase object at 0x7fc237228290>
2026-01-16 19:19:43,646 - Knowledge - INFO - process ingested knowledge for /app/data/T0015/304863/b3936pr/flasky-304863/app/templates/index.html
2026-01-16 19:19:43,858 - Knowledge - INFO - Found code-base-name: https://github.com/kavia-common/flasky-304863.git:kavia-master
2026-01-16 19:19:44,036 - Knowledge - INFO - Found code_base: <app.utils.kg_build.knowledge.KnowledgeCodeBase object at 0x7fc237228290>
2026-01-16 19:19:44,287 - Knowledge - INFO - process ingested knowledge for /app/data/T0015/304863/b3936pr/flasky-304863/migrations/versions/2356a38169ea_followers.py
2026-01-16 19:19:44,484 - Knowledge - INFO - Found code-base-name: https://github.com/kavia-common/flasky-304863.git:kavia-master
2026-01-16 19:19:44,666 - Knowledge - INFO - Found code_base: <app.utils.kg_build.knowledge.KnowledgeCodeBase object at 0x7fc237228290>
2026-01-16 19:19:44,839 - Knowledge - INFO - process ingested knowledge for /app/data/T0015/304863/b3936pr/flasky-304863/app/api/posts.py
2026-01-16 19:19:45,011 - Knowledge - INFO - Found code-base-name: https://github.com/kavia-common/flasky-304863.git:kavia-master
2026-01-16 19:19:45,211 - Knowledge - INFO - Found code_base: <app.utils.kg_build.knowledge.KnowledgeCodeBase object at 0x7fc237228290>
2026-01-16 19:19:45,367 - Knowledge - INFO - process ingested knowledge for /app/data/T0015/304863/b3936pr/flasky-304863/app/templates/auth/email/reset_password.txt
2026-01-16 19:19:45,556 - Knowledge - INFO - Found code-base-name: https://github.com/kavia-common/flasky-304863.git:kavia-master
2026-01-16 19:19:45,760 - Knowledge - INFO - Found code_base: <app.utils.kg_build.knowledge.KnowledgeCodeBase object at 0x7fc237228290>
2026-01-16 19:19:45,947 - Knowledge - INFO - process ingested knowledge for /app/data/T0015/304863/b3936pr/flasky-304863/app/templates/404.html
2026-01-16 19:19:46,102 - Knowledge - INFO - Found code-base-name: https://github.com/kavia-common/flasky-304863.git:kavia-master
2026-01-16 19:19:46,310 - Knowledge - INFO - Found code_base: <app.utils.kg_build.knowledge.KnowledgeCodeBase object at 0x7fc237228290>
2026-01-16 19:19:46,533 - Knowledge - INFO - process ingested knowledge for /app/data/T0015/304863/b3936pr/flasky-304863/app/templates/_posts.html
2026-01-16 19:19:46,697 - Knowledge - INFO - Found code-base-name: https://github.com/kavia-common/flasky-304863.git:kavia-master
2026-01-16 19:19:46,897 - Knowledge - INFO - Found code_base: <app.utils.kg_build.knowledge.KnowledgeCodeBase object at 0x7fc237228290>
2026-01-16 19:19:47,100 - Knowledge - INFO - process ingested knowledge for /app/data/T0015/304863/b3936pr/flasky-304863/requirements/docker.txt
2026-01-16 19:19:47,282 - Knowledge - INFO - Found code-base-name: https://github.com/kavia-common/flasky-304863.git:kavia-master
2026-01-16 19:19:47,473 - Knowledge - INFO - Found code_base: <app.utils.kg_build.knowledge.KnowledgeCodeBase object at 0x7fc237228290>
2026-01-16 19:19:47,650 - Knowledge - INFO - process ingested knowledge for /app/data/T0015/304863/b3936pr/flasky-304863/app/main/views.py
2026-01-16 19:19:47,832 - Knowledge - INFO - Found code-base-name: https://github.com/kavia-common/flasky-304863.git:kavia-master
2026-01-16 19:19:47,998 - Knowledge - INFO - Found code_base: <app.utils.kg_build.knowledge.KnowledgeCodeBase object at 0x7fc237228290>
2026-01-16 19:19:48,222 - Knowledge - INFO - process ingested knowledge for /app/data/T0015/304863/b3936pr/flasky-304863/migrations/versions/190163627111_account_confirmation.py
2026-01-16 19:19:48,405 - Knowledge - INFO - Found code-base-name: https://github.com/kavia-common/flasky-304863.git:kavia-master
2026-01-16 19:19:48,576 - Knowledge - INFO - Found code_base: <app.utils.kg_build.knowledge.KnowledgeCodeBase object at 0x7fc237228290>
2026-01-16 19:19:48,791 - Knowledge - INFO - process ingested knowledge for /app/data/T0015/304863/b3936pr/flasky-304863/app/templates/_macros.html
2026-01-16 19:19:48,978 - Knowledge - INFO - Found code-base-name: https://github.com/kavia-common/flasky-304863.git:kavia-master
2026-01-16 19:19:49,149 - Knowledge - INFO - Found code_base: <app.utils.kg_build.knowledge.KnowledgeCodeBase object at 0x7fc237228290>
2026-01-16 19:19:49,295 - Knowledge - INFO - process ingested knowledge for /app/data/T0015/304863/b3936pr/flasky-304863/README.md
2026-01-16 19:19:49,491 - Knowledge - INFO - Found code-base-name: https://github.com/kavia-common/flasky-304863.git:kavia-master
2026-01-16 19:19:49,642 - Knowledge - INFO - Found code_base: <app.utils.kg_build.knowledge.KnowledgeCodeBase object at 0x7fc237228290>
2026-01-16 19:19:49,820 - Knowledge - INFO - process ingested knowledge for /app/data/T0015/304863/b3936pr/flasky-304863/boot.sh
2026-01-16 19:19:50,025 - Knowledge - INFO - Found code-base-name: https://github.com/kavia-common/flasky-304863.git:kavia-master
2026-01-16 19:19:50,242 - Knowledge - INFO - Found code_base: <app.utils.kg_build.knowledge.KnowledgeCodeBase object at 0x7fc237228290>
2026-01-16 19:19:50,464 - Knowledge - INFO - process ingested knowledge for /app/data/T0015/304863/b3936pr/flasky-304863/app/decorators.py
2026-01-16 19:19:50,674 - Knowledge - INFO - Found code-base-name: https://github.com/kavia-common/flasky-304863.git:kavia-master
2026-01-16 19:19:50,838 - Knowledge - INFO - Found code_base: <app.utils.kg_build.knowledge.KnowledgeCodeBase object at 0x7fc237228290>
2026-01-16 19:19:51,013 - Knowledge - INFO - process ingested knowledge for /app/data/T0015/304863/b3936pr/flasky-304863/migrations/versions/288cd3dc5a8_rich_text_posts.py
2026-01-16 19:19:51,268 - Knowledge - INFO - Found code-base-name: https://github.com/kavia-common/flasky-304863.git:kavia-master
2026-01-16 19:19:51,494 - Knowledge - INFO - Found code_base: <app.utils.kg_build.knowledge.KnowledgeCodeBase object at 0x7fc237228290>
2026-01-16 19:19:51,662 - Knowledge - INFO - process ingested knowledge for /app/data/T0015/304863/b3936pr/flasky-304863/app/api/errors.py
2026-01-16 19:19:51,895 - Knowledge - INFO - Found code-base-name: https://github.com/kavia-common/flasky-304863.git:kavia-master
2026-01-16 19:19:52,081 - Knowledge - INFO - Found code_base: <app.utils.kg_build.knowledge.KnowledgeCodeBase object at 0x7fc237228290>
2026-01-16 19:19:53,738 - Knowledge - INFO - process ingested knowledge for /app/data/T0015/304863/b3936pr/flasky-304863/config.py
2026-01-16 19:19:53,922 - Knowledge - INFO - Found code-base-name: https://github.com/kavia-common/flasky-304863.git:kavia-master
2026-01-16 19:19:54,125 - Knowledge - INFO - Found code_base: <app.utils.kg_build.knowledge.KnowledgeCodeBase object at 0x7fc237228290>
2026-01-16 19:19:54,322 - Knowledge - INFO - process ingested knowledge for /app/data/T0015/304863/b3936pr/flasky-304863/tests/test_basics.py
2026-01-16 19:19:55,079 - Knowledge - INFO - Found code-base-name: https://github.com/kavia-common/flasky-304863.git:kavia-master
2026-01-16 19:19:55,295 - Knowledge - INFO - Found code_base: <app.utils.kg_build.knowledge.KnowledgeCodeBase object at 0x7fc237228290>
2026-01-16 19:19:55,497 - Knowledge - INFO - process ingested knowledge for /app/data/T0015/304863/b3936pr/flasky-304863/migrations/versions/d66f086b258_user_information.py
2026-01-16 19:19:55,651 - Knowledge - INFO - Found code-base-name: https://github.com/kavia-common/flasky-304863.git:kavia-master
2026-01-16 19:19:55,864 - Knowledge - INFO - Found code_base: <app.utils.kg_build.knowledge.KnowledgeCodeBase object at 0x7fc237228290>
2026-01-16 19:19:56,053 - Knowledge - INFO - process ingested knowledge for /app/data/T0015/304863/b3936pr/flasky-304863/migrations/versions/38c4e85512a9_initial_migration.py
2026-01-16 19:19:56,243 - Knowledge - INFO - Found code-base-name: https://github.com/kavia-common/flasky-304863.git:kavia-master
2026-01-16 19:19:56,439 - Knowledge - INFO - Found code_base: <app.utils.kg_build.knowledge.KnowledgeCodeBase object at 0x7fc237228290>
2026-01-16 19:19:56,635 - Knowledge - INFO - process ingested knowledge for /app/data/T0015/304863/b3936pr/flasky-304863/docker-compose.yml
2026-01-16 19:19:56,790 - Knowledge - INFO - Found code-base-name: https://github.com/kavia-common/flasky-304863.git:kavia-master
2026-01-16 19:19:56,983 - Knowledge - INFO - Found code_base: <app.utils.kg_build.knowledge.KnowledgeCodeBase object at 0x7fc237228290>
2026-01-16 19:19:57,178 - Knowledge - INFO - process ingested knowledge for /app/data/T0015/304863/b3936pr/flasky-304863/app/models.py
2026-01-16 19:19:57,372 - Knowledge - INFO - Found code-base-name: https://github.com/kavia-common/flasky-304863.git:kavia-master
2026-01-16 19:19:57,538 - Knowledge - INFO - Found code_base: <app.utils.kg_build.knowledge.KnowledgeCodeBase object at 0x7fc237228290>
2026-01-16 19:19:57,738 - Knowledge - INFO - process ingested knowledge for /app/data/T0015/304863/b3936pr/flasky-304863/app/templates/mail/new_user.html
2026-01-16 19:19:57,910 - Knowledge - INFO - Found code-base-name: https://github.com/kavia-common/flasky-304863.git:kavia-master
2026-01-16 19:19:58,148 - Knowledge - INFO - Found code_base: <app.utils.kg_build.knowledge.KnowledgeCodeBase object at 0x7fc237228290>
2026-01-16 19:19:58,324 - Knowledge - INFO - process ingested knowledge for /app/data/T0015/304863/b3936pr/flasky-304863/app/templates/auth/login.html
2026-01-16 19:19:58,496 - Knowledge - INFO - Found code-base-name: https://github.com/kavia-common/flasky-304863.git:kavia-master
2026-01-16 19:19:58,669 - Knowledge - INFO - Found code_base: <app.utils.kg_build.knowledge.KnowledgeCodeBase object at 0x7fc237228290>
2026-01-16 19:19:58,839 - Knowledge - INFO - process ingested knowledge for /app/data/T0015/304863/b3936pr/flasky-304863/app/main/__init__.py
2026-01-16 19:19:59,009 - Knowledge - INFO - Found code-base-name: https://github.com/kavia-common/flasky-304863.git:kavia-master
2026-01-16 19:19:59,194 - Knowledge - INFO - Found code_base: <app.utils.kg_build.knowledge.KnowledgeCodeBase object at 0x7fc237228290>
2026-01-16 19:19:59,372 - Knowledge - INFO - process ingested knowledge for /app/data/T0015/304863/b3936pr/flasky-304863/tests/test_client.py
2026-01-16 19:19:59,548 - Knowledge - INFO - Found code-base-name: https://github.com/kavia-common/flasky-304863.git:kavia-master
2026-01-16 19:19:59,741 - Knowledge - INFO - Found code_base: <app.utils.kg_build.knowledge.KnowledgeCodeBase object at 0x7fc237228290>
2026-01-16 19:19:59,981 - Knowledge - INFO - process ingested knowledge for /app/data/T0015/304863/b3936pr/flasky-304863/app/__init__.py
2026-01-16 19:20:00,171 - Knowledge - INFO - Found code-base-name: https://github.com/kavia-common/flasky-304863.git:kavia-master
2026-01-16 19:20:00,333 - Knowledge - INFO - Found code_base: <app.utils.kg_build.knowledge.KnowledgeCodeBase object at 0x7fc237228290>
2026-01-16 19:20:00,523 - Knowledge - INFO - process ingested knowledge for /app/data/T0015/304863/b3936pr/flasky-304863/app/templates/auth/email/confirm.html
2026-01-16 19:20:00,796 - Knowledge - INFO - Found code-base-name: https://github.com/kavia-common/flasky-304863.git:kavia-master
2026-01-16 19:20:00,997 - Knowledge - INFO - Found code_base: <app.utils.kg_build.knowledge.KnowledgeCodeBase object at 0x7fc237228290>
2026-01-16 19:20:01,198 - Knowledge - INFO - process ingested knowledge for /app/data/T0015/304863/b3936pr/flasky-304863/tests/test_user_model.py
2026-01-16 19:20:01,395 - Knowledge - INFO - Found code-base-name: https://github.com/kavia-common/flasky-304863.git:kavia-master
2026-01-16 19:20:01,597 - Knowledge - INFO - Found code_base: <app.utils.kg_build.knowledge.KnowledgeCodeBase object at 0x7fc237228290>
2026-01-16 19:20:01,761 - Knowledge - INFO - process ingested knowledge for /app/data/T0015/304863/b3936pr/flasky-304863/app/templates/edit_profile.html
2026-01-16 19:20:01,930 - Knowledge - INFO - Found code-base-name: https://github.com/kavia-common/flasky-304863.git:kavia-master
2026-01-16 19:20:02,134 - Knowledge - INFO - Found code_base: <app.utils.kg_build.knowledge.KnowledgeCodeBase object at 0x7fc237228290>
2026-01-16 19:20:02,310 - Knowledge - INFO - process ingested knowledge for /app/data/T0015/304863/b3936pr/flasky-304863/app/templates/auth/reset_password.html
2026-01-16 19:20:02,490 - Knowledge - INFO - Found code-base-name: https://github.com/kavia-common/flasky-304863.git:kavia-master
2026-01-16 19:20:02,672 - Knowledge - INFO - Found code_base: <app.utils.kg_build.knowledge.KnowledgeCodeBase object at 0x7fc237228290>
2026-01-16 19:20:02,846 - Knowledge - INFO - process ingested knowledge for /app/data/T0015/304863/b3936pr/flasky-304863/app/templates/auth/register.html
2026-01-16 19:20:03,125 - Knowledge - INFO - Found code-base-name: https://github.com/kavia-common/flasky-304863.git:kavia-master
2026-01-16 19:20:03,313 - Knowledge - INFO - Found code_base: <app.utils.kg_build.knowledge.KnowledgeCodeBase object at 0x7fc237228290>
2026-01-16 19:20:03,528 - Knowledge - INFO - process ingested knowledge for /app/data/T0015/304863/b3936pr/flasky-304863/migrations/versions/56ed7d33de8d_user_roles.py
2026-01-16 19:20:03,687 - Knowledge - INFO - Found code-base-name: https://github.com/kavia-common/flasky-304863.git:kavia-master
2026-01-16 19:20:03,846 - Knowledge - INFO - Found code_base: <app.utils.kg_build.knowledge.KnowledgeCodeBase object at 0x7fc237228290>
2026-01-16 19:20:04,005 - Knowledge - INFO - process ingested knowledge for /app/data/T0015/304863/b3936pr/flasky-304863/migrations/alembic.ini
2026-01-16 19:20:04,197 - Knowledge - INFO - Found code-base-name: https://github.com/kavia-common/flasky-304863.git:kavia-master
2026-01-16 19:20:04,354 - Knowledge - INFO - Found code_base: <app.utils.kg_build.knowledge.KnowledgeCodeBase object at 0x7fc237228290>
2026-01-16 19:20:04,537 - Knowledge - INFO - process ingested knowledge for /app/data/T0015/304863/b3936pr/flasky-304863/app/templates/post.html
2026-01-16 19:20:04,735 - Knowledge - INFO - Found code-base-name: https://github.com/kavia-common/flasky-304863.git:kavia-master
2026-01-16 19:20:04,899 - Knowledge - INFO - Found code_base: <app.utils.kg_build.knowledge.KnowledgeCodeBase object at 0x7fc237228290>
2026-01-16 19:20:05,098 - Knowledge - INFO - process ingested knowledge for /app/data/T0015/304863/b3936pr/flasky-304863/app/templates/auth/change_email.html
2026-01-16 19:20:05,346 - Knowledge - INFO - Found code-base-name: https://github.com/kavia-common/flasky-304863.git:kavia-master
2026-01-16 19:20:05,531 - Knowledge - INFO - Found code_base: <app.utils.kg_build.knowledge.KnowledgeCodeBase object at 0x7fc237228290>
2026-01-16 19:20:05,718 - Knowledge - INFO - process ingested knowledge for /app/data/T0015/304863/b3936pr/flasky-304863/app/auth/forms.py
2026-01-16 19:20:05,940 - Knowledge - INFO - Found code-base-name: https://github.com/kavia-common/flasky-304863.git:kavia-master
2026-01-16 19:20:06,147 - Knowledge - INFO - Found code_base: <app.utils.kg_build.knowledge.KnowledgeCodeBase object at 0x7fc237228290>
2026-01-16 19:20:06,324 - Knowledge - INFO - process ingested knowledge for /app/data/T0015/304863/b3936pr/flasky-304863/requirements/heroku.txt
2026-01-16 19:20:06,538 - Knowledge - INFO - Found code-base-name: https://github.com/kavia-common/flasky-304863.git:kavia-master
2026-01-16 19:20:06,766 - Knowledge - INFO - Found code_base: <app.utils.kg_build.knowledge.KnowledgeCodeBase object at 0x7fc237228290>
2026-01-16 19:20:06,934 - Knowledge - INFO - process ingested knowledge for /app/data/T0015/304863/b3936pr/flasky-304863/app/email.py
2026-01-16 19:20:07,127 - Knowledge - INFO - Loaded 77 files from persisted knowledge
2026-01-16 19:20:07,299 - Knowledge - INFO - load persisted knowledge: end
2026-01-16 19:20:07,532 - Knowledge - INFO - Redis support added with prefix knowledge:b3936pr:
2026-01-16 19:20:07,801 - Knowledge - INFO - Starting knowledge initialization for ID: xhnRNu-b3936pr
2026-01-16 19:20:08,003 - Knowledge - INFO - 🔍 Checking Redis for build_id: b3936pr
2026-01-16 19:20:08,200 - Knowledge - INFO - 🔍 Full session ID: xhnRNu-b3936pr
2026-01-16 19:20:08,406 - Knowledge - INFO - 🔍 Redis prefix will be: knowledge:b3936pr:
2026-01-16 19:20:08,596 - Knowledge - INFO - 🔍 Using attached load_from_redis() method
2026-01-16 19:20:08,811 - Knowledge - INFO - 🔍 Attempting to load knowledge from Redis...
2026-01-16 19:20:09,009 - Knowledge - INFO - 🔍 Using derived instance_id for Redis lookup: b3936pr
2026-01-16 19:20:09,228 - Knowledge - INFO - ✅ Redis cache found! Loading knowledge...
2026-01-16 19:20:09,393 - Knowledge - INFO - ✅ Successfully loaded from Redis: 77 files
2026-01-16 19:20:09,557 - Knowledge - INFO - ✅ Redis load complete: 77 files in 0.96s
2026-01-16 19:20:09,737 - Knowledge - INFO - ⚡ Total Redis path: 0.96s (vs ~300s from disk)
2026-01-16 19:20:09,935 - Knowledge - INFO - Saving knowledge to Redis...
2026-01-16 19:20:10,158 - Knowledge - INFO - Knowledge saved to Redis successfully
2026-01-17 18:12:30,853 - Knowledge - INFO - Created shared MongoDB connection pool
2026-01-17 18:12:31,231 - Knowledge - INFO - Starting Knowledge Graph processing with 20 threads
2026-01-17 18:12:31,433 - Knowledge - INFO - Initial configuration: chunk_size=65536, max_cache_size=500
2026-01-17 18:12:31,615 - Knowledge - INFO - Knowledge Graph concurrency configuration: workers=20, max_batch_size=10, max_concurrent_llm_calls=50
2026-01-17 18:12:32,768 - Knowledge - INFO - 🔍 _load_persisted_knowledge called - checking for Redis optimization
2026-01-17 18:12:32,974 - Knowledge - WARNING - ❌ load_from_redis method not found - Redis support not attached
2026-01-17 18:12:33,201 - Knowledge - INFO - load persisted knowledge: begin
2026-01-17 18:12:33,401 - Knowledge - INFO - Found code-base-name: https://github.com/kavia-common/flasky-304863.git:kavia-master
2026-01-17 18:12:33,578 - Knowledge - INFO - Found code_base: <app.utils.kg_build.knowledge.KnowledgeCodeBase object at 0x7f3b33d3a950>
2026-01-17 18:12:33,774 - Knowledge - INFO - process ingested knowledge for /app/data/T0015/304863/b3936pr/flasky-304863/requirements/dev.txt
2026-01-17 18:12:34,004 - Knowledge - INFO - Found code-base-name: https://github.com/kavia-common/flasky-304863.git:kavia-master
2026-01-17 18:12:34,156 - Knowledge - INFO - Found code_base: <app.utils.kg_build.knowledge.KnowledgeCodeBase object at 0x7f3b33d3a950>
2026-01-17 18:12:34,314 - Knowledge - INFO - process ingested knowledge for /app/data/T0015/304863/b3936pr/flasky-304863/app/api/authentication.py
2026-01-17 18:12:34,475 - Knowledge - INFO - Found code-base-name: https://github.com/kavia-common/flasky-304863.git:kavia-master
2026-01-17 18:12:34,642 - Knowledge - INFO - Found code_base: <app.utils.kg_build.knowledge.KnowledgeCodeBase object at 0x7f3b33d3a950>
2026-01-17 18:12:34,826 - Knowledge - INFO - process ingested knowledge for /app/data/T0015/304863/b3936pr/flasky-304863/app/templates/user.html
2026-01-17 18:12:35,012 - Knowledge - INFO - Found code-base-name: https://github.com/kavia-common/flasky-304863.git:kavia-master
2026-01-17 18:12:35,205 - Knowledge - INFO - Found code_base: <app.utils.kg_build.knowledge.KnowledgeCodeBase object at 0x7f3b33d3a950>
2026-01-17 18:12:35,388 - Knowledge - INFO - process ingested knowledge for /app/data/T0015/304863/b3936pr/flasky-304863/app/api/__init__.py
2026-01-17 18:12:35,548 - Knowledge - INFO - Found code-base-name: https://github.com/kavia-common/flasky-304863.git:kavia-master
2026-01-17 18:12:35,739 - Knowledge - INFO - Found code_base: <app.utils.kg_build.knowledge.KnowledgeCodeBase object at 0x7f3b33d3a950>
2026-01-17 18:12:35,946 - Knowledge - INFO - process ingested knowledge for /app/data/T0015/304863/b3936pr/flasky-304863/app/main/errors.py
2026-01-17 18:12:36,116 - Knowledge - INFO - Found code-base-name: https://github.com/kavia-common/flasky-304863.git:kavia-master
2026-01-17 18:12:36,285 - Knowledge - INFO - Found code_base: <app.utils.kg_build.knowledge.KnowledgeCodeBase object at 0x7f3b33d3a950>
2026-01-17 18:12:36,460 - Knowledge - INFO - process ingested knowledge for /app/data/T0015/304863/b3936pr/flasky-304863/app/templates/403.html
2026-01-17 18:12:36,623 - Knowledge - INFO - Found code-base-name: https://github.com/kavia-common/flasky-304863.git:kavia-master
2026-01-17 18:12:36,784 - Knowledge - INFO - Found code_base: <app.utils.kg_build.knowledge.KnowledgeCodeBase object at 0x7f3b33d3a950>
2026-01-17 18:12:36,949 - Knowledge - INFO - process ingested knowledge for /app/data/T0015/304863/b3936pr/flasky-304863/app/auth/__init__.py
2026-01-17 18:12:37,127 - Knowledge - INFO - Found code-base-name: https://github.com/kavia-common/flasky-304863.git:kavia-master
2026-01-17 18:12:37,324 - Knowledge - INFO - Found code_base: <app.utils.kg_build.knowledge.KnowledgeCodeBase object at 0x7f3b33d3a950>
2026-01-17 18:12:37,512 - Knowledge - INFO - process ingested knowledge for /app/data/T0015/304863/b3936pr/flasky-304863/migrations/versions/456a945560f6_login_support.py
2026-01-17 18:12:37,699 - Knowledge - INFO - Found code-base-name: https://github.com/kavia-common/flasky-304863.git:kavia-master
2026-01-17 18:12:37,943 - Knowledge - INFO - Found code_base: <app.utils.kg_build.knowledge.KnowledgeCodeBase object at 0x7f3b33d3a950>
2026-01-17 18:12:38,150 - Knowledge - INFO - process ingested knowledge for /app/data/T0015/304863/b3936pr/flasky-304863/app/templates/edit_post.html
2026-01-17 18:12:38,306 - Knowledge - INFO - Found code-base-name: https://github.com/kavia-common/flasky-304863.git:kavia-master
2026-01-17 18:12:38,506 - Knowledge - INFO - Found code_base: <app.utils.kg_build.knowledge.KnowledgeCodeBase object at 0x7f3b33d3a950>
2026-01-17 18:12:38,709 - Knowledge - INFO - process ingested knowledge for /app/data/T0015/304863/b3936pr/flasky-304863/migrations/env.py
2026-01-17 18:12:38,913 - Knowledge - INFO - Found code-base-name: https://github.com/kavia-common/flasky-304863.git:kavia-master
2026-01-17 18:12:39,102 - Knowledge - INFO - Found code_base: <app.utils.kg_build.knowledge.KnowledgeCodeBase object at 0x7f3b33d3a950>
2026-01-17 18:12:39,295 - Knowledge - INFO - process ingested knowledge for /app/data/T0015/304863/b3936pr/flasky-304863/app/templates/auth/unconfirmed.html
2026-01-17 18:12:39,469 - Knowledge - INFO - Found code-base-name: https://github.com/kavia-common/flasky-304863.git:kavia-master
2026-01-17 18:12:39,646 - Knowledge - INFO - Found code_base: <app.utils.kg_build.knowledge.KnowledgeCodeBase object at 0x7f3b33d3a950>
2026-01-17 18:12:39,868 - Knowledge - INFO - process ingested knowledge for /app/data/T0015/304863/b3936pr/flasky-304863/app/templates/base.html
2026-01-17 18:12:40,081 - Knowledge - INFO - Found code-base-name: https://github.com/kavia-common/flasky-304863.git:kavia-master
2026-01-17 18:12:40,272 - Knowledge - INFO - Found code_base: <app.utils.kg_build.knowledge.KnowledgeCodeBase object at 0x7f3b33d3a950>
2026-01-17 18:12:40,507 - Knowledge - INFO - process ingested knowledge for /app/data/T0015/304863/b3936pr/flasky-304863/tests/test_api.py
2026-01-17 18:12:40,701 - Knowledge - INFO - Found code-base-name: https://github.com/kavia-common/flasky-304863.git:kavia-master
2026-01-17 18:12:40,882 - Knowledge - INFO - Found code_base: <app.utils.kg_build.knowledge.KnowledgeCodeBase object at 0x7f3b33d3a950>
2026-01-17 18:12:41,104 - Knowledge - INFO - process ingested knowledge for /app/data/T0015/304863/b3936pr/flasky-304863/requirements.txt
2026-01-17 18:12:41,276 - Knowledge - INFO - Found code-base-name: https://github.com/kavia-common/flasky-304863.git:kavia-master
2026-01-17 18:12:41,474 - Knowledge - INFO - Found code_base: <app.utils.kg_build.knowledge.KnowledgeCodeBase object at 0x7f3b33d3a950>
2026-01-17 18:12:41,646 - Knowledge - INFO - process ingested knowledge for /app/data/T0015/304863/b3936pr/flasky-304863/app/main/forms.py
2026-01-17 18:12:41,812 - Knowledge - INFO - Found code-base-name: https://github.com/kavia-common/flasky-304863.git:kavia-master
2026-01-17 18:12:42,020 - Knowledge - INFO - Found code_base: <app.utils.kg_build.knowledge.KnowledgeCodeBase object at 0x7f3b33d3a950>
2026-01-17 18:12:42,243 - Knowledge - INFO - process ingested knowledge for /app/data/T0015/304863/b3936pr/flasky-304863/app/templates/auth/email/confirm.txt
2026-01-17 18:12:42,417 - Knowledge - INFO - Found code-base-name: https://github.com/kavia-common/flasky-304863.git:kavia-master
2026-01-17 18:12:42,564 - Knowledge - INFO - Found code_base: <app.utils.kg_build.knowledge.KnowledgeCodeBase object at 0x7f3b33d3a950>
2026-01-17 18:12:42,742 - Knowledge - INFO - process ingested knowledge for /app/data/T0015/304863/b3936pr/flasky-304863/app/api/users.py
2026-01-17 18:12:42,947 - Knowledge - INFO - Found code-base-name: https://github.com/kavia-common/flasky-304863.git:kavia-master
2026-01-17 18:12:43,133 - Knowledge - INFO - Found code_base: <app.utils.kg_build.knowledge.KnowledgeCodeBase object at 0x7f3b33d3a950>
2026-01-17 18:12:43,300 - Knowledge - INFO - process ingested knowledge for /app/data/T0015/304863/b3936pr/flasky-304863/app/templates/moderate.html
2026-01-17 18:12:43,467 - Knowledge - INFO - Found code-base-name: https://github.com/kavia-common/flasky-304863.git:kavia-master
2026-01-17 18:12:43,635 - Knowledge - INFO - Found code_base: <app.utils.kg_build.knowledge.KnowledgeCodeBase object at 0x7f3b33d3a950>
2026-01-17 18:12:43,806 - Knowledge - INFO - process ingested knowledge for /app/data/T0015/304863/b3936pr/flasky-304863/app/static/styles.css
2026-01-17 18:12:43,982 - Knowledge - INFO - Found code-base-name: https://github.com/kavia-common/flasky-304863.git:kavia-master
2026-01-17 18:12:44,138 - Knowledge - INFO - Found code_base: <app.utils.kg_build.knowledge.KnowledgeCodeBase object at 0x7f3b33d3a950>
2026-01-17 18:12:44,309 - Knowledge - INFO - process ingested knowledge for /app/data/T0015/304863/b3936pr/flasky-304863/app/templates/auth/change_password.html
2026-01-17 18:12:44,521 - Knowledge - INFO - Found code-base-name: https://github.com/kavia-common/flasky-304863.git:kavia-master
2026-01-17 18:12:44,714 - Knowledge - INFO - Found code_base: <app.utils.kg_build.knowledge.KnowledgeCodeBase object at 0x7f3b33d3a950>
2026-01-17 18:12:44,903 - Knowledge - INFO - process ingested knowledge for /app/data/T0015/304863/b3936pr/flasky-304863/migrations/versions/51f5ccfba190_comments.py
2026-01-17 18:12:45,072 - Knowledge - INFO - Found code-base-name: https://github.com/kavia-common/flasky-304863.git:kavia-master
2026-01-17 18:12:45,248 - Knowledge - INFO - Found code_base: <app.utils.kg_build.knowledge.KnowledgeCodeBase object at 0x7f3b33d3a950>
2026-01-17 18:12:45,419 - Knowledge - INFO - process ingested knowledge for /app/data/T0015/304863/b3936pr/flasky-304863/tests/test_selenium.py
2026-01-17 18:12:45,574 - Knowledge - INFO - Found code-base-name: https://github.com/kavia-common/flasky-304863.git:kavia-master
2026-01-17 18:12:45,733 - Knowledge - INFO - Found code_base: <app.utils.kg_build.knowledge.KnowledgeCodeBase object at 0x7f3b33d3a950>
2026-01-17 18:12:45,925 - Knowledge - INFO - process ingested knowledge for /app/data/T0015/304863/b3936pr/flasky-304863/requirements/common.txt
2026-01-17 18:12:46,105 - Knowledge - INFO - Found code-base-name: https://github.com/kavia-common/flasky-304863.git:kavia-master
2026-01-17 18:12:46,295 - Knowledge - INFO - Found code_base: <app.utils.kg_build.knowledge.KnowledgeCodeBase object at 0x7f3b33d3a950>
2026-01-17 18:12:46,486 - Knowledge - INFO - process ingested knowledge for /app/data/T0015/304863/b3936pr/flasky-304863/requirements/prod.txt
2026-01-17 18:12:46,636 - Knowledge - INFO - Found code-base-name: https://github.com/kavia-common/flasky-304863.git:kavia-master
2026-01-17 18:12:46,808 - Knowledge - INFO - Found code_base: <app.utils.kg_build.knowledge.KnowledgeCodeBase object at 0x7f3b33d3a950>
2026-01-17 18:12:46,977 - Knowledge - INFO - process ingested knowledge for /app/data/T0015/304863/b3936pr/flasky-304863/app/templates/auth/email/change_email.html
2026-01-17 18:12:47,204 - Knowledge - INFO - Found code-base-name: https://github.com/kavia-common/flasky-304863.git:kavia-master
2026-01-17 18:12:47,368 - Knowledge - INFO - Found code_base: <app.utils.kg_build.knowledge.KnowledgeCodeBase object at 0x7f3b33d3a950>
2026-01-17 18:12:47,552 - Knowledge - INFO - process ingested knowledge for /app/data/T0015/304863/b3936pr/flasky-304863/app/templates/mail/new_user.txt
2026-01-17 18:12:47,752 - Knowledge - INFO - Found code-base-name: https://github.com/kavia-common/flasky-304863.git:kavia-master
2026-01-17 18:12:47,948 - Knowledge - INFO - Found code_base: <app.utils.kg_build.knowledge.KnowledgeCodeBase object at 0x7f3b33d3a950>
2026-01-17 18:12:48,124 - Knowledge - INFO - process ingested knowledge for /app/data/T0015/304863/b3936pr/flasky-304863/app/templates/500.html
2026-01-17 18:12:48,286 - Knowledge - INFO - Found code-base-name: https://github.com/kavia-common/flasky-304863.git:kavia-master
2026-01-17 18:12:48,495 - Knowledge - INFO - Found code_base: <app.utils.kg_build.knowledge.KnowledgeCodeBase object at 0x7f3b33d3a950>
2026-01-17 18:12:48,690 - Knowledge - INFO - process ingested knowledge for /app/data/T0015/304863/b3936pr/flasky-304863/app/api/decorators.py
2026-01-17 18:12:48,881 - Knowledge - INFO - Found code-base-name: https://github.com/kavia-common/flasky-304863.git:kavia-master
2026-01-17 18:12:49,107 - Knowledge - INFO - Found code_base: <app.utils.kg_build.knowledge.KnowledgeCodeBase object at 0x7f3b33d3a950>
2026-01-17 18:12:49,295 - Knowledge - INFO - process ingested knowledge for /app/data/T0015/304863/b3936pr/flasky-304863/app/templates/_comments.html
2026-01-17 18:12:49,454 - Knowledge - INFO - Found code-base-name: https://github.com/kavia-common/flasky-304863.git:kavia-master
2026-01-17 18:12:49,617 - Knowledge - INFO - Found code_base: <app.utils.kg_build.knowledge.KnowledgeCodeBase object at 0x7f3b33d3a950>
2026-01-17 18:12:49,813 - Knowledge - INFO - process ingested knowledge for /app/data/T0015/304863/b3936pr/flasky-304863/app/auth/views.py
2026-01-17 18:12:49,997 - Knowledge - INFO - Found code-base-name: https://github.com/kavia-common/flasky-304863.git:kavia-master
2026-01-17 18:12:50,155 - Knowledge - INFO - Found code_base: <app.utils.kg_build.knowledge.KnowledgeCodeBase object at 0x7f3b33d3a950>
2026-01-17 18:12:50,305 - Knowledge - INFO - process ingested knowledge for /app/data/T0015/304863/b3936pr/flasky-304863/migrations/versions/198b0eebcf9_caching_of_avatar_hashes.py
2026-01-17 18:12:50,483 - Knowledge - INFO - Found code-base-name: https://github.com/kavia-common/flasky-304863.git:kavia-master
2026-01-17 18:12:50,707 - Knowledge - INFO - Found code_base: <app.utils.kg_build.knowledge.KnowledgeCodeBase object at 0x7f3b33d3a950>
2026-01-17 18:12:50,897 - Knowledge - INFO - process ingested knowledge for /app/data/T0015/304863/b3936pr/flasky-304863/app/api/comments.py
2026-01-17 18:12:51,055 - Knowledge - INFO - Found code-base-name: https://github.com/kavia-common/flasky-304863.git:kavia-master
2026-01-17 18:12:51,241 - Knowledge - INFO - Found code_base: <app.utils.kg_build.knowledge.KnowledgeCodeBase object at 0x7f3b33d3a950>
2026-01-17 18:12:51,412 - Knowledge - INFO - process ingested knowledge for /app/data/T0015/304863/b3936pr/flasky-304863/app/templates/followers.html
2026-01-17 18:12:51,596 - Knowledge - INFO - Found code-base-name: https://github.com/kavia-common/flasky-304863.git:kavia-master
2026-01-17 18:12:51,827 - Knowledge - INFO - Found code_base: <app.utils.kg_build.knowledge.KnowledgeCodeBase object at 0x7f3b33d3a950>
2026-01-17 18:12:52,015 - Knowledge - INFO - process ingested knowledge for /app/data/T0015/304863/b3936pr/flasky-304863/app/fake.py
2026-01-17 18:12:52,208 - Knowledge - INFO - Found code-base-name: https://github.com/kavia-common/flasky-304863.git:kavia-master
2026-01-17 18:12:52,387 - Knowledge - INFO - Found code_base: <app.utils.kg_build.knowledge.KnowledgeCodeBase object at 0x7f3b33d3a950>
2026-01-17 18:12:52,554 - Knowledge - INFO - process ingested knowledge for /app/data/T0015/304863/b3936pr/flasky-304863/migrations/versions/1b966e7f4b9e_post_model.py
2026-01-17 18:12:52,755 - Knowledge - INFO - Found code-base-name: https://github.com/kavia-common/flasky-304863.git:kavia-master
2026-01-17 18:12:52,920 - Knowledge - INFO - Found code_base: <app.utils.kg_build.knowledge.KnowledgeCodeBase object at 0x7f3b33d3a950>
2026-01-17 18:12:53,183 - Knowledge - INFO - process ingested knowledge for /app/data/T0015/304863/b3936pr/flasky-304863/app/templates/auth/email/reset_password.html
2026-01-17 18:12:53,357 - Knowledge - INFO - Found code-base-name: https://github.com/kavia-common/flasky-304863.git:kavia-master
2026-01-17 18:12:53,552 - Knowledge - INFO - Found code_base: <app.utils.kg_build.knowledge.KnowledgeCodeBase object at 0x7f3b33d3a950>
2026-01-17 18:12:53,714 - Knowledge - INFO - process ingested knowledge for /app/data/T0015/304863/b3936pr/flasky-304863/flasky.py
2026-01-17 18:12:53,964 - Knowledge - INFO - Found code-base-name: https://github.com/kavia-common/flasky-304863.git:kavia-master
2026-01-17 18:12:54,136 - Knowledge - INFO - Found code_base: <app.utils.kg_build.knowledge.KnowledgeCodeBase object at 0x7f3b33d3a950>
2026-01-17 18:12:54,364 - Knowledge - INFO - process ingested knowledge for /app/data/T0015/304863/b3936pr/flasky-304863/app/templates/auth/email/change_email.txt
2026-01-17 18:12:54,576 - Knowledge - INFO - Found code-base-name: https://github.com/kavia-common/flasky-304863.git:kavia-master
2026-01-17 18:12:54,776 - Knowledge - INFO - Found code_base: <app.utils.kg_build.knowledge.KnowledgeCodeBase object at 0x7f3b33d3a950>
2026-01-17 18:12:54,971 - Knowledge - INFO - process ingested knowledge for /app/data/T0015/304863/b3936pr/flasky-304863/app/exceptions.py
2026-01-17 18:12:55,153 - Knowledge - INFO - Found code-base-name: https://github.com/kavia-common/flasky-304863.git:kavia-master
2026-01-17 18:12:55,357 - Knowledge - INFO - Found code_base: <app.utils.kg_build.knowledge.KnowledgeCodeBase object at 0x7f3b33d3a950>
2026-01-17 18:12:55,547 - Knowledge - INFO - process ingested knowledge for /app/data/T0015/304863/b3936pr/flasky-304863/app/templates/index.html
2026-01-17 18:12:55,742 - Knowledge - INFO - Found code-base-name: https://github.com/kavia-common/flasky-304863.git:kavia-master
2026-01-17 18:12:55,931 - Knowledge - INFO - Found code_base: <app.utils.kg_build.knowledge.KnowledgeCodeBase object at 0x7f3b33d3a950>
2026-01-17 18:12:56,105 - Knowledge - INFO - process ingested knowledge for /app/data/T0015/304863/b3936pr/flasky-304863/migrations/versions/2356a38169ea_followers.py
2026-01-17 18:12:56,336 - Knowledge - INFO - Found code-base-name: https://github.com/kavia-common/flasky-304863.git:kavia-master
2026-01-17 18:12:56,555 - Knowledge - INFO - Found code_base: <app.utils.kg_build.knowledge.KnowledgeCodeBase object at 0x7f3b33d3a950>
2026-01-17 18:12:56,757 - Knowledge - INFO - process ingested knowledge for /app/data/T0015/304863/b3936pr/flasky-304863/app/api/posts.py
2026-01-17 18:12:56,927 - Knowledge - INFO - Found code-base-name: https://github.com/kavia-common/flasky-304863.git:kavia-master
2026-01-17 18:12:57,104 - Knowledge - INFO - Found code_base: <app.utils.kg_build.knowledge.KnowledgeCodeBase object at 0x7f3b33d3a950>
2026-01-17 18:12:57,305 - Knowledge - INFO - process ingested knowledge for /app/data/T0015/304863/b3936pr/flasky-304863/app/templates/auth/email/reset_password.txt
2026-01-17 18:12:57,520 - Knowledge - INFO - Found code-base-name: https://github.com/kavia-common/flasky-304863.git:kavia-master
2026-01-17 18:12:57,726 - Knowledge - INFO - Found code_base: <app.utils.kg_build.knowledge.KnowledgeCodeBase object at 0x7f3b33d3a950>
2026-01-17 18:12:57,896 - Knowledge - INFO - process ingested knowledge for /app/data/T0015/304863/b3936pr/flasky-304863/app/templates/404.html
2026-01-17 18:12:58,108 - Knowledge - INFO - Found code-base-name: https://github.com/kavia-common/flasky-304863.git:kavia-master
2026-01-17 18:12:58,280 - Knowledge - INFO - Found code_base: <app.utils.kg_build.knowledge.KnowledgeCodeBase object at 0x7f3b33d3a950>
2026-01-17 18:12:58,470 - Knowledge - INFO - process ingested knowledge for /app/data/T0015/304863/b3936pr/flasky-304863/app/templates/_posts.html
2026-01-17 18:12:58,625 - Knowledge - INFO - Found code-base-name: https://github.com/kavia-common/flasky-304863.git:kavia-master
2026-01-17 18:12:58,834 - Knowledge - INFO - Found code_base: <app.utils.kg_build.knowledge.KnowledgeCodeBase object at 0x7f3b33d3a950>
2026-01-17 18:12:59,006 - Knowledge - INFO - process ingested knowledge for /app/data/T0015/304863/b3936pr/flasky-304863/requirements/docker.txt
2026-01-17 18:12:59,173 - Knowledge - INFO - Found code-base-name: https://github.com/kavia-common/flasky-304863.git:kavia-master
2026-01-17 18:12:59,384 - Knowledge - INFO - Found code_base: <app.utils.kg_build.knowledge.KnowledgeCodeBase object at 0x7f3b33d3a950>
2026-01-17 18:12:59,571 - Knowledge - INFO - process ingested knowledge for /app/data/T0015/304863/b3936pr/flasky-304863/app/main/views.py
2026-01-17 18:12:59,762 - Knowledge - INFO - Found code-base-name: https://github.com/kavia-common/flasky-304863.git:kavia-master
2026-01-17 18:12:59,931 - Knowledge - INFO - Found code_base: <app.utils.kg_build.knowledge.KnowledgeCodeBase object at 0x7f3b33d3a950>
2026-01-17 18:13:00,121 - Knowledge - INFO - process ingested knowledge for /app/data/T0015/304863/b3936pr/flasky-304863/migrations/versions/190163627111_account_confirmation.py
2026-01-17 18:13:00,285 - Knowledge - INFO - Found code-base-name: https://github.com/kavia-common/flasky-304863.git:kavia-master
2026-01-17 18:13:00,483 - Knowledge - INFO - Found code_base: <app.utils.kg_build.knowledge.KnowledgeCodeBase object at 0x7f3b33d3a950>
2026-01-17 18:13:00,673 - Knowledge - INFO - process ingested knowledge for /app/data/T0015/304863/b3936pr/flasky-304863/app/templates/_macros.html
2026-01-17 18:13:00,879 - Knowledge - INFO - Found code-base-name: https://github.com/kavia-common/flasky-304863.git:kavia-master
2026-01-17 18:13:01,058 - Knowledge - INFO - Found code_base: <app.utils.kg_build.knowledge.KnowledgeCodeBase object at 0x7f3b33d3a950>
2026-01-17 18:13:01,251 - Knowledge - INFO - process ingested knowledge for /app/data/T0015/304863/b3936pr/flasky-304863/README.md
2026-01-17 18:13:01,431 - Knowledge - INFO - Found code-base-name: https://github.com/kavia-common/flasky-304863.git:kavia-master
2026-01-17 18:13:01,634 - Knowledge - INFO - Found code_base: <app.utils.kg_build.knowledge.KnowledgeCodeBase object at 0x7f3b33d3a950>
2026-01-17 18:13:01,813 - Knowledge - INFO - process ingested knowledge for /app/data/T0015/304863/b3936pr/flasky-304863/boot.sh
2026-01-17 18:13:02,034 - Knowledge - INFO - Found code-base-name: https://github.com/kavia-common/flasky-304863.git:kavia-master
2026-01-17 18:13:02,214 - Knowledge - INFO - Found code_base: <app.utils.kg_build.knowledge.KnowledgeCodeBase object at 0x7f3b33d3a950>
2026-01-17 18:13:02,465 - Knowledge - INFO - process ingested knowledge for /app/data/T0015/304863/b3936pr/flasky-304863/app/decorators.py
2026-01-17 18:13:02,676 - Knowledge - INFO - Found code-base-name: https://github.com/kavia-common/flasky-304863.git:kavia-master
2026-01-17 18:13:02,865 - Knowledge - INFO - Found code_base: <app.utils.kg_build.knowledge.KnowledgeCodeBase object at 0x7f3b33d3a950>
2026-01-17 18:13:03,043 - Knowledge - INFO - process ingested knowledge for /app/data/T0015/304863/b3936pr/flasky-304863/migrations/versions/288cd3dc5a8_rich_text_posts.py
2026-01-17 18:13:03,240 - Knowledge - INFO - Found code-base-name: https://github.com/kavia-common/flasky-304863.git:kavia-master
2026-01-17 18:13:03,471 - Knowledge - INFO - Found code_base: <app.utils.kg_build.knowledge.KnowledgeCodeBase object at 0x7f3b33d3a950>
2026-01-17 18:13:03,644 - Knowledge - INFO - process ingested knowledge for /app/data/T0015/304863/b3936pr/flasky-304863/app/api/errors.py
2026-01-17 18:13:03,851 - Knowledge - INFO - Found code-base-name: https://github.com/kavia-common/flasky-304863.git:kavia-master
2026-01-17 18:13:04,047 - Knowledge - INFO - Found code_base: <app.utils.kg_build.knowledge.KnowledgeCodeBase object at 0x7f3b33d3a950>
2026-01-17 18:13:04,279 - Knowledge - INFO - process ingested knowledge for /app/data/T0015/304863/b3936pr/flasky-304863/config.py
2026-01-17 18:13:04,444 - Knowledge - INFO - Found code-base-name: https://github.com/kavia-common/flasky-304863.git:kavia-master
2026-01-17 18:13:04,617 - Knowledge - INFO - Found code_base: <app.utils.kg_build.knowledge.KnowledgeCodeBase object at 0x7f3b33d3a950>
2026-01-17 18:13:04,830 - Knowledge - INFO - process ingested knowledge for /app/data/T0015/304863/b3936pr/flasky-304863/tests/test_basics.py
2026-01-17 18:13:05,032 - Knowledge - INFO - Found code-base-name: https://github.com/kavia-common/flasky-304863.git:kavia-master
2026-01-17 18:13:05,209 - Knowledge - INFO - Found code_base: <app.utils.kg_build.knowledge.KnowledgeCodeBase object at 0x7f3b33d3a950>
2026-01-17 18:13:05,384 - Knowledge - INFO - process ingested knowledge for /app/data/T0015/304863/b3936pr/flasky-304863/migrations/versions/d66f086b258_user_information.py
2026-01-17 18:13:05,589 - Knowledge - INFO - Found code-base-name: https://github.com/kavia-common/flasky-304863.git:kavia-master
2026-01-17 18:13:05,767 - Knowledge - INFO - Found code_base: <app.utils.kg_build.knowledge.KnowledgeCodeBase object at 0x7f3b33d3a950>
2026-01-17 18:13:05,965 - Knowledge - INFO - process ingested knowledge for /app/data/T0015/304863/b3936pr/flasky-304863/migrations/versions/38c4e85512a9_initial_migration.py
2026-01-17 18:13:06,195 - Knowledge - INFO - Found code-base-name: https://github.com/kavia-common/flasky-304863.git:kavia-master
2026-01-17 18:13:06,364 - Knowledge - INFO - Found code_base: <app.utils.kg_build.knowledge.KnowledgeCodeBase object at 0x7f3b33d3a950>
2026-01-17 18:13:06,564 - Knowledge - INFO - process ingested knowledge for /app/data/T0015/304863/b3936pr/flasky-304863/docker-compose.yml
2026-01-17 18:13:06,746 - Knowledge - INFO - Found code-base-name: https://github.com/kavia-common/flasky-304863.git:kavia-master
2026-01-17 18:13:06,977 - Knowledge - INFO - Found code_base: <app.utils.kg_build.knowledge.KnowledgeCodeBase object at 0x7f3b33d3a950>
2026-01-17 18:13:07,139 - Knowledge - INFO - process ingested knowledge for /app/data/T0015/304863/b3936pr/flasky-304863/app/models.py
2026-01-17 18:13:07,332 - Knowledge - INFO - Found code-base-name: https://github.com/kavia-common/flasky-304863.git:kavia-master
2026-01-17 18:13:07,496 - Knowledge - INFO - Found code_base: <app.utils.kg_build.knowledge.KnowledgeCodeBase object at 0x7f3b33d3a950>
2026-01-17 18:13:07,659 - Knowledge - INFO - process ingested knowledge for /app/data/T0015/304863/b3936pr/flasky-304863/app/templates/mail/new_user.html
2026-01-17 18:13:07,859 - Knowledge - INFO - Found code-base-name: https://github.com/kavia-common/flasky-304863.git:kavia-master
2026-01-17 18:13:08,043 - Knowledge - INFO - Found code_base: <app.utils.kg_build.knowledge.KnowledgeCodeBase object at 0x7f3b33d3a950>
2026-01-17 18:13:08,189 - Knowledge - INFO - process ingested knowledge for /app/data/T0015/304863/b3936pr/flasky-304863/app/templates/auth/login.html
2026-01-17 18:13:08,396 - Knowledge - INFO - Found code-base-name: https://github.com/kavia-common/flasky-304863.git:kavia-master
2026-01-17 18:13:08,582 - Knowledge - INFO - Found code_base: <app.utils.kg_build.knowledge.KnowledgeCodeBase object at 0x7f3b33d3a950>
2026-01-17 18:13:08,750 - Knowledge - INFO - process ingested knowledge for /app/data/T0015/304863/b3936pr/flasky-304863/app/main/__init__.py
2026-01-17 18:13:09,003 - Knowledge - INFO - Found code-base-name: https://github.com/kavia-common/flasky-304863.git:kavia-master
2026-01-17 18:13:09,174 - Knowledge - INFO - Found code_base: <app.utils.kg_build.knowledge.KnowledgeCodeBase object at 0x7f3b33d3a950>
2026-01-17 18:13:09,338 - Knowledge - INFO - process ingested knowledge for /app/data/T0015/304863/b3936pr/flasky-304863/tests/test_client.py
2026-01-17 18:13:09,547 - Knowledge - INFO - Found code-base-name: https://github.com/kavia-common/flasky-304863.git:kavia-master
2026-01-17 18:13:09,724 - Knowledge - INFO - Found code_base: <app.utils.kg_build.knowledge.KnowledgeCodeBase object at 0x7f3b33d3a950>
2026-01-17 18:13:09,914 - Knowledge - INFO - process ingested knowledge for /app/data/T0015/304863/b3936pr/flasky-304863/app/__init__.py
2026-01-17 18:13:10,118 - Knowledge - INFO - Found code-base-name: https://github.com/kavia-common/flasky-304863.git:kavia-master
2026-01-17 18:13:10,321 - Knowledge - INFO - Found code_base: <app.utils.kg_build.knowledge.KnowledgeCodeBase object at 0x7f3b33d3a950>
2026-01-17 18:13:10,527 - Knowledge - INFO - process ingested knowledge for /app/data/T0015/304863/b3936pr/flasky-304863/app/templates/auth/email/confirm.html
2026-01-17 18:13:10,698 - Knowledge - INFO - Found code-base-name: https://github.com/kavia-common/flasky-304863.git:kavia-master
2026-01-17 18:13:10,860 - Knowledge - INFO - Found code_base: <app.utils.kg_build.knowledge.KnowledgeCodeBase object at 0x7f3b33d3a950>
2026-01-17 18:13:11,055 - Knowledge - INFO - process ingested knowledge for /app/data/T0015/304863/b3936pr/flasky-304863/tests/test_user_model.py
2026-01-17 18:13:11,283 - Knowledge - INFO - Found code-base-name: https://github.com/kavia-common/flasky-304863.git:kavia-master
2026-01-17 18:13:11,475 - Knowledge - INFO - Found code_base: <app.utils.kg_build.knowledge.KnowledgeCodeBase object at 0x7f3b33d3a950>
2026-01-17 18:13:11,643 - Knowledge - INFO - process ingested knowledge for /app/data/T0015/304863/b3936pr/flasky-304863/app/templates/edit_profile.html
2026-01-17 18:13:11,838 - Knowledge - INFO - Found code-base-name: https://github.com/kavia-common/flasky-304863.git:kavia-master
2026-01-17 18:13:12,041 - Knowledge - INFO - Found code_base: <app.utils.kg_build.knowledge.KnowledgeCodeBase object at 0x7f3b33d3a950>
2026-01-17 18:13:12,214 - Knowledge - INFO - process ingested knowledge for /app/data/T0015/304863/b3936pr/flasky-304863/app/templates/auth/reset_password.html
2026-01-17 18:13:12,390 - Knowledge - INFO - Found code-base-name: https://github.com/kavia-common/flasky-304863.git:kavia-master
2026-01-17 18:13:12,555 - Knowledge - INFO - Found code_base: <app.utils.kg_build.knowledge.KnowledgeCodeBase object at 0x7f3b33d3a950>
2026-01-17 18:13:12,732 - Knowledge - INFO - process ingested knowledge for /app/data/T0015/304863/b3936pr/flasky-304863/app/templates/auth/register.html
2026-01-17 18:13:12,931 - Knowledge - INFO - Found code-base-name: https://github.com/kavia-common/flasky-304863.git:kavia-master
2026-01-17 18:13:13,141 - Knowledge - INFO - Found code_base: <app.utils.kg_build.knowledge.KnowledgeCodeBase object at 0x7f3b33d3a950>
2026-01-17 18:13:13,368 - Knowledge - INFO - process ingested knowledge for /app/data/T0015/304863/b3936pr/flasky-304863/migrations/versions/56ed7d33de8d_user_roles.py
2026-01-17 18:13:13,621 - Knowledge - INFO - Found code-base-name: https://github.com/kavia-common/flasky-304863.git:kavia-master
2026-01-17 18:13:13,870 - Knowledge - INFO - Found code_base: <app.utils.kg_build.knowledge.KnowledgeCodeBase object at 0x7f3b33d3a950>
2026-01-17 18:13:14,090 - Knowledge - INFO - process ingested knowledge for /app/data/T0015/304863/b3936pr/flasky-304863/migrations/alembic.ini
2026-01-17 18:13:14,258 - Knowledge - INFO - Found code-base-name: https://github.com/kavia-common/flasky-304863.git:kavia-master
2026-01-17 18:13:14,431 - Knowledge - INFO - Found code_base: <app.utils.kg_build.knowledge.KnowledgeCodeBase object at 0x7f3b33d3a950>
2026-01-17 18:13:14,593 - Knowledge - INFO - process ingested knowledge for /app/data/T0015/304863/b3936pr/flasky-304863/app/templates/post.html
2026-01-17 18:13:14,743 - Knowledge - INFO - Found code-base-name: https://github.com/kavia-common/flasky-304863.git:kavia-master
2026-01-17 18:13:14,927 - Knowledge - INFO - Found code_base: <app.utils.kg_build.knowledge.KnowledgeCodeBase object at 0x7f3b33d3a950>
2026-01-17 18:13:15,113 - Knowledge - INFO - process ingested knowledge for /app/data/T0015/304863/b3936pr/flasky-304863/app/templates/auth/change_email.html
2026-01-17 18:13:15,279 - Knowledge - INFO - Found code-base-name: https://github.com/kavia-common/flasky-304863.git:kavia-master
2026-01-17 18:13:15,455 - Knowledge - INFO - Found code_base: <app.utils.kg_build.knowledge.KnowledgeCodeBase object at 0x7f3b33d3a950>
2026-01-17 18:13:15,632 - Knowledge - INFO - process ingested knowledge for /app/data/T0015/304863/b3936pr/flasky-304863/app/auth/forms.py
2026-01-17 18:13:15,788 - Knowledge - INFO - Found code-base-name: https://github.com/kavia-common/flasky-304863.git:kavia-master
2026-01-17 18:13:15,995 - Knowledge - INFO - Found code_base: <app.utils.kg_build.knowledge.KnowledgeCodeBase object at 0x7f3b33d3a950>
2026-01-17 18:13:16,169 - Knowledge - INFO - process ingested knowledge for /app/data/T0015/304863/b3936pr/flasky-304863/requirements/heroku.txt
2026-01-17 18:13:16,376 - Knowledge - INFO - Found code-base-name: https://github.com/kavia-common/flasky-304863.git:kavia-master
2026-01-17 18:13:16,594 - Knowledge - INFO - Found code_base: <app.utils.kg_build.knowledge.KnowledgeCodeBase object at 0x7f3b33d3a950>
2026-01-17 18:13:16,779 - Knowledge - INFO - process ingested knowledge for /app/data/T0015/304863/b3936pr/flasky-304863/app/email.py
2026-01-17 18:13:16,957 - Knowledge - INFO - Loaded 77 files from persisted knowledge
2026-01-17 18:13:17,119 - Knowledge - INFO - load persisted knowledge: end
2026-01-17 18:13:17,308 - Knowledge - INFO - Redis support added with prefix knowledge:b3936pr:
2026-01-17 18:13:17,588 - Knowledge - INFO - Starting knowledge initialization for ID: Xb399m-b3936pr
2026-01-17 18:13:17,759 - Knowledge - INFO - 🔍 Checking Redis for build_id: b3936pr
2026-01-17 18:13:17,934 - Knowledge - INFO - 🔍 Full session ID: Xb399m-b3936pr
2026-01-17 18:13:18,102 - Knowledge - INFO - 🔍 Redis prefix will be: knowledge:b3936pr:
2026-01-17 18:13:18,327 - Knowledge - INFO - 🔍 Using attached load_from_redis() method
2026-01-17 18:13:18,549 - Knowledge - INFO - 🔍 Attempting to load knowledge from Redis...
2026-01-17 18:13:18,751 - Knowledge - INFO - 🔍 Using derived instance_id for Redis lookup: b3936pr
2026-01-17 18:13:18,927 - Knowledge - INFO - ✅ Redis cache found! Loading knowledge...
2026-01-17 18:13:19,084 - Knowledge - INFO - ✅ Successfully loaded from Redis: 77 files
2026-01-17 18:13:19,290 - Knowledge - INFO - ✅ Redis load complete: 77 files in 0.96s
2026-01-17 18:13:19,472 - Knowledge - INFO - ⚡ Total Redis path: 0.96s (vs ~300s from disk)
2026-01-17 18:13:19,679 - Knowledge - INFO - Saving knowledge to Redis...
2026-01-17 18:13:19,911 - Knowledge - INFO - Knowledge saved to Redis successfully
2026-01-17 18:16:58,435 - Knowledge - INFO - Created shared MongoDB connection pool
2026-01-17 18:16:58,763 - Knowledge - INFO - Starting Knowledge Graph processing with 20 threads
2026-01-17 18:16:58,991 - Knowledge - INFO - Initial configuration: chunk_size=65536, max_cache_size=500
2026-01-17 18:16:59,150 - Knowledge - INFO - Knowledge Graph concurrency configuration: workers=20, max_batch_size=10, max_concurrent_llm_calls=50
2026-01-17 18:17:00,234 - Knowledge - INFO - 🔍 _load_persisted_knowledge called - checking for Redis optimization
2026-01-17 18:17:00,391 - Knowledge - WARNING - ❌ load_from_redis method not found - Redis support not attached
2026-01-17 18:17:00,625 - Knowledge - INFO - load persisted knowledge: begin
2026-01-17 18:17:00,820 - Knowledge - INFO - Found code-base-name: https://github.com/kavia-common/flasky-304863.git:kavia-master
2026-01-17 18:17:01,038 - Knowledge - INFO - Found code_base: <app.utils.kg_build.knowledge.KnowledgeCodeBase object at 0x7f3ee9891750>
2026-01-17 18:17:01,247 - Knowledge - INFO - process ingested knowledge for /app/data/T0015/304863/b3936pr/flasky-304863/requirements/dev.txt
2026-01-17 18:17:01,443 - Knowledge - INFO - Found code-base-name: https://github.com/kavia-common/flasky-304863.git:kavia-master
2026-01-17 18:17:01,625 - Knowledge - INFO - Found code_base: <app.utils.kg_build.knowledge.KnowledgeCodeBase object at 0x7f3ee9891750>
2026-01-17 18:17:01,818 - Knowledge - INFO - process ingested knowledge for /app/data/T0015/304863/b3936pr/flasky-304863/app/api/authentication.py
2026-01-17 18:17:02,035 - Knowledge - INFO - Found code-base-name: https://github.com/kavia-common/flasky-304863.git:kavia-master
2026-01-17 18:17:02,196 - Knowledge - INFO - Found code_base: <app.utils.kg_build.knowledge.KnowledgeCodeBase object at 0x7f3ee9891750>
2026-01-17 18:17:02,369 - Knowledge - INFO - process ingested knowledge for /app/data/T0015/304863/b3936pr/flasky-304863/app/templates/user.html
2026-01-17 18:17:02,597 - Knowledge - INFO - Found code-base-name: https://github.com/kavia-common/flasky-304863.git:kavia-master
2026-01-17 18:17:02,777 - Knowledge - INFO - Found code_base: <app.utils.kg_build.knowledge.KnowledgeCodeBase object at 0x7f3ee9891750>
2026-01-17 18:17:02,936 - Knowledge - INFO - process ingested knowledge for /app/data/T0015/304863/b3936pr/flasky-304863/app/api/__init__.py
2026-01-17 18:17:03,130 - Knowledge - INFO - Found code-base-name: https://github.com/kavia-common/flasky-304863.git:kavia-master
2026-01-17 18:17:03,308 - Knowledge - INFO - Found code_base: <app.utils.kg_build.knowledge.KnowledgeCodeBase object at 0x7f3ee9891750>
2026-01-17 18:17:03,504 - Knowledge - INFO - process ingested knowledge for /app/data/T0015/304863/b3936pr/flasky-304863/app/main/errors.py
2026-01-17 18:17:03,678 - Knowledge - INFO - Found code-base-name: https://github.com/kavia-common/flasky-304863.git:kavia-master
2026-01-17 18:17:03,845 - Knowledge - INFO - Found code_base: <app.utils.kg_build.knowledge.KnowledgeCodeBase object at 0x7f3ee9891750>
2026-01-17 18:17:04,031 - Knowledge - INFO - process ingested knowledge for /app/data/T0015/304863/b3936pr/flasky-304863/app/templates/403.html
2026-01-17 18:17:04,235 - Knowledge - INFO - Found code-base-name: https://github.com/kavia-common/flasky-304863.git:kavia-master
2026-01-17 18:17:04,428 - Knowledge - INFO - Found code_base: <app.utils.kg_build.knowledge.KnowledgeCodeBase object at 0x7f3ee9891750>
2026-01-17 18:17:04,642 - Knowledge - INFO - process ingested knowledge for /app/data/T0015/304863/b3936pr/flasky-304863/app/auth/__init__.py
2026-01-17 18:17:04,831 - Knowledge - INFO - Found code-base-name: https://github.com/kavia-common/flasky-304863.git:kavia-master
2026-01-17 18:17:05,038 - Knowledge - INFO - Found code_base: <app.utils.kg_build.knowledge.KnowledgeCodeBase object at 0x7f3ee9891750>
2026-01-17 18:17:05,206 - Knowledge - INFO - process ingested knowledge for /app/data/T0015/304863/b3936pr/flasky-304863/migrations/versions/456a945560f6_login_support.py
2026-01-17 18:17:05,372 - Knowledge - INFO - Found code-base-name: https://github.com/kavia-common/flasky-304863.git:kavia-master
2026-01-17 18:17:05,536 - Knowledge - INFO - Found code_base: <app.utils.kg_build.knowledge.KnowledgeCodeBase object at 0x7f3ee9891750>
2026-01-17 18:17:05,726 - Knowledge - INFO - process ingested knowledge for /app/data/T0015/304863/b3936pr/flasky-304863/app/templates/edit_post.html
2026-01-17 18:17:05,899 - Knowledge - INFO - Found code-base-name: https://github.com/kavia-common/flasky-304863.git:kavia-master
2026-01-17 18:17:06,062 - Knowledge - INFO - Found code_base: <app.utils.kg_build.knowledge.KnowledgeCodeBase object at 0x7f3ee9891750>
2026-01-17 18:17:06,241 - Knowledge - INFO - process ingested knowledge for /app/data/T0015/304863/b3936pr/flasky-304863/migrations/env.py
2026-01-17 18:17:06,450 - Knowledge - INFO - Found code-base-name: https://github.com/kavia-common/flasky-304863.git:kavia-master
2026-01-17 18:17:06,608 - Knowledge - INFO - Found code_base: <app.utils.kg_build.knowledge.KnowledgeCodeBase object at 0x7f3ee9891750>
2026-01-17 18:17:06,788 - Knowledge - INFO - process ingested knowledge for /app/data/T0015/304863/b3936pr/flasky-304863/app/templates/auth/unconfirmed.html
2026-01-17 18:17:06,954 - Knowledge - INFO - Found code-base-name: https://github.com/kavia-common/flasky-304863.git:kavia-master
2026-01-17 18:17:07,126 - Knowledge - INFO - Found code_base: <app.utils.kg_build.knowledge.KnowledgeCodeBase object at 0x7f3ee9891750>
2026-01-17 18:17:07,290 - Knowledge - INFO - process ingested knowledge for /app/data/T0015/304863/b3936pr/flasky-304863/app/templates/base.html
2026-01-17 18:17:07,502 - Knowledge - INFO - Found code-base-name: https://github.com/kavia-common/flasky-304863.git:kavia-master
2026-01-17 18:17:07,763 - Knowledge - INFO - Found code_base: <app.utils.kg_build.knowledge.KnowledgeCodeBase object at 0x7f3ee9891750>
2026-01-17 18:17:07,956 - Knowledge - INFO - process ingested knowledge for /app/data/T0015/304863/b3936pr/flasky-304863/tests/test_api.py
2026-01-17 18:17:08,164 - Knowledge - INFO - Found code-base-name: https://github.com/kavia-common/flasky-304863.git:kavia-master
2026-01-17 18:17:08,356 - Knowledge - INFO - Found code_base: <app.utils.kg_build.knowledge.KnowledgeCodeBase object at 0x7f3ee9891750>
2026-01-17 18:17:08,549 - Knowledge - INFO - process ingested knowledge for /app/data/T0015/304863/b3936pr/flasky-304863/requirements.txt
2026-01-17 18:17:08,731 - Knowledge - INFO - Found code-base-name: https://github.com/kavia-common/flasky-304863.git:kavia-master
2026-01-17 18:17:08,905 - Knowledge - INFO - Found code_base: <app.utils.kg_build.knowledge.KnowledgeCodeBase object at 0x7f3ee9891750>
2026-01-17 18:17:09,115 - Knowledge - INFO - process ingested knowledge for /app/data/T0015/304863/b3936pr/flasky-304863/app/main/forms.py
2026-01-17 18:17:09,286 - Knowledge - INFO - Found code-base-name: https://github.com/kavia-common/flasky-304863.git:kavia-master
2026-01-17 18:17:09,493 - Knowledge - INFO - Found code_base: <app.utils.kg_build.knowledge.KnowledgeCodeBase object at 0x7f3ee9891750>
2026-01-17 18:17:09,680 - Knowledge - INFO - process ingested knowledge for /app/data/T0015/304863/b3936pr/flasky-304863/app/templates/auth/email/confirm.txt
2026-01-17 18:17:09,904 - Knowledge - INFO - Found code-base-name: https://github.com/kavia-common/flasky-304863.git:kavia-master
2026-01-17 18:17:10,103 - Knowledge - INFO - Found code_base: <app.utils.kg_build.knowledge.KnowledgeCodeBase object at 0x7f3ee9891750>
2026-01-17 18:17:10,298 - Knowledge - INFO - process ingested knowledge for /app/data/T0015/304863/b3936pr/flasky-304863/app/api/users.py
2026-01-17 18:17:10,534 - Knowledge - INFO - Found code-base-name: https://github.com/kavia-common/flasky-304863.git:kavia-master
2026-01-17 18:17:10,723 - Knowledge - INFO - Found code_base: <app.utils.kg_build.knowledge.KnowledgeCodeBase object at 0x7f3ee9891750>
2026-01-17 18:17:10,927 - Knowledge - INFO - process ingested knowledge for /app/data/T0015/304863/b3936pr/flasky-304863/app/templates/moderate.html
2026-01-17 18:17:11,132 - Knowledge - INFO - Found code-base-name: https://github.com/kavia-common/flasky-304863.git:kavia-master
2026-01-17 18:17:11,289 - Knowledge - INFO - Found code_base: <app.utils.kg_build.knowledge.KnowledgeCodeBase object at 0x7f3ee9891750>
2026-01-17 18:17:11,465 - Knowledge - INFO - process ingested knowledge for /app/data/T0015/304863/b3936pr/flasky-304863/app/static/styles.css
2026-01-17 18:17:11,634 - Knowledge - INFO - Found code-base-name: https://github.com/kavia-common/flasky-304863.git:kavia-master
2026-01-17 18:17:11,794 - Knowledge - INFO - Found code_base: <app.utils.kg_build.knowledge.KnowledgeCodeBase object at 0x7f3ee9891750>
2026-01-17 18:17:11,959 - Knowledge - INFO - process ingested knowledge for /app/data/T0015/304863/b3936pr/flasky-304863/app/templates/auth/change_password.html
2026-01-17 18:17:12,152 - Knowledge - INFO - Found code-base-name: https://github.com/kavia-common/flasky-304863.git:kavia-master
2026-01-17 18:17:12,372 - Knowledge - INFO - Found code_base: <app.utils.kg_build.knowledge.KnowledgeCodeBase object at 0x7f3ee9891750>
2026-01-17 18:17:12,577 - Knowledge - INFO - process ingested knowledge for /app/data/T0015/304863/b3936pr/flasky-304863/migrations/versions/51f5ccfba190_comments.py
2026-01-17 18:17:12,750 - Knowledge - INFO - Found code-base-name: https://github.com/kavia-common/flasky-304863.git:kavia-master
2026-01-17 18:17:12,929 - Knowledge - INFO - Found code_base: <app.utils.kg_build.knowledge.KnowledgeCodeBase object at 0x7f3ee9891750>
2026-01-17 18:17:13,101 - Knowledge - INFO - process ingested knowledge for /app/data/T0015/304863/b3936pr/flasky-304863/tests/test_selenium.py
2026-01-17 18:17:13,302 - Knowledge - INFO - Found code-base-name: https://github.com/kavia-common/flasky-304863.git:kavia-master
2026-01-17 18:17:13,485 - Knowledge - INFO - Found code_base: <app.utils.kg_build.knowledge.KnowledgeCodeBase object at 0x7f3ee9891750>
2026-01-17 18:17:13,716 - Knowledge - INFO - process ingested knowledge for /app/data/T0015/304863/b3936pr/flasky-304863/requirements/common.txt
2026-01-17 18:17:13,912 - Knowledge - INFO - Found code-base-name: https://github.com/kavia-common/flasky-304863.git:kavia-master
2026-01-17 18:17:14,148 - Knowledge - INFO - Found code_base: <app.utils.kg_build.knowledge.KnowledgeCodeBase object at 0x7f3ee9891750>
2026-01-17 18:17:14,333 - Knowledge - INFO - process ingested knowledge for /app/data/T0015/304863/b3936pr/flasky-304863/requirements/prod.txt
2026-01-17 18:17:14,545 - Knowledge - INFO - Found code-base-name: https://github.com/kavia-common/flasky-304863.git:kavia-master
2026-01-17 18:17:14,716 - Knowledge - INFO - Found code_base: <app.utils.kg_build.knowledge.KnowledgeCodeBase object at 0x7f3ee9891750>
2026-01-17 18:17:14,916 - Knowledge - INFO - process ingested knowledge for /app/data/T0015/304863/b3936pr/flasky-304863/app/templates/auth/email/change_email.html
2026-01-17 18:17:15,091 - Knowledge - INFO - Found code-base-name: https://github.com/kavia-common/flasky-304863.git:kavia-master
2026-01-17 18:17:15,298 - Knowledge - INFO - Found code_base: <app.utils.kg_build.knowledge.KnowledgeCodeBase object at 0x7f3ee9891750>
2026-01-17 18:17:15,476 - Knowledge - INFO - process ingested knowledge for /app/data/T0015/304863/b3936pr/flasky-304863/app/templates/mail/new_user.txt
2026-01-17 18:17:15,660 - Knowledge - INFO - Found code-base-name: https://github.com/kavia-common/flasky-304863.git:kavia-master
2026-01-17 18:17:15,896 - Knowledge - INFO - Found code_base: <app.utils.kg_build.knowledge.KnowledgeCodeBase object at 0x7f3ee9891750>
2026-01-17 18:17:16,093 - Knowledge - INFO - process ingested knowledge for /app/data/T0015/304863/b3936pr/flasky-304863/app/templates/500.html
2026-01-17 18:17:16,281 - Knowledge - INFO - Found code-base-name: https://github.com/kavia-common/flasky-304863.git:kavia-master
2026-01-17 18:17:16,514 - Knowledge - INFO - Found code_base: <app.utils.kg_build.knowledge.KnowledgeCodeBase object at 0x7f3ee9891750>
2026-01-17 18:17:16,699 - Knowledge - INFO - process ingested knowledge for /app/data/T0015/304863/b3936pr/flasky-304863/app/api/decorators.py
2026-01-17 18:17:16,922 - Knowledge - INFO - Found code-base-name: https://github.com/kavia-common/flasky-304863.git:kavia-master
2026-01-17 18:17:17,098 - Knowledge - INFO - Found code_base: <app.utils.kg_build.knowledge.KnowledgeCodeBase object at 0x7f3ee9891750>
2026-01-17 18:17:17,486 - Knowledge - INFO - process ingested knowledge for /app/data/T0015/304863/b3936pr/flasky-304863/app/templates/_comments.html
2026-01-17 18:17:17,687 - Knowledge - INFO - Found code-base-name: https://github.com/kavia-common/flasky-304863.git:kavia-master
2026-01-17 18:17:17,872 - Knowledge - INFO - Found code_base: <app.utils.kg_build.knowledge.KnowledgeCodeBase object at 0x7f3ee9891750>
2026-01-17 18:17:18,064 - Knowledge - INFO - process ingested knowledge for /app/data/T0015/304863/b3936pr/flasky-304863/app/auth/views.py
2026-01-17 18:17:18,242 - Knowledge - INFO - Found code-base-name: https://github.com/kavia-common/flasky-304863.git:kavia-master
2026-01-17 18:17:18,428 - Knowledge - INFO - Found code_base: <app.utils.kg_build.knowledge.KnowledgeCodeBase object at 0x7f3ee9891750>
2026-01-17 18:17:18,631 - Knowledge - INFO - process ingested knowledge for /app/data/T0015/304863/b3936pr/flasky-304863/migrations/versions/198b0eebcf9_caching_of_avatar_hashes.py
2026-01-17 18:17:18,833 - Knowledge - INFO - Found code-base-name: https://github.com/kavia-common/flasky-304863.git:kavia-master
2026-01-17 18:17:19,009 - Knowledge - INFO - Found code_base: <app.utils.kg_build.knowledge.KnowledgeCodeBase object at 0x7f3ee9891750>
2026-01-17 18:17:19,166 - Knowledge - INFO - process ingested knowledge for /app/data/T0015/304863/b3936pr/flasky-304863/app/api/comments.py
2026-01-17 18:17:19,386 - Knowledge - INFO - Found code-base-name: https://github.com/kavia-common/flasky-304863.git:kavia-master
2026-01-17 18:17:19,542 - Knowledge - INFO - Found code_base: <app.utils.kg_build.knowledge.KnowledgeCodeBase object at 0x7f3ee9891750>
2026-01-17 18:17:19,755 - Knowledge - INFO - process ingested knowledge for /app/data/T0015/304863/b3936pr/flasky-304863/app/templates/followers.html
2026-01-17 18:17:19,919 - Knowledge - INFO - Found code-base-name: https://github.com/kavia-common/flasky-304863.git:kavia-master
2026-01-17 18:17:20,110 - Knowledge - INFO - Found code_base: <app.utils.kg_build.knowledge.KnowledgeCodeBase object at 0x7f3ee9891750>
2026-01-17 18:17:20,298 - Knowledge - INFO - process ingested knowledge for /app/data/T0015/304863/b3936pr/flasky-304863/app/fake.py
2026-01-17 18:17:20,515 - Knowledge - INFO - Found code-base-name: https://github.com/kavia-common/flasky-304863.git:kavia-master
2026-01-17 18:17:20,669 - Knowledge - INFO - Found code_base: <app.utils.kg_build.knowledge.KnowledgeCodeBase object at 0x7f3ee9891750>
2026-01-17 18:17:20,858 - Knowledge - INFO - process ingested knowledge for /app/data/T0015/304863/b3936pr/flasky-304863/migrations/versions/1b966e7f4b9e_post_model.py
2026-01-17 18:17:21,104 - Knowledge - INFO - Found code-base-name: https://github.com/kavia-common/flasky-304863.git:kavia-master
2026-01-17 18:17:21,289 - Knowledge - INFO - Found code_base: <app.utils.kg_build.knowledge.KnowledgeCodeBase object at 0x7f3ee9891750>
2026-01-17 18:17:21,473 - Knowledge - INFO - process ingested knowledge for /app/data/T0015/304863/b3936pr/flasky-304863/app/templates/auth/email/reset_password.html
2026-01-17 18:17:21,631 - Knowledge - INFO - Found code-base-name: https://github.com/kavia-common/flasky-304863.git:kavia-master
2026-01-17 18:17:21,815 - Knowledge - INFO - Found code_base: <app.utils.kg_build.knowledge.KnowledgeCodeBase object at 0x7f3ee9891750>
2026-01-17 18:17:21,988 - Knowledge - INFO - process ingested knowledge for /app/data/T0015/304863/b3936pr/flasky-304863/flasky.py
2026-01-17 18:17:22,183 - Knowledge - INFO - Found code-base-name: https://github.com/kavia-common/flasky-304863.git:kavia-master
2026-01-17 18:17:22,343 - Knowledge - INFO - Found code_base: <app.utils.kg_build.knowledge.KnowledgeCodeBase object at 0x7f3ee9891750>
2026-01-17 18:17:22,522 - Knowledge - INFO - process ingested knowledge for /app/data/T0015/304863/b3936pr/flasky-304863/app/templates/auth/email/change_email.txt
2026-01-17 18:17:22,701 - Knowledge - INFO - Found code-base-name: https://github.com/kavia-common/flasky-304863.git:kavia-master
2026-01-17 18:17:22,898 - Knowledge - INFO - Found code_base: <app.utils.kg_build.knowledge.KnowledgeCodeBase object at 0x7f3ee9891750>
2026-01-17 18:17:23,099 - Knowledge - INFO - process ingested knowledge for /app/data/T0015/304863/b3936pr/flasky-304863/app/exceptions.py
2026-01-17 18:17:23,278 - Knowledge - INFO - Found code-base-name: https://github.com/kavia-common/flasky-304863.git:kavia-master
2026-01-17 18:17:23,485 - Knowledge - INFO - Found code_base: <app.utils.kg_build.knowledge.KnowledgeCodeBase object at 0x7f3ee9891750>
2026-01-17 18:17:23,676 - Knowledge - INFO - process ingested knowledge for /app/data/T0015/304863/b3936pr/flasky-304863/app/templates/index.html
2026-01-17 18:17:23,846 - Knowledge - INFO - Found code-base-name: https://github.com/kavia-common/flasky-304863.git:kavia-master
2026-01-17 18:17:24,003 - Knowledge - INFO - Found code_base: <app.utils.kg_build.knowledge.KnowledgeCodeBase object at 0x7f3ee9891750>
2026-01-17 18:17:24,170 - Knowledge - INFO - process ingested knowledge for /app/data/T0015/304863/b3936pr/flasky-304863/migrations/versions/2356a38169ea_followers.py
2026-01-17 18:17:24,338 - Knowledge - INFO - Found code-base-name: https://github.com/kavia-common/flasky-304863.git:kavia-master
2026-01-17 18:17:24,541 - Knowledge - INFO - Found code_base: <app.utils.kg_build.knowledge.KnowledgeCodeBase object at 0x7f3ee9891750>
2026-01-17 18:17:24,728 - Knowledge - INFO - process ingested knowledge for /app/data/T0015/304863/b3936pr/flasky-304863/app/api/posts.py
2026-01-17 18:17:24,879 - Knowledge - INFO - Found code-base-name: https://github.com/kavia-common/flasky-304863.git:kavia-master
2026-01-17 18:17:25,067 - Knowledge - INFO - Found code_base: <app.utils.kg_build.knowledge.KnowledgeCodeBase object at 0x7f3ee9891750>
2026-01-17 18:17:25,242 - Knowledge - INFO - process ingested knowledge for /app/data/T0015/304863/b3936pr/flasky-304863/app/templates/auth/email/reset_password.txt
2026-01-17 18:17:25,413 - Knowledge - INFO - Found code-base-name: https://github.com/kavia-common/flasky-304863.git:kavia-master
2026-01-17 18:17:25,620 - Knowledge - INFO - Found code_base: <app.utils.kg_build.knowledge.KnowledgeCodeBase object at 0x7f3ee9891750>
2026-01-17 18:17:25,839 - Knowledge - INFO - process ingested knowledge for /app/data/T0015/304863/b3936pr/flasky-304863/app/templates/404.html
2026-01-17 18:17:26,004 - Knowledge - INFO - Found code-base-name: https://github.com/kavia-common/flasky-304863.git:kavia-master
2026-01-17 18:17:26,199 - Knowledge - INFO - Found code_base: <app.utils.kg_build.knowledge.KnowledgeCodeBase object at 0x7f3ee9891750>
2026-01-17 18:17:26,360 - Knowledge - INFO - process ingested knowledge for /app/data/T0015/304863/b3936pr/flasky-304863/app/templates/_posts.html
2026-01-17 18:17:26,561 - Knowledge - INFO - Found code-base-name: https://github.com/kavia-common/flasky-304863.git:kavia-master
2026-01-17 18:17:26,763 - Knowledge - INFO - Found code_base: <app.utils.kg_build.knowledge.KnowledgeCodeBase object at 0x7f3ee9891750>
2026-01-17 18:17:26,936 - Knowledge - INFO - process ingested knowledge for /app/data/T0015/304863/b3936pr/flasky-304863/requirements/docker.txt
2026-01-17 18:17:27,098 - Knowledge - INFO - Found code-base-name: https://github.com/kavia-common/flasky-304863.git:kavia-master
2026-01-17 18:17:27,266 - Knowledge - INFO - Found code_base: <app.utils.kg_build.knowledge.KnowledgeCodeBase object at 0x7f3ee9891750>
2026-01-17 18:17:27,470 - Knowledge - INFO - process ingested knowledge for /app/data/T0015/304863/b3936pr/flasky-304863/app/main/views.py
2026-01-17 18:17:27,649 - Knowledge - INFO - Found code-base-name: https://github.com/kavia-common/flasky-304863.git:kavia-master
2026-01-17 18:17:27,863 - Knowledge - INFO - Found code_base: <app.utils.kg_build.knowledge.KnowledgeCodeBase object at 0x7f3ee9891750>
2026-01-17 18:17:28,036 - Knowledge - INFO - process ingested knowledge for /app/data/T0015/304863/b3936pr/flasky-304863/migrations/versions/190163627111_account_confirmation.py
2026-01-17 18:17:28,269 - Knowledge - INFO - Found code-base-name: https://github.com/kavia-common/flasky-304863.git:kavia-master
2026-01-17 18:17:28,466 - Knowledge - INFO - Found code_base: <app.utils.kg_build.knowledge.KnowledgeCodeBase object at 0x7f3ee9891750>
2026-01-17 18:17:28,650 - Knowledge - INFO - process ingested knowledge for /app/data/T0015/304863/b3936pr/flasky-304863/app/templates/_macros.html
2026-01-17 18:17:28,830 - Knowledge - INFO - Found code-base-name: https://github.com/kavia-common/flasky-304863.git:kavia-master
2026-01-17 18:17:29,055 - Knowledge - INFO - Found code_base: <app.utils.kg_build.knowledge.KnowledgeCodeBase object at 0x7f3ee9891750>
2026-01-17 18:17:29,222 - Knowledge - INFO - process ingested knowledge for /app/data/T0015/304863/b3936pr/flasky-304863/README.md
2026-01-17 18:17:29,438 - Knowledge - INFO - Found code-base-name: https://github.com/kavia-common/flasky-304863.git:kavia-master
2026-01-17 18:17:29,649 - Knowledge - INFO - Found code_base: <app.utils.kg_build.knowledge.KnowledgeCodeBase object at 0x7f3ee9891750>
2026-01-17 18:17:29,834 - Knowledge - INFO - process ingested knowledge for /app/data/T0015/304863/b3936pr/flasky-304863/boot.sh
2026-01-17 18:17:30,035 - Knowledge - INFO - Found code-base-name: https://github.com/kavia-common/flasky-304863.git:kavia-master
2026-01-17 18:17:30,228 - Knowledge - INFO - Found code_base: <app.utils.kg_build.knowledge.KnowledgeCodeBase object at 0x7f3ee9891750>
2026-01-17 18:17:30,405 - Knowledge - INFO - process ingested knowledge for /app/data/T0015/304863/b3936pr/flasky-304863/app/decorators.py
2026-01-17 18:17:30,571 - Knowledge - INFO - Found code-base-name: https://github.com/kavia-common/flasky-304863.git:kavia-master
2026-01-17 18:17:30,738 - Knowledge - INFO - Found code_base: <app.utils.kg_build.knowledge.KnowledgeCodeBase object at 0x7f3ee9891750>
2026-01-17 18:17:30,906 - Knowledge - INFO - process ingested knowledge for /app/data/T0015/304863/b3936pr/flasky-304863/migrations/versions/288cd3dc5a8_rich_text_posts.py
2026-01-17 18:17:31,105 - Knowledge - INFO - Found code-base-name: https://github.com/kavia-common/flasky-304863.git:kavia-master
2026-01-17 18:17:31,303 - Knowledge - INFO - Found code_base: <app.utils.kg_build.knowledge.KnowledgeCodeBase object at 0x7f3ee9891750>
2026-01-17 18:17:31,457 - Knowledge - INFO - process ingested knowledge for /app/data/T0015/304863/b3936pr/flasky-304863/app/api/errors.py
2026-01-17 18:17:31,660 - Knowledge - INFO - Found code-base-name: https://github.com/kavia-common/flasky-304863.git:kavia-master
2026-01-17 18:17:31,888 - Knowledge - INFO - Found code_base: <app.utils.kg_build.knowledge.KnowledgeCodeBase object at 0x7f3ee9891750>
2026-01-17 18:17:32,051 - Knowledge - INFO - process ingested knowledge for /app/data/T0015/304863/b3936pr/flasky-304863/config.py
2026-01-17 18:17:32,228 - Knowledge - INFO - Found code-base-name: https://github.com/kavia-common/flasky-304863.git:kavia-master
2026-01-17 18:17:32,417 - Knowledge - INFO - Found code_base: <app.utils.kg_build.knowledge.KnowledgeCodeBase object at 0x7f3ee9891750>
2026-01-17 18:17:32,569 - Knowledge - INFO - process ingested knowledge for /app/data/T0015/304863/b3936pr/flasky-304863/tests/test_basics.py
2026-01-17 18:17:32,757 - Knowledge - INFO - Found code-base-name: https://github.com/kavia-common/flasky-304863.git:kavia-master
2026-01-17 18:17:32,926 - Knowledge - INFO - Found code_base: <app.utils.kg_build.knowledge.KnowledgeCodeBase object at 0x7f3ee9891750>
2026-01-17 18:17:33,121 - Knowledge - INFO - process ingested knowledge for /app/data/T0015/304863/b3936pr/flasky-304863/migrations/versions/d66f086b258_user_information.py
2026-01-17 18:17:33,292 - Knowledge - INFO - Found code-base-name: https://github.com/kavia-common/flasky-304863.git:kavia-master
2026-01-17 18:17:33,446 - Knowledge - INFO - Found code_base: <app.utils.kg_build.knowledge.KnowledgeCodeBase object at 0x7f3ee9891750>
2026-01-17 18:17:33,608 - Knowledge - INFO - process ingested knowledge for /app/data/T0015/304863/b3936pr/flasky-304863/migrations/versions/38c4e85512a9_initial_migration.py
2026-01-17 18:17:33,787 - Knowledge - INFO - Found code-base-name: https://github.com/kavia-common/flasky-304863.git:kavia-master
2026-01-17 18:17:33,963 - Knowledge - INFO - Found code_base: <app.utils.kg_build.knowledge.KnowledgeCodeBase object at 0x7f3ee9891750>
2026-01-17 18:17:34,123 - Knowledge - INFO - process ingested knowledge for /app/data/T0015/304863/b3936pr/flasky-304863/docker-compose.yml
2026-01-17 18:17:34,286 - Knowledge - INFO - Found code-base-name: https://github.com/kavia-common/flasky-304863.git:kavia-master
2026-01-17 18:17:34,459 - Knowledge - INFO - Found code_base: <app.utils.kg_build.knowledge.KnowledgeCodeBase object at 0x7f3ee9891750>
2026-01-17 18:17:34,632 - Knowledge - INFO - process ingested knowledge for /app/data/T0015/304863/b3936pr/flasky-304863/app/models.py
2026-01-17 18:17:34,805 - Knowledge - INFO - Found code-base-name: https://github.com/kavia-common/flasky-304863.git:kavia-master
2026-01-17 18:17:35,007 - Knowledge - INFO - Found code_base: <app.utils.kg_build.knowledge.KnowledgeCodeBase object at 0x7f3ee9891750>
2026-01-17 18:17:35,298 - Knowledge - INFO - process ingested knowledge for /app/data/T0015/304863/b3936pr/flasky-304863/app/templates/mail/new_user.html
2026-01-17 18:17:35,511 - Knowledge - INFO - Found code-base-name: https://github.com/kavia-common/flasky-304863.git:kavia-master
2026-01-17 18:17:35,675 - Knowledge - INFO - Found code_base: <app.utils.kg_build.knowledge.KnowledgeCodeBase object at 0x7f3ee9891750>
2026-01-17 18:17:35,833 - Knowledge - INFO - process ingested knowledge for /app/data/T0015/304863/b3936pr/flasky-304863/app/templates/auth/login.html
2026-01-17 18:17:36,019 - Knowledge - INFO - Found code-base-name: https://github.com/kavia-common/flasky-304863.git:kavia-master
2026-01-17 18:17:36,216 - Knowledge - INFO - Found code_base: <app.utils.kg_build.knowledge.KnowledgeCodeBase object at 0x7f3ee9891750>
2026-01-17 18:17:36,423 - Knowledge - INFO - process ingested knowledge for /app/data/T0015/304863/b3936pr/flasky-304863/app/main/__init__.py
2026-01-17 18:17:36,604 - Knowledge - INFO - Found code-base-name: https://github.com/kavia-common/flasky-304863.git:kavia-master
2026-01-17 18:17:36,766 - Knowledge - INFO - Found code_base: <app.utils.kg_build.knowledge.KnowledgeCodeBase object at 0x7f3ee9891750>
2026-01-17 18:17:36,970 - Knowledge - INFO - process ingested knowledge for /app/data/T0015/304863/b3936pr/flasky-304863/tests/test_client.py
2026-01-17 18:17:37,140 - Knowledge - INFO - Found code-base-name: https://github.com/kavia-common/flasky-304863.git:kavia-master
2026-01-17 18:17:37,328 - Knowledge - INFO - Found code_base: <app.utils.kg_build.knowledge.KnowledgeCodeBase object at 0x7f3ee9891750>
2026-01-17 18:17:37,542 - Knowledge - INFO - process ingested knowledge for /app/data/T0015/304863/b3936pr/flasky-304863/app/__init__.py
2026-01-17 18:17:37,722 - Knowledge - INFO - Found code-base-name: https://github.com/kavia-common/flasky-304863.git:kavia-master
2026-01-17 18:17:37,960 - Knowledge - INFO - Found code_base: <app.utils.kg_build.knowledge.KnowledgeCodeBase object at 0x7f3ee9891750>
2026-01-17 18:17:38,203 - Knowledge - INFO - process ingested knowledge for /app/data/T0015/304863/b3936pr/flasky-304863/app/templates/auth/email/confirm.html
2026-01-17 18:17:38,368 - Knowledge - INFO - Found code-base-name: https://github.com/kavia-common/flasky-304863.git:kavia-master
2026-01-17 18:17:38,546 - Knowledge - INFO - Found code_base: <app.utils.kg_build.knowledge.KnowledgeCodeBase object at 0x7f3ee9891750>
2026-01-17 18:17:38,702 - Knowledge - INFO - process ingested knowledge for /app/data/T0015/304863/b3936pr/flasky-304863/tests/test_user_model.py
2026-01-17 18:17:38,899 - Knowledge - INFO - Found code-base-name: https://github.com/kavia-common/flasky-304863.git:kavia-master
2026-01-17 18:17:39,104 - Knowledge - INFO - Found code_base: <app.utils.kg_build.knowledge.KnowledgeCodeBase object at 0x7f3ee9891750>
2026-01-17 18:17:39,276 - Knowledge - INFO - process ingested knowledge for /app/data/T0015/304863/b3936pr/flasky-304863/app/templates/edit_profile.html
2026-01-17 18:17:39,436 - Knowledge - INFO - Found code-base-name: https://github.com/kavia-common/flasky-304863.git:kavia-master
2026-01-17 18:17:39,629 - Knowledge - INFO - Found code_base: <app.utils.kg_build.knowledge.KnowledgeCodeBase object at 0x7f3ee9891750>
2026-01-17 18:17:39,825 - Knowledge - INFO - process ingested knowledge for /app/data/T0015/304863/b3936pr/flasky-304863/app/templates/auth/reset_password.html
2026-01-17 18:17:40,003 - Knowledge - INFO - Found code-base-name: https://github.com/kavia-common/flasky-304863.git:kavia-master
2026-01-17 18:17:40,166 - Knowledge - INFO - Found code_base: <app.utils.kg_build.knowledge.KnowledgeCodeBase object at 0x7f3ee9891750>
2026-01-17 18:17:40,328 - Knowledge - INFO - process ingested knowledge for /app/data/T0015/304863/b3936pr/flasky-304863/app/templates/auth/register.html
2026-01-17 18:17:40,518 - Knowledge - INFO - Found code-base-name: https://github.com/kavia-common/flasky-304863.git:kavia-master
2026-01-17 18:17:40,731 - Knowledge - INFO - Found code_base: <app.utils.kg_build.knowledge.KnowledgeCodeBase object at 0x7f3ee9891750>
2026-01-17 18:17:40,896 - Knowledge - INFO - process ingested knowledge for /app/data/T0015/304863/b3936pr/flasky-304863/migrations/versions/56ed7d33de8d_user_roles.py
2026-01-17 18:17:41,128 - Knowledge - INFO - Found code-base-name: https://github.com/kavia-common/flasky-304863.git:kavia-master
2026-01-17 18:17:41,321 - Knowledge - INFO - Found code_base: <app.utils.kg_build.knowledge.KnowledgeCodeBase object at 0x7f3ee9891750>
2026-01-17 18:17:41,557 - Knowledge - INFO - process ingested knowledge for /app/data/T0015/304863/b3936pr/flasky-304863/migrations/alembic.ini
2026-01-17 18:17:41,729 - Knowledge - INFO - Found code-base-name: https://github.com/kavia-common/flasky-304863.git:kavia-master
2026-01-17 18:17:41,893 - Knowledge - INFO - Found code_base: <app.utils.kg_build.knowledge.KnowledgeCodeBase object at 0x7f3ee9891750>
2026-01-17 18:17:42,074 - Knowledge - INFO - process ingested knowledge for /app/data/T0015/304863/b3936pr/flasky-304863/app/templates/post.html
2026-01-17 18:17:42,246 - Knowledge - INFO - Found code-base-name: https://github.com/kavia-common/flasky-304863.git:kavia-master
2026-01-17 18:17:42,427 - Knowledge - INFO - Found code_base: <app.utils.kg_build.knowledge.KnowledgeCodeBase object at 0x7f3ee9891750>
2026-01-17 18:17:42,622 - Knowledge - INFO - process ingested knowledge for /app/data/T0015/304863/b3936pr/flasky-304863/app/templates/auth/change_email.html
2026-01-17 18:17:42,805 - Knowledge - INFO - Found code-base-name: https://github.com/kavia-common/flasky-304863.git:kavia-master
2026-01-17 18:17:42,974 - Knowledge - INFO - Found code_base: <app.utils.kg_build.knowledge.KnowledgeCodeBase object at 0x7f3ee9891750>
2026-01-17 18:17:43,152 - Knowledge - INFO - process ingested knowledge for /app/data/T0015/304863/b3936pr/flasky-304863/app/auth/forms.py
2026-01-17 18:17:43,332 - Knowledge - INFO - Found code-base-name: https://github.com/kavia-common/flasky-304863.git:kavia-master
2026-01-17 18:17:43,549 - Knowledge - INFO - Found code_base: <app.utils.kg_build.knowledge.KnowledgeCodeBase object at 0x7f3ee9891750>
2026-01-17 18:17:43,795 - Knowledge - INFO - process ingested knowledge for /app/data/T0015/304863/b3936pr/flasky-304863/requirements/heroku.txt
2026-01-17 18:17:43,954 - Knowledge - INFO - Found code-base-name: https://github.com/kavia-common/flasky-304863.git:kavia-master
2026-01-17 18:17:44,120 - Knowledge - INFO - Found code_base: <app.utils.kg_build.knowledge.KnowledgeCodeBase object at 0x7f3ee9891750>
2026-01-17 18:17:44,323 - Knowledge - INFO - process ingested knowledge for /app/data/T0015/304863/b3936pr/flasky-304863/app/email.py
2026-01-17 18:17:44,508 - Knowledge - INFO - Loaded 77 files from persisted knowledge
2026-01-17 18:17:44,703 - Knowledge - INFO - load persisted knowledge: end
2026-01-17 18:17:44,901 - Knowledge - INFO - Redis support added with prefix knowledge:b3936pr:
2026-01-17 18:17:45,196 - Knowledge - INFO - Starting knowledge initialization for ID: PsAva4-b3936pr
2026-01-17 18:17:45,434 - Knowledge - INFO - 🔍 Checking Redis for build_id: b3936pr
2026-01-17 18:17:45,615 - Knowledge - INFO - 🔍 Full session ID: PsAva4-b3936pr
2026-01-17 18:17:45,788 - Knowledge - INFO - 🔍 Redis prefix will be: knowledge:b3936pr:
2026-01-17 18:17:45,959 - Knowledge - INFO - 🔍 Using attached load_from_redis() method
2026-01-17 18:17:46,151 - Knowledge - INFO - 🔍 Attempting to load knowledge from Redis...
2026-01-17 18:17:46,356 - Knowledge - INFO - 🔍 Using derived instance_id for Redis lookup: b3936pr
2026-01-17 18:17:46,568 - Knowledge - INFO - ✅ Redis cache found! Loading knowledge...
2026-01-17 18:17:46,729 - Knowledge - INFO - ✅ Successfully loaded from Redis: 77 files
2026-01-17 18:17:46,900 - Knowledge - INFO - ✅ Redis load complete: 77 files in 0.94s
2026-01-17 18:17:47,053 - Knowledge - INFO - ⚡ Total Redis path: 0.94s (vs ~300s from disk)
2026-01-17 18:17:47,272 - Knowledge - INFO - Saving knowledge to Redis...
2026-01-17 18:17:47,535 - Knowledge - INFO - Knowledge saved to Redis successfully
2026-01-17 18:25:36,521 - Knowledge - INFO - Created shared MongoDB connection pool
2026-01-17 18:25:36,825 - Knowledge - INFO - Starting Knowledge Graph processing with 20 threads
2026-01-17 18:25:36,994 - Knowledge - INFO - Initial configuration: chunk_size=65536, max_cache_size=500
2026-01-17 18:25:37,156 - Knowledge - INFO - Knowledge Graph concurrency configuration: workers=20, max_batch_size=10, max_concurrent_llm_calls=50
2026-01-17 18:25:38,234 - Knowledge - INFO - 🔍 _load_persisted_knowledge called - checking for Redis optimization
2026-01-17 18:25:38,426 - Knowledge - WARNING - ❌ load_from_redis method not found - Redis support not attached
2026-01-17 18:25:38,580 - Knowledge - INFO - load persisted knowledge: begin
2026-01-17 18:25:38,779 - Knowledge - INFO - Found code-base-name: https://github.com/kavia-common/flasky-304863.git:kavia-master
2026-01-17 18:25:38,975 - Knowledge - INFO - Found code_base: <app.utils.kg_build.knowledge.KnowledgeCodeBase object at 0x7fd3eea1e290>
2026-01-17 18:25:39,156 - Knowledge - INFO - process ingested knowledge for /app/data/T0015/304863/b3936pr/flasky-304863/requirements/dev.txt
2026-01-17 18:25:39,414 - Knowledge - INFO - Found code-base-name: https://github.com/kavia-common/flasky-304863.git:kavia-master
2026-01-17 18:25:39,612 - Knowledge - INFO - Found code_base: <app.utils.kg_build.knowledge.KnowledgeCodeBase object at 0x7fd3eea1e290>
2026-01-17 18:25:39,772 - Knowledge - INFO - process ingested knowledge for /app/data/T0015/304863/b3936pr/flasky-304863/app/api/authentication.py
2026-01-17 18:25:39,933 - Knowledge - INFO - Found code-base-name: https://github.com/kavia-common/flasky-304863.git:kavia-master
2026-01-17 18:25:40,119 - Knowledge - INFO - Found code_base: <app.utils.kg_build.knowledge.KnowledgeCodeBase object at 0x7fd3eea1e290>
2026-01-17 18:25:40,344 - Knowledge - INFO - process ingested knowledge for /app/data/T0015/304863/b3936pr/flasky-304863/app/templates/user.html
2026-01-17 18:25:40,508 - Knowledge - INFO - Found code-base-name: https://github.com/kavia-common/flasky-304863.git:kavia-master
2026-01-17 18:25:40,726 - Knowledge - INFO - Found code_base: <app.utils.kg_build.knowledge.KnowledgeCodeBase object at 0x7fd3eea1e290>
2026-01-17 18:25:40,910 - Knowledge - INFO - process ingested knowledge for /app/data/T0015/304863/b3936pr/flasky-304863/app/api/__init__.py
2026-01-17 18:25:41,103 - Knowledge - INFO - Found code-base-name: https://github.com/kavia-common/flasky-304863.git:kavia-master
2026-01-17 18:25:41,273 - Knowledge - INFO - Found code_base: <app.utils.kg_build.knowledge.KnowledgeCodeBase object at 0x7fd3eea1e290>
2026-01-17 18:25:41,446 - Knowledge - INFO - process ingested knowledge for /app/data/T0015/304863/b3936pr/flasky-304863/app/main/errors.py
2026-01-17 18:25:41,626 - Knowledge - INFO - Found code-base-name: https://github.com/kavia-common/flasky-304863.git:kavia-master
2026-01-17 18:25:41,830 - Knowledge - INFO - Found code_base: <app.utils.kg_build.knowledge.KnowledgeCodeBase object at 0x7fd3eea1e290>
2026-01-17 18:25:41,991 - Knowledge - INFO - process ingested knowledge for /app/data/T0015/304863/b3936pr/flasky-304863/app/templates/403.html
2026-01-17 18:25:42,189 - Knowledge - INFO - Found code-base-name: https://github.com/kavia-common/flasky-304863.git:kavia-master
2026-01-17 18:25:42,346 - Knowledge - INFO - Found code_base: <app.utils.kg_build.knowledge.KnowledgeCodeBase object at 0x7fd3eea1e290>
2026-01-17 18:25:42,549 - Knowledge - INFO - process ingested knowledge for /app/data/T0015/304863/b3936pr/flasky-304863/app/auth/__init__.py
2026-01-17 18:25:42,719 - Knowledge - INFO - Found code-base-name: https://github.com/kavia-common/flasky-304863.git:kavia-master
2026-01-17 18:25:42,885 - Knowledge - INFO - Found code_base: <app.utils.kg_build.knowledge.KnowledgeCodeBase object at 0x7fd3eea1e290>
2026-01-17 18:25:43,084 - Knowledge - INFO - process ingested knowledge for /app/data/T0015/304863/b3936pr/flasky-304863/migrations/versions/456a945560f6_login_support.py
2026-01-17 18:25:43,260 - Knowledge - INFO - Found code-base-name: https://github.com/kavia-common/flasky-304863.git:kavia-master
2026-01-17 18:25:43,428 - Knowledge - INFO - Found code_base: <app.utils.kg_build.knowledge.KnowledgeCodeBase object at 0x7fd3eea1e290>
2026-01-17 18:25:43,738 - Knowledge - INFO - process ingested knowledge for /app/data/T0015/304863/b3936pr/flasky-304863/app/templates/edit_post.html
2026-01-17 18:25:43,953 - Knowledge - INFO - Found code-base-name: https://github.com/kavia-common/flasky-304863.git:kavia-master
2026-01-17 18:25:44,158 - Knowledge - INFO - Found code_base: <app.utils.kg_build.knowledge.KnowledgeCodeBase object at 0x7fd3eea1e290>
2026-01-17 18:25:44,338 - Knowledge - INFO - process ingested knowledge for /app/data/T0015/304863/b3936pr/flasky-304863/migrations/env.py
2026-01-17 18:25:44,524 - Knowledge - INFO - Found code-base-name: https://github.com/kavia-common/flasky-304863.git:kavia-master
2026-01-17 18:25:44,752 - Knowledge - INFO - Found code_base: <app.utils.kg_build.knowledge.KnowledgeCodeBase object at 0x7fd3eea1e290>
2026-01-17 18:25:44,927 - Knowledge - INFO - process ingested knowledge for /app/data/T0015/304863/b3936pr/flasky-304863/app/templates/auth/unconfirmed.html
2026-01-17 18:25:45,096 - Knowledge - INFO - Found code-base-name: https://github.com/kavia-common/flasky-304863.git:kavia-master
2026-01-17 18:25:45,259 - Knowledge - INFO - Found code_base: <app.utils.kg_build.knowledge.KnowledgeCodeBase object at 0x7fd3eea1e290>
2026-01-17 18:25:45,456 - Knowledge - INFO - process ingested knowledge for /app/data/T0015/304863/b3936pr/flasky-304863/app/templates/base.html
2026-01-17 18:25:45,624 - Knowledge - INFO - Found code-base-name: https://github.com/kavia-common/flasky-304863.git:kavia-master
2026-01-17 18:25:45,789 - Knowledge - INFO - Found code_base: <app.utils.kg_build.knowledge.KnowledgeCodeBase object at 0x7fd3eea1e290>
2026-01-17 18:25:45,955 - Knowledge - INFO - process ingested knowledge for /app/data/T0015/304863/b3936pr/flasky-304863/tests/test_api.py
2026-01-17 18:25:46,137 - Knowledge - INFO - Found code-base-name: https://github.com/kavia-common/flasky-304863.git:kavia-master
2026-01-17 18:25:46,336 - Knowledge - INFO - Found code_base: <app.utils.kg_build.knowledge.KnowledgeCodeBase object at 0x7fd3eea1e290>
2026-01-17 18:25:46,499 - Knowledge - INFO - process ingested knowledge for /app/data/T0015/304863/b3936pr/flasky-304863/requirements.txt
2026-01-17 18:25:46,727 - Knowledge - INFO - Found code-base-name: https://github.com/kavia-common/flasky-304863.git:kavia-master
2026-01-17 18:25:46,919 - Knowledge - INFO - Found code_base: <app.utils.kg_build.knowledge.KnowledgeCodeBase object at 0x7fd3eea1e290>
2026-01-17 18:25:47,088 - Knowledge - INFO - process ingested knowledge for /app/data/T0015/304863/b3936pr/flasky-304863/app/main/forms.py
2026-01-17 18:25:47,315 - Knowledge - INFO - Found code-base-name: https://github.com/kavia-common/flasky-304863.git:kavia-master
2026-01-17 18:25:47,500 - Knowledge - INFO - Found code_base: <app.utils.kg_build.knowledge.KnowledgeCodeBase object at 0x7fd3eea1e290>
2026-01-17 18:25:47,715 - Knowledge - INFO - process ingested knowledge for /app/data/T0015/304863/b3936pr/flasky-304863/app/templates/auth/email/confirm.txt
2026-01-17 18:25:47,887 - Knowledge - INFO - Found code-base-name: https://github.com/kavia-common/flasky-304863.git:kavia-master
2026-01-17 18:25:48,057 - Knowledge - INFO - Found code_base: <app.utils.kg_build.knowledge.KnowledgeCodeBase object at 0x7fd3eea1e290>
2026-01-17 18:25:48,251 - Knowledge - INFO - process ingested knowledge for /app/data/T0015/304863/b3936pr/flasky-304863/app/api/users.py
2026-01-17 18:25:48,455 - Knowledge - INFO - Found code-base-name: https://github.com/kavia-common/flasky-304863.git:kavia-master
2026-01-17 18:25:48,623 - Knowledge - INFO - Found code_base: <app.utils.kg_build.knowledge.KnowledgeCodeBase object at 0x7fd3eea1e290>
2026-01-17 18:25:48,766 - Knowledge - INFO - process ingested knowledge for /app/data/T0015/304863/b3936pr/flasky-304863/app/templates/moderate.html
2026-01-17 18:25:48,921 - Knowledge - INFO - Found code-base-name: https://github.com/kavia-common/flasky-304863.git:kavia-master
2026-01-17 18:25:49,099 - Knowledge - INFO - Found code_base: <app.utils.kg_build.knowledge.KnowledgeCodeBase object at 0x7fd3eea1e290>
2026-01-17 18:25:49,257 - Knowledge - INFO - process ingested knowledge for /app/data/T0015/304863/b3936pr/flasky-304863/app/static/styles.css
2026-01-17 18:25:49,417 - Knowledge - INFO - Found code-base-name: https://github.com/kavia-common/flasky-304863.git:kavia-master
2026-01-17 18:25:49,613 - Knowledge - INFO - Found code_base: <app.utils.kg_build.knowledge.KnowledgeCodeBase object at 0x7fd3eea1e290>
2026-01-17 18:25:49,782 - Knowledge - INFO - process ingested knowledge for /app/data/T0015/304863/b3936pr/flasky-304863/app/templates/auth/change_password.html
2026-01-17 18:25:49,962 - Knowledge - INFO - Found code-base-name: https://github.com/kavia-common/flasky-304863.git:kavia-master
2026-01-17 18:25:50,150 - Knowledge - INFO - Found code_base: <app.utils.kg_build.knowledge.KnowledgeCodeBase object at 0x7fd3eea1e290>
2026-01-17 18:25:50,328 - Knowledge - INFO - process ingested knowledge for /app/data/T0015/304863/b3936pr/flasky-304863/migrations/versions/51f5ccfba190_comments.py
2026-01-17 18:25:50,471 - Knowledge - INFO - Found code-base-name: https://github.com/kavia-common/flasky-304863.git:kavia-master
2026-01-17 18:25:50,671 - Knowledge - INFO - Found code_base: <app.utils.kg_build.knowledge.KnowledgeCodeBase object at 0x7fd3eea1e290>
2026-01-17 18:25:50,872 - Knowledge - INFO - process ingested knowledge for /app/data/T0015/304863/b3936pr/flasky-304863/tests/test_selenium.py
2026-01-17 18:25:51,070 - Knowledge - INFO - Found code-base-name: https://github.com/kavia-common/flasky-304863.git:kavia-master
2026-01-17 18:25:51,212 - Knowledge - INFO - Found code_base: <app.utils.kg_build.knowledge.KnowledgeCodeBase object at 0x7fd3eea1e290>
2026-01-17 18:25:51,360 - Knowledge - INFO - process ingested knowledge for /app/data/T0015/304863/b3936pr/flasky-304863/requirements/common.txt
2026-01-17 18:25:51,539 - Knowledge - INFO - Found code-base-name: https://github.com/kavia-common/flasky-304863.git:kavia-master
2026-01-17 18:25:51,723 - Knowledge - INFO - Found code_base: <app.utils.kg_build.knowledge.KnowledgeCodeBase object at 0x7fd3eea1e290>
2026-01-17 18:25:51,936 - Knowledge - INFO - process ingested knowledge for /app/data/T0015/304863/b3936pr/flasky-304863/requirements/prod.txt
2026-01-17 18:25:52,139 - Knowledge - INFO - Found code-base-name: https://github.com/kavia-common/flasky-304863.git:kavia-master
2026-01-17 18:25:52,297 - Knowledge - INFO - Found code_base: <app.utils.kg_build.knowledge.KnowledgeCodeBase object at 0x7fd3eea1e290>
2026-01-17 18:25:52,466 - Knowledge - INFO - process ingested knowledge for /app/data/T0015/304863/b3936pr/flasky-304863/app/templates/auth/email/change_email.html
2026-01-17 18:25:52,694 - Knowledge - INFO - Found code-base-name: https://github.com/kavia-common/flasky-304863.git:kavia-master
2026-01-17 18:25:52,858 - Knowledge - INFO - Found code_base: <app.utils.kg_build.knowledge.KnowledgeCodeBase object at 0x7fd3eea1e290>
2026-01-17 18:25:53,020 - Knowledge - INFO - process ingested knowledge for /app/data/T0015/304863/b3936pr/flasky-304863/app/templates/mail/new_user.txt
2026-01-17 18:25:53,193 - Knowledge - INFO - Found code-base-name: https://github.com/kavia-common/flasky-304863.git:kavia-master
2026-01-17 18:25:53,373 - Knowledge - INFO - Found code_base: <app.utils.kg_build.knowledge.KnowledgeCodeBase object at 0x7fd3eea1e290>
2026-01-17 18:25:53,539 - Knowledge - INFO - process ingested knowledge for /app/data/T0015/304863/b3936pr/flasky-304863/app/templates/500.html
2026-01-17 18:25:53,707 - Knowledge - INFO - Found code-base-name: https://github.com/kavia-common/flasky-304863.git:kavia-master
2026-01-17 18:25:53,872 - Knowledge - INFO - Found code_base: <app.utils.kg_build.knowledge.KnowledgeCodeBase object at 0x7fd3eea1e290>
2026-01-17 18:25:54,028 - Knowledge - INFO - process ingested knowledge for /app/data/T0015/304863/b3936pr/flasky-304863/app/api/decorators.py
2026-01-17 18:25:54,218 - Knowledge - INFO - Found code-base-name: https://github.com/kavia-common/flasky-304863.git:kavia-master
2026-01-17 18:25:54,386 - Knowledge - INFO - Found code_base: <app.utils.kg_build.knowledge.KnowledgeCodeBase object at 0x7fd3eea1e290>
2026-01-17 18:25:54,561 - Knowledge - INFO - process ingested knowledge for /app/data/T0015/304863/b3936pr/flasky-304863/app/templates/_comments.html
2026-01-17 18:25:54,728 - Knowledge - INFO - Found code-base-name: https://github.com/kavia-common/flasky-304863.git:kavia-master
2026-01-17 18:25:54,899 - Knowledge - INFO - Found code_base: <app.utils.kg_build.knowledge.KnowledgeCodeBase object at 0x7fd3eea1e290>
2026-01-17 18:25:55,119 - Knowledge - INFO - process ingested knowledge for /app/data/T0015/304863/b3936pr/flasky-304863/app/auth/views.py
2026-01-17 18:25:55,287 - Knowledge - INFO - Found code-base-name: https://github.com/kavia-common/flasky-304863.git:kavia-master
2026-01-17 18:25:55,520 - Knowledge - INFO - Found code_base: <app.utils.kg_build.knowledge.KnowledgeCodeBase object at 0x7fd3eea1e290>
2026-01-17 18:25:55,700 - Knowledge - INFO - process ingested knowledge for /app/data/T0015/304863/b3936pr/flasky-304863/migrations/versions/198b0eebcf9_caching_of_avatar_hashes.py
2026-01-17 18:25:55,875 - Knowledge - INFO - Found code-base-name: https://github.com/kavia-common/flasky-304863.git:kavia-master
2026-01-17 18:25:56,072 - Knowledge - INFO - Found code_base: <app.utils.kg_build.knowledge.KnowledgeCodeBase object at 0x7fd3eea1e290>
2026-01-17 18:25:56,244 - Knowledge - INFO - process ingested knowledge for /app/data/T0015/304863/b3936pr/flasky-304863/app/api/comments.py
2026-01-17 18:25:56,405 - Knowledge - INFO - Found code-base-name: https://github.com/kavia-common/flasky-304863.git:kavia-master
2026-01-17 18:25:56,568 - Knowledge - INFO - Found code_base: <app.utils.kg_build.knowledge.KnowledgeCodeBase object at 0x7fd3eea1e290>
2026-01-17 18:25:56,752 - Knowledge - INFO - process ingested knowledge for /app/data/T0015/304863/b3936pr/flasky-304863/app/templates/followers.html
2026-01-17 18:25:56,947 - Knowledge - INFO - Found code-base-name: https://github.com/kavia-common/flasky-304863.git:kavia-master
2026-01-17 18:25:57,136 - Knowledge - INFO - Found code_base: <app.utils.kg_build.knowledge.KnowledgeCodeBase object at 0x7fd3eea1e290>
2026-01-17 18:25:57,339 - Knowledge - INFO - process ingested knowledge for /app/data/T0015/304863/b3936pr/flasky-304863/app/fake.py
2026-01-17 18:25:57,543 - Knowledge - INFO - Found code-base-name: https://github.com/kavia-common/flasky-304863.git:kavia-master
2026-01-17 18:25:57,759 - Knowledge - INFO - Found code_base: <app.utils.kg_build.knowledge.KnowledgeCodeBase object at 0x7fd3eea1e290>
2026-01-17 18:25:57,973 - Knowledge - INFO - process ingested knowledge for /app/data/T0015/304863/b3936pr/flasky-304863/migrations/versions/1b966e7f4b9e_post_model.py
2026-01-17 18:25:58,144 - Knowledge - INFO - Found code-base-name: https://github.com/kavia-common/flasky-304863.git:kavia-master
2026-01-17 18:25:58,361 - Knowledge - INFO - Found code_base: <app.utils.kg_build.knowledge.KnowledgeCodeBase object at 0x7fd3eea1e290>
2026-01-17 18:25:58,597 - Knowledge - INFO - process ingested knowledge for /app/data/T0015/304863/b3936pr/flasky-304863/app/templates/auth/email/reset_password.html
2026-01-17 18:25:58,806 - Knowledge - INFO - Found code-base-name: https://github.com/kavia-common/flasky-304863.git:kavia-master
2026-01-17 18:25:59,036 - Knowledge - INFO - Found code_base: <app.utils.kg_build.knowledge.KnowledgeCodeBase object at 0x7fd3eea1e290>
2026-01-17 18:25:59,220 - Knowledge - INFO - process ingested knowledge for /app/data/T0015/304863/b3936pr/flasky-304863/flasky.py
2026-01-17 18:25:59,405 - Knowledge - INFO - Found code-base-name: https://github.com/kavia-common/flasky-304863.git:kavia-master
2026-01-17 18:25:59,597 - Knowledge - INFO - Found code_base: <app.utils.kg_build.knowledge.KnowledgeCodeBase object at 0x7fd3eea1e290>
2026-01-17 18:25:59,767 - Knowledge - INFO - process ingested knowledge for /app/data/T0015/304863/b3936pr/flasky-304863/app/templates/auth/email/change_email.txt
2026-01-17 18:25:59,948 - Knowledge - INFO - Found code-base-name: https://github.com/kavia-common/flasky-304863.git:kavia-master
2026-01-17 18:26:00,128 - Knowledge - INFO - Found code_base: <app.utils.kg_build.knowledge.KnowledgeCodeBase object at 0x7fd3eea1e290>
2026-01-17 18:26:00,308 - Knowledge - INFO - process ingested knowledge for /app/data/T0015/304863/b3936pr/flasky-304863/app/exceptions.py
2026-01-17 18:26:00,494 - Knowledge - INFO - Found code-base-name: https://github.com/kavia-common/flasky-304863.git:kavia-master
2026-01-17 18:26:00,704 - Knowledge - INFO - Found code_base: <app.utils.kg_build.knowledge.KnowledgeCodeBase object at 0x7fd3eea1e290>
2026-01-17 18:26:00,895 - Knowledge - INFO - process ingested knowledge for /app/data/T0015/304863/b3936pr/flasky-304863/app/templates/index.html
2026-01-17 18:26:01,070 - Knowledge - INFO - Found code-base-name: https://github.com/kavia-common/flasky-304863.git:kavia-master
2026-01-17 18:26:01,235 - Knowledge - INFO - Found code_base: <app.utils.kg_build.knowledge.KnowledgeCodeBase object at 0x7fd3eea1e290>
2026-01-17 18:26:01,429 - Knowledge - INFO - process ingested knowledge for /app/data/T0015/304863/b3936pr/flasky-304863/migrations/versions/2356a38169ea_followers.py
2026-01-17 18:26:01,626 - Knowledge - INFO - Found code-base-name: https://github.com/kavia-common/flasky-304863.git:kavia-master
2026-01-17 18:26:01,828 - Knowledge - INFO - Found code_base: <app.utils.kg_build.knowledge.KnowledgeCodeBase object at 0x7fd3eea1e290>
2026-01-17 18:26:01,999 - Knowledge - INFO - process ingested knowledge for /app/data/T0015/304863/b3936pr/flasky-304863/app/api/posts.py
2026-01-17 18:26:02,203 - Knowledge - INFO - Found code-base-name: https://github.com/kavia-common/flasky-304863.git:kavia-master
2026-01-17 18:26:02,402 - Knowledge - INFO - Found code_base: <app.utils.kg_build.knowledge.KnowledgeCodeBase object at 0x7fd3eea1e290>
2026-01-17 18:26:02,617 - Knowledge - INFO - process ingested knowledge for /app/data/T0015/304863/b3936pr/flasky-304863/app/templates/auth/email/reset_password.txt
2026-01-17 18:26:02,809 - Knowledge - INFO - Found code-base-name: https://github.com/kavia-common/flasky-304863.git:kavia-master
2026-01-17 18:26:02,979 - Knowledge - INFO - Found code_base: <app.utils.kg_build.knowledge.KnowledgeCodeBase object at 0x7fd3eea1e290>
2026-01-17 18:26:03,173 - Knowledge - INFO - process ingested knowledge for /app/data/T0015/304863/b3936pr/flasky-304863/app/templates/404.html
2026-01-17 18:26:03,363 - Knowledge - INFO - Found code-base-name: https://github.com/kavia-common/flasky-304863.git:kavia-master
2026-01-17 18:26:03,544 - Knowledge - INFO - Found code_base: <app.utils.kg_build.knowledge.KnowledgeCodeBase object at 0x7fd3eea1e290>
2026-01-17 18:26:03,728 - Knowledge - INFO - process ingested knowledge for /app/data/T0015/304863/b3936pr/flasky-304863/app/templates/_posts.html
2026-01-17 18:26:03,921 - Knowledge - INFO - Found code-base-name: https://github.com/kavia-common/flasky-304863.git:kavia-master
2026-01-17 18:26:04,063 - Knowledge - INFO - Found code_base: <app.utils.kg_build.knowledge.KnowledgeCodeBase object at 0x7fd3eea1e290>
2026-01-17 18:26:04,248 - Knowledge - INFO - process ingested knowledge for /app/data/T0015/304863/b3936pr/flasky-304863/requirements/docker.txt
2026-01-17 18:26:04,452 - Knowledge - INFO - Found code-base-name: https://github.com/kavia-common/flasky-304863.git:kavia-master
2026-01-17 18:26:04,628 - Knowledge - INFO - Found code_base: <app.utils.kg_build.knowledge.KnowledgeCodeBase object at 0x7fd3eea1e290>
2026-01-17 18:26:04,782 - Knowledge - INFO - process ingested knowledge for /app/data/T0015/304863/b3936pr/flasky-304863/app/main/views.py
2026-01-17 18:26:04,971 - Knowledge - INFO - Found code-base-name: https://github.com/kavia-common/flasky-304863.git:kavia-master
2026-01-17 18:26:05,142 - Knowledge - INFO - Found code_base: <app.utils.kg_build.knowledge.KnowledgeCodeBase object at 0x7fd3eea1e290>
2026-01-17 18:26:05,316 - Knowledge - INFO - process ingested knowledge for /app/data/T0015/304863/b3936pr/flasky-304863/migrations/versions/190163627111_account_confirmation.py
2026-01-17 18:26:05,478 - Knowledge - INFO - Found code-base-name: https://github.com/kavia-common/flasky-304863.git:kavia-master
2026-01-17 18:26:05,624 - Knowledge - INFO - Found code_base: <app.utils.kg_build.knowledge.KnowledgeCodeBase object at 0x7fd3eea1e290>
2026-01-17 18:26:05,799 - Knowledge - INFO - process ingested knowledge for /app/data/T0015/304863/b3936pr/flasky-304863/app/templates/_macros.html
2026-01-17 18:26:05,990 - Knowledge - INFO - Found code-base-name: https://github.com/kavia-common/flasky-304863.git:kavia-master
2026-01-17 18:26:06,182 - Knowledge - INFO - Found code_base: <app.utils.kg_build.knowledge.KnowledgeCodeBase object at 0x7fd3eea1e290>
2026-01-17 18:26:06,362 - Knowledge - INFO - process ingested knowledge for /app/data/T0015/304863/b3936pr/flasky-304863/README.md
2026-01-17 18:26:06,524 - Knowledge - INFO - Found code-base-name: https://github.com/kavia-common/flasky-304863.git:kavia-master
2026-01-17 18:26:06,700 - Knowledge - INFO - Found code_base: <app.utils.kg_build.knowledge.KnowledgeCodeBase object at 0x7fd3eea1e290>
2026-01-17 18:26:06,870 - Knowledge - INFO - process ingested knowledge for /app/data/T0015/304863/b3936pr/flasky-304863/boot.sh
2026-01-17 18:26:07,029 - Knowledge - INFO - Found code-base-name: https://github.com/kavia-common/flasky-304863.git:kavia-master
2026-01-17 18:26:07,226 - Knowledge - INFO - Found code_base: <app.utils.kg_build.knowledge.KnowledgeCodeBase object at 0x7fd3eea1e290>
2026-01-17 18:26:07,377 - Knowledge - INFO - process ingested knowledge for /app/data/T0015/304863/b3936pr/flasky-304863/app/decorators.py
2026-01-17 18:26:07,555 - Knowledge - INFO - Found code-base-name: https://github.com/kavia-common/flasky-304863.git:kavia-master
2026-01-17 18:26:07,719 - Knowledge - INFO - Found code_base: <app.utils.kg_build.knowledge.KnowledgeCodeBase object at 0x7fd3eea1e290>
2026-01-17 18:26:07,897 - Knowledge - INFO - process ingested knowledge for /app/data/T0015/304863/b3936pr/flasky-304863/migrations/versions/288cd3dc5a8_rich_text_posts.py
2026-01-17 18:26:08,107 - Knowledge - INFO - Found code-base-name: https://github.com/kavia-common/flasky-304863.git:kavia-master
2026-01-17 18:26:08,274 - Knowledge - INFO - Found code_base: <app.utils.kg_build.knowledge.KnowledgeCodeBase object at 0x7fd3eea1e290>
2026-01-17 18:26:08,460 - Knowledge - INFO - process ingested knowledge for /app/data/T0015/304863/b3936pr/flasky-304863/app/api/errors.py
2026-01-17 18:26:08,665 - Knowledge - INFO - Found code-base-name: https://github.com/kavia-common/flasky-304863.git:kavia-master
2026-01-17 18:26:08,864 - Knowledge - INFO - Found code_base: <app.utils.kg_build.knowledge.KnowledgeCodeBase object at 0x7fd3eea1e290>
2026-01-17 18:26:09,108 - Knowledge - INFO - process ingested knowledge for /app/data/T0015/304863/b3936pr/flasky-304863/config.py
2026-01-17 18:26:09,269 - Knowledge - INFO - Found code-base-name: https://github.com/kavia-common/flasky-304863.git:kavia-master
2026-01-17 18:26:09,477 - Knowledge - INFO - Found code_base: <app.utils.kg_build.knowledge.KnowledgeCodeBase object at 0x7fd3eea1e290>
2026-01-17 18:26:09,659 - Knowledge - INFO - process ingested knowledge for /app/data/T0015/304863/b3936pr/flasky-304863/tests/test_basics.py
2026-01-17 18:26:09,868 - Knowledge - INFO - Found code-base-name: https://github.com/kavia-common/flasky-304863.git:kavia-master
2026-01-17 18:26:10,017 - Knowledge - INFO - Found code_base: <app.utils.kg_build.knowledge.KnowledgeCodeBase object at 0x7fd3eea1e290>
2026-01-17 18:26:10,206 - Knowledge - INFO - process ingested knowledge for /app/data/T0015/304863/b3936pr/flasky-304863/migrations/versions/d66f086b258_user_information.py
2026-01-17 18:26:10,414 - Knowledge - INFO - Found code-base-name: https://github.com/kavia-common/flasky-304863.git:kavia-master
2026-01-17 18:26:10,583 - Knowledge - INFO - Found code_base: <app.utils.kg_build.knowledge.KnowledgeCodeBase object at 0x7fd3eea1e290>
2026-01-17 18:26:10,754 - Knowledge - INFO - process ingested knowledge for /app/data/T0015/304863/b3936pr/flasky-304863/migrations/versions/38c4e85512a9_initial_migration.py
2026-01-17 18:26:10,930 - Knowledge - INFO - Found code-base-name: https://github.com/kavia-common/flasky-304863.git:kavia-master
2026-01-17 18:26:11,156 - Knowledge - INFO - Found code_base: <app.utils.kg_build.knowledge.KnowledgeCodeBase object at 0x7fd3eea1e290>
2026-01-17 18:26:11,343 - Knowledge - INFO - process ingested knowledge for /app/data/T0015/304863/b3936pr/flasky-304863/docker-compose.yml
2026-01-17 18:26:11,512 - Knowledge - INFO - Found code-base-name: https://github.com/kavia-common/flasky-304863.git:kavia-master
2026-01-17 18:26:11,730 - Knowledge - INFO - Found code_base: <app.utils.kg_build.knowledge.KnowledgeCodeBase object at 0x7fd3eea1e290>
2026-01-17 18:26:11,870 - Knowledge - INFO - process ingested knowledge for /app/data/T0015/304863/b3936pr/flasky-304863/app/models.py
2026-01-17 18:26:12,069 - Knowledge - INFO - Found code-base-name: https://github.com/kavia-common/flasky-304863.git:kavia-master
2026-01-17 18:26:12,236 - Knowledge - INFO - Found code_base: <app.utils.kg_build.knowledge.KnowledgeCodeBase object at 0x7fd3eea1e290>
2026-01-17 18:26:12,453 - Knowledge - INFO - process ingested knowledge for /app/data/T0015/304863/b3936pr/flasky-304863/app/templates/mail/new_user.html
2026-01-17 18:26:12,664 - Knowledge - INFO - Found code-base-name: https://github.com/kavia-common/flasky-304863.git:kavia-master
2026-01-17 18:26:12,846 - Knowledge - INFO - Found code_base: <app.utils.kg_build.knowledge.KnowledgeCodeBase object at 0x7fd3eea1e290>
2026-01-17 18:26:12,999 - Knowledge - INFO - process ingested knowledge for /app/data/T0015/304863/b3936pr/flasky-304863/app/templates/auth/login.html
2026-01-17 18:26:13,163 - Knowledge - INFO - Found code-base-name: https://github.com/kavia-common/flasky-304863.git:kavia-master
2026-01-17 18:26:13,336 - Knowledge - INFO - Found code_base: <app.utils.kg_build.knowledge.KnowledgeCodeBase object at 0x7fd3eea1e290>
2026-01-17 18:26:13,490 - Knowledge - INFO - process ingested knowledge for /app/data/T0015/304863/b3936pr/flasky-304863/app/main/__init__.py
2026-01-17 18:26:13,657 - Knowledge - INFO - Found code-base-name: https://github.com/kavia-common/flasky-304863.git:kavia-master
2026-01-17 18:26:13,822 - Knowledge - INFO - Found code_base: <app.utils.kg_build.knowledge.KnowledgeCodeBase object at 0x7fd3eea1e290>
2026-01-17 18:26:13,980 - Knowledge - INFO - process ingested knowledge for /app/data/T0015/304863/b3936pr/flasky-304863/tests/test_client.py
2026-01-17 18:26:14,160 - Knowledge - INFO - Found code-base-name: https://github.com/kavia-common/flasky-304863.git:kavia-master
2026-01-17 18:26:14,347 - Knowledge - INFO - Found code_base: <app.utils.kg_build.knowledge.KnowledgeCodeBase object at 0x7fd3eea1e290>
2026-01-17 18:26:14,514 - Knowledge - INFO - process ingested knowledge for /app/data/T0015/304863/b3936pr/flasky-304863/app/__init__.py
2026-01-17 18:26:14,670 - Knowledge - INFO - Found code-base-name: https://github.com/kavia-common/flasky-304863.git:kavia-master
2026-01-17 18:26:14,873 - Knowledge - INFO - Found code_base: <app.utils.kg_build.knowledge.KnowledgeCodeBase object at 0x7fd3eea1e290>
2026-01-17 18:26:15,037 - Knowledge - INFO - process ingested knowledge for /app/data/T0015/304863/b3936pr/flasky-304863/app/templates/auth/email/confirm.html
2026-01-17 18:26:15,245 - Knowledge - INFO - Found code-base-name: https://github.com/kavia-common/flasky-304863.git:kavia-master
2026-01-17 18:26:15,444 - Knowledge - INFO - Found code_base: <app.utils.kg_build.knowledge.KnowledgeCodeBase object at 0x7fd3eea1e290>
2026-01-17 18:26:15,635 - Knowledge - INFO - process ingested knowledge for /app/data/T0015/304863/b3936pr/flasky-304863/tests/test_user_model.py
2026-01-17 18:26:15,838 - Knowledge - INFO - Found code-base-name: https://github.com/kavia-common/flasky-304863.git:kavia-master
2026-01-17 18:26:15,990 - Knowledge - INFO - Found code_base: <app.utils.kg_build.knowledge.KnowledgeCodeBase object at 0x7fd3eea1e290>
2026-01-17 18:26:16,227 - Knowledge - INFO - process ingested knowledge for /app/data/T0015/304863/b3936pr/flasky-304863/app/templates/edit_profile.html
2026-01-17 18:26:16,408 - Knowledge - INFO - Found code-base-name: https://github.com/kavia-common/flasky-304863.git:kavia-master
2026-01-17 18:26:16,579 - Knowledge - INFO - Found code_base: <app.utils.kg_build.knowledge.KnowledgeCodeBase object at 0x7fd3eea1e290>
2026-01-17 18:26:16,746 - Knowledge - INFO - process ingested knowledge for /app/data/T0015/304863/b3936pr/flasky-304863/app/templates/auth/reset_password.html
2026-01-17 18:26:16,898 - Knowledge - INFO - Found code-base-name: https://github.com/kavia-common/flasky-304863.git:kavia-master
2026-01-17 18:26:17,069 - Knowledge - INFO - Found code_base: <app.utils.kg_build.knowledge.KnowledgeCodeBase object at 0x7fd3eea1e290>
2026-01-17 18:26:17,245 - Knowledge - INFO - process ingested knowledge for /app/data/T0015/304863/b3936pr/flasky-304863/app/templates/auth/register.html
2026-01-17 18:26:17,429 - Knowledge - INFO - Found code-base-name: https://github.com/kavia-common/flasky-304863.git:kavia-master
2026-01-17 18:26:17,609 - Knowledge - INFO - Found code_base: <app.utils.kg_build.knowledge.KnowledgeCodeBase object at 0x7fd3eea1e290>
2026-01-17 18:26:17,773 - Knowledge - INFO - process ingested knowledge for /app/data/T0015/304863/b3936pr/flasky-304863/migrations/versions/56ed7d33de8d_user_roles.py
2026-01-17 18:26:17,978 - Knowledge - INFO - Found code-base-name: https://github.com/kavia-common/flasky-304863.git:kavia-master
2026-01-17 18:26:18,173 - Knowledge - INFO - Found code_base: <app.utils.kg_build.knowledge.KnowledgeCodeBase object at 0x7fd3eea1e290>
2026-01-17 18:26:18,339 - Knowledge - INFO - process ingested knowledge for /app/data/T0015/304863/b3936pr/flasky-304863/migrations/alembic.ini
2026-01-17 18:26:18,524 - Knowledge - INFO - Found code-base-name: https://github.com/kavia-common/flasky-304863.git:kavia-master
2026-01-17 18:26:18,720 - Knowledge - INFO - Found code_base: <app.utils.kg_build.knowledge.KnowledgeCodeBase object at 0x7fd3eea1e290>
2026-01-17 18:26:18,888 - Knowledge - INFO - process ingested knowledge for /app/data/T0015/304863/b3936pr/flasky-304863/app/templates/post.html
2026-01-17 18:26:19,089 - Knowledge - INFO - Found code-base-name: https://github.com/kavia-common/flasky-304863.git:kavia-master
2026-01-17 18:26:19,252 - Knowledge - INFO - Found code_base: <app.utils.kg_build.knowledge.KnowledgeCodeBase object at 0x7fd3eea1e290>
2026-01-17 18:26:19,411 - Knowledge - INFO - process ingested knowledge for /app/data/T0015/304863/b3936pr/flasky-304863/app/templates/auth/change_email.html
2026-01-17 18:26:19,570 - Knowledge - INFO - Found code-base-name: https://github.com/kavia-common/flasky-304863.git:kavia-master
2026-01-17 18:26:19,732 - Knowledge - INFO - Found code_base: <app.utils.kg_build.knowledge.KnowledgeCodeBase object at 0x7fd3eea1e290>
2026-01-17 18:26:19,919 - Knowledge - INFO - process ingested knowledge for /app/data/T0015/304863/b3936pr/flasky-304863/app/auth/forms.py
2026-01-17 18:26:20,127 - Knowledge - INFO - Found code-base-name: https://github.com/kavia-common/flasky-304863.git:kavia-master
2026-01-17 18:26:20,290 - Knowledge - INFO - Found code_base: <app.utils.kg_build.knowledge.KnowledgeCodeBase object at 0x7fd3eea1e290>
2026-01-17 18:26:20,467 - Knowledge - INFO - process ingested knowledge for /app/data/T0015/304863/b3936pr/flasky-304863/requirements/heroku.txt
2026-01-17 18:26:20,663 - Knowledge - INFO - Found code-base-name: https://github.com/kavia-common/flasky-304863.git:kavia-master
2026-01-17 18:26:20,830 - Knowledge - INFO - Found code_base: <app.utils.kg_build.knowledge.KnowledgeCodeBase object at 0x7fd3eea1e290>
2026-01-17 18:26:21,022 - Knowledge - INFO - process ingested knowledge for /app/data/T0015/304863/b3936pr/flasky-304863/app/email.py
2026-01-17 18:26:21,213 - Knowledge - INFO - Loaded 77 files from persisted knowledge
2026-01-17 18:26:21,383 - Knowledge - INFO - load persisted knowledge: end
2026-01-17 18:26:21,557 - Knowledge - INFO - Redis support added with prefix knowledge:b3936pr:
2026-01-17 18:26:21,770 - Knowledge - INFO - Starting knowledge initialization for ID: IRV1sZ-b3936pr
2026-01-17 18:26:21,942 - Knowledge - INFO - 🔍 Checking Redis for build_id: b3936pr
2026-01-17 18:26:22,124 - Knowledge - INFO - 🔍 Full session ID: IRV1sZ-b3936pr
2026-01-17 18:26:22,285 - Knowledge - INFO - 🔍 Redis prefix will be: knowledge:b3936pr:
2026-01-17 18:26:22,458 - Knowledge - INFO - 🔍 Using attached load_from_redis() method
2026-01-17 18:26:22,644 - Knowledge - INFO - 🔍 Attempting to load knowledge from Redis...
2026-01-17 18:26:22,821 - Knowledge - INFO - 🔍 Using derived instance_id for Redis lookup: b3936pr
2026-01-17 18:26:23,011 - Knowledge - INFO - ✅ Redis cache found! Loading knowledge...
2026-01-17 18:26:23,157 - Knowledge - INFO - ✅ Successfully loaded from Redis: 77 files
2026-01-17 18:26:23,354 - Knowledge - INFO - ✅ Redis load complete: 77 files in 0.90s
2026-01-17 18:26:23,525 - Knowledge - INFO - ⚡ Total Redis path: 0.90s (vs ~300s from disk)
2026-01-17 18:26:23,697 - Knowledge - INFO - Saving knowledge to Redis...
2026-01-17 18:26:23,993 - Knowledge - INFO - Knowledge saved to Redis successfully
2026-01-17 18:32:48,690 - Knowledge - INFO - Created shared MongoDB connection pool
2026-01-17 18:32:49,079 - Knowledge - INFO - Starting Knowledge Graph processing with 20 threads
2026-01-17 18:32:49,229 - Knowledge - INFO - Initial configuration: chunk_size=65536, max_cache_size=500
2026-01-17 18:32:49,389 - Knowledge - INFO - Knowledge Graph concurrency configuration: workers=20, max_batch_size=10, max_concurrent_llm_calls=50
2026-01-17 18:32:50,571 - Knowledge - INFO - 🔍 _load_persisted_knowledge called - checking for Redis optimization
2026-01-17 18:32:50,718 - Knowledge - WARNING - ❌ load_from_redis method not found - Redis support not attached
2026-01-17 18:32:50,886 - Knowledge - INFO - load persisted knowledge: begin
2026-01-17 18:32:51,111 - Knowledge - INFO - Found code-base-name: https://github.com/kavia-common/flasky-304863.git:kavia-master
2026-01-17 18:32:51,325 - Knowledge - INFO - Found code_base: <app.utils.kg_build.knowledge.KnowledgeCodeBase object at 0x7fd08c39d150>
2026-01-17 18:32:51,522 - Knowledge - INFO - process ingested knowledge for /app/data/T0015/304863/b3936pr/flasky-304863/requirements/dev.txt
2026-01-17 18:32:51,695 - Knowledge - INFO - Found code-base-name: https://github.com/kavia-common/flasky-304863.git:kavia-master
2026-01-17 18:32:51,876 - Knowledge - INFO - Found code_base: <app.utils.kg_build.knowledge.KnowledgeCodeBase object at 0x7fd08c39d150>
2026-01-17 18:32:52,050 - Knowledge - INFO - process ingested knowledge for /app/data/T0015/304863/b3936pr/flasky-304863/app/api/authentication.py
2026-01-17 18:32:52,210 - Knowledge - INFO - Found code-base-name: https://github.com/kavia-common/flasky-304863.git:kavia-master
2026-01-17 18:32:52,399 - Knowledge - INFO - Found code_base: <app.utils.kg_build.knowledge.KnowledgeCodeBase object at 0x7fd08c39d150>
2026-01-17 18:32:52,568 - Knowledge - INFO - process ingested knowledge for /app/data/T0015/304863/b3936pr/flasky-304863/app/templates/user.html
2026-01-17 18:32:52,773 - Knowledge - INFO - Found code-base-name: https://github.com/kavia-common/flasky-304863.git:kavia-master
2026-01-17 18:32:52,939 - Knowledge - INFO - Found code_base: <app.utils.kg_build.knowledge.KnowledgeCodeBase object at 0x7fd08c39d150>
2026-01-17 18:32:53,109 - Knowledge - INFO - process ingested knowledge for /app/data/T0015/304863/b3936pr/flasky-304863/app/api/__init__.py
2026-01-17 18:32:53,280 - Knowledge - INFO - Found code-base-name: https://github.com/kavia-common/flasky-304863.git:kavia-master
2026-01-17 18:32:53,453 - Knowledge - INFO - Found code_base: <app.utils.kg_build.knowledge.KnowledgeCodeBase object at 0x7fd08c39d150>
2026-01-17 18:32:53,624 - Knowledge - INFO - process ingested knowledge for /app/data/T0015/304863/b3936pr/flasky-304863/app/main/errors.py
2026-01-17 18:32:53,832 - Knowledge - INFO - Found code-base-name: https://github.com/kavia-common/flasky-304863.git:kavia-master
2026-01-17 18:32:54,011 - Knowledge - INFO - Found code_base: <app.utils.kg_build.knowledge.KnowledgeCodeBase object at 0x7fd08c39d150>
2026-01-17 18:32:54,233 - Knowledge - INFO - process ingested knowledge for /app/data/T0015/304863/b3936pr/flasky-304863/app/templates/403.html
2026-01-17 18:32:54,422 - Knowledge - INFO - Found code-base-name: https://github.com/kavia-common/flasky-304863.git:kavia-master
2026-01-17 18:32:54,603 - Knowledge - INFO - Found code_base: <app.utils.kg_build.knowledge.KnowledgeCodeBase object at 0x7fd08c39d150>
2026-01-17 18:32:54,798 - Knowledge - INFO - process ingested knowledge for /app/data/T0015/304863/b3936pr/flasky-304863/app/auth/__init__.py
2026-01-17 18:32:54,982 - Knowledge - INFO - Found code-base-name: https://github.com/kavia-common/flasky-304863.git:kavia-master
2026-01-17 18:32:55,145 - Knowledge - INFO - Found code_base: <app.utils.kg_build.knowledge.KnowledgeCodeBase object at 0x7fd08c39d150>
2026-01-17 18:32:55,356 - Knowledge - INFO - process ingested knowledge for /app/data/T0015/304863/b3936pr/flasky-304863/migrations/versions/456a945560f6_login_support.py
2026-01-17 18:32:55,527 - Knowledge - INFO - Found code-base-name: https://github.com/kavia-common/flasky-304863.git:kavia-master
2026-01-17 18:32:55,737 - Knowledge - INFO - Found code_base: <app.utils.kg_build.knowledge.KnowledgeCodeBase object at 0x7fd08c39d150>
2026-01-17 18:32:55,882 - Knowledge - INFO - process ingested knowledge for /app/data/T0015/304863/b3936pr/flasky-304863/app/templates/edit_post.html
2026-01-17 18:32:56,051 - Knowledge - INFO - Found code-base-name: https://github.com/kavia-common/flasky-304863.git:kavia-master
2026-01-17 18:32:56,234 - Knowledge - INFO - Found code_base: <app.utils.kg_build.knowledge.KnowledgeCodeBase object at 0x7fd08c39d150>
2026-01-17 18:32:56,412 - Knowledge - INFO - process ingested knowledge for /app/data/T0015/304863/b3936pr/flasky-304863/migrations/env.py
2026-01-17 18:32:56,575 - Knowledge - INFO - Found code-base-name: https://github.com/kavia-common/flasky-304863.git:kavia-master
2026-01-17 18:32:56,738 - Knowledge - INFO - Found code_base: <app.utils.kg_build.knowledge.KnowledgeCodeBase object at 0x7fd08c39d150>
2026-01-17 18:32:56,943 - Knowledge - INFO - process ingested knowledge for /app/data/T0015/304863/b3936pr/flasky-304863/app/templates/auth/unconfirmed.html
2026-01-17 18:32:57,171 - Knowledge - INFO - Found code-base-name: https://github.com/kavia-common/flasky-304863.git:kavia-master
2026-01-17 18:32:57,386 - Knowledge - INFO - Found code_base: <app.utils.kg_build.knowledge.KnowledgeCodeBase object at 0x7fd08c39d150>
2026-01-17 18:32:57,574 - Knowledge - INFO - process ingested knowledge for /app/data/T0015/304863/b3936pr/flasky-304863/app/templates/base.html
2026-01-17 18:32:57,728 - Knowledge - INFO - Found code-base-name: https://github.com/kavia-common/flasky-304863.git:kavia-master
2026-01-17 18:32:57,901 - Knowledge - INFO - Found code_base: <app.utils.kg_build.knowledge.KnowledgeCodeBase object at 0x7fd08c39d150>
2026-01-17 18:32:58,085 - Knowledge - INFO - process ingested knowledge for /app/data/T0015/304863/b3936pr/flasky-304863/tests/test_api.py
2026-01-17 18:32:58,248 - Knowledge - INFO - Found code-base-name: https://github.com/kavia-common/flasky-304863.git:kavia-master
2026-01-17 18:32:58,436 - Knowledge - INFO - Found code_base: <app.utils.kg_build.knowledge.KnowledgeCodeBase object at 0x7fd08c39d150>
2026-01-17 18:32:58,632 - Knowledge - INFO - process ingested knowledge for /app/data/T0015/304863/b3936pr/flasky-304863/requirements.txt
2026-01-17 18:32:58,836 - Knowledge - INFO - Found code-base-name: https://github.com/kavia-common/flasky-304863.git:kavia-master
2026-01-17 18:32:58,992 - Knowledge - INFO - Found code_base: <app.utils.kg_build.knowledge.KnowledgeCodeBase object at 0x7fd08c39d150>
2026-01-17 18:32:59,211 - Knowledge - INFO - process ingested knowledge for /app/data/T0015/304863/b3936pr/flasky-304863/app/main/forms.py
2026-01-17 18:32:59,371 - Knowledge - INFO - Found code-base-name: https://github.com/kavia-common/flasky-304863.git:kavia-master
2026-01-17 18:32:59,561 - Knowledge - INFO - Found code_base: <app.utils.kg_build.knowledge.KnowledgeCodeBase object at 0x7fd08c39d150>
2026-01-17 18:32:59,759 - Knowledge - INFO - process ingested knowledge for /app/data/T0015/304863/b3936pr/flasky-304863/app/templates/auth/email/confirm.txt
2026-01-17 18:32:59,957 - Knowledge - INFO - Found code-base-name: https://github.com/kavia-common/flasky-304863.git:kavia-master
2026-01-17 18:33:00,125 - Knowledge - INFO - Found code_base: <app.utils.kg_build.knowledge.KnowledgeCodeBase object at 0x7fd08c39d150>
2026-01-17 18:33:00,343 - Knowledge - INFO - process ingested knowledge for /app/data/T0015/304863/b3936pr/flasky-304863/app/api/users.py
2026-01-17 18:33:00,556 - Knowledge - INFO - Found code-base-name: https://github.com/kavia-common/flasky-304863.git:kavia-master
2026-01-17 18:33:00,732 - Knowledge - INFO - Found code_base: <app.utils.kg_build.knowledge.KnowledgeCodeBase object at 0x7fd08c39d150>
2026-01-17 18:33:00,907 - Knowledge - INFO - process ingested knowledge for /app/data/T0015/304863/b3936pr/flasky-304863/app/templates/moderate.html
2026-01-17 18:33:01,100 - Knowledge - INFO - Found code-base-name: https://github.com/kavia-common/flasky-304863.git:kavia-master
2026-01-17 18:33:01,304 - Knowledge - INFO - Found code_base: <app.utils.kg_build.knowledge.KnowledgeCodeBase object at 0x7fd08c39d150>
2026-01-17 18:33:01,505 - Knowledge - INFO - process ingested knowledge for /app/data/T0015/304863/b3936pr/flasky-304863/app/static/styles.css
2026-01-17 18:33:01,708 - Knowledge - INFO - Found code-base-name: https://github.com/kavia-common/flasky-304863.git:kavia-master
2026-01-17 18:33:01,901 - Knowledge - INFO - Found code_base: <app.utils.kg_build.knowledge.KnowledgeCodeBase object at 0x7fd08c39d150>
2026-01-17 18:33:02,119 - Knowledge - INFO - process ingested knowledge for /app/data/T0015/304863/b3936pr/flasky-304863/app/templates/auth/change_password.html
2026-01-17 18:33:02,324 - Knowledge - INFO - Found code-base-name: https://github.com/kavia-common/flasky-304863.git:kavia-master
2026-01-17 18:33:02,520 - Knowledge - INFO - Found code_base: <app.utils.kg_build.knowledge.KnowledgeCodeBase object at 0x7fd08c39d150>
2026-01-17 18:33:02,707 - Knowledge - INFO - process ingested knowledge for /app/data/T0015/304863/b3936pr/flasky-304863/migrations/versions/51f5ccfba190_comments.py
2026-01-17 18:33:02,901 - Knowledge - INFO - Found code-base-name: https://github.com/kavia-common/flasky-304863.git:kavia-master
2026-01-17 18:33:03,103 - Knowledge - INFO - Found code_base: <app.utils.kg_build.knowledge.KnowledgeCodeBase object at 0x7fd08c39d150>
2026-01-17 18:33:03,311 - Knowledge - INFO - process ingested knowledge for /app/data/T0015/304863/b3936pr/flasky-304863/tests/test_selenium.py
2026-01-17 18:33:03,510 - Knowledge - INFO - Found code-base-name: https://github.com/kavia-common/flasky-304863.git:kavia-master
2026-01-17 18:33:03,698 - Knowledge - INFO - Found code_base: <app.utils.kg_build.knowledge.KnowledgeCodeBase object at 0x7fd08c39d150>
2026-01-17 18:33:03,905 - Knowledge - INFO - process ingested knowledge for /app/data/T0015/304863/b3936pr/flasky-304863/requirements/common.txt
2026-01-17 18:33:04,128 - Knowledge - INFO - Found code-base-name: https://github.com/kavia-common/flasky-304863.git:kavia-master
2026-01-17 18:33:04,314 - Knowledge - INFO - Found code_base: <app.utils.kg_build.knowledge.KnowledgeCodeBase object at 0x7fd08c39d150>
2026-01-17 18:33:04,502 - Knowledge - INFO - process ingested knowledge for /app/data/T0015/304863/b3936pr/flasky-304863/requirements/prod.txt
2026-01-17 18:33:04,673 - Knowledge - INFO - Found code-base-name: https://github.com/kavia-common/flasky-304863.git:kavia-master
2026-01-17 18:33:04,844 - Knowledge - INFO - Found code_base: <app.utils.kg_build.knowledge.KnowledgeCodeBase object at 0x7fd08c39d150>
2026-01-17 18:33:05,012 - Knowledge - INFO - process ingested knowledge for /app/data/T0015/304863/b3936pr/flasky-304863/app/templates/auth/email/change_email.html
2026-01-17 18:33:05,259 - Knowledge - INFO - Found code-base-name: https://github.com/kavia-common/flasky-304863.git:kavia-master
2026-01-17 18:33:05,443 - Knowledge - INFO - Found code_base: <app.utils.kg_build.knowledge.KnowledgeCodeBase object at 0x7fd08c39d150>
2026-01-17 18:33:05,668 - Knowledge - INFO - process ingested knowledge for /app/data/T0015/304863/b3936pr/flasky-304863/app/templates/mail/new_user.txt
2026-01-17 18:33:05,862 - Knowledge - INFO - Found code-base-name: https://github.com/kavia-common/flasky-304863.git:kavia-master
2026-01-17 18:33:06,055 - Knowledge - INFO - Found code_base: <app.utils.kg_build.knowledge.KnowledgeCodeBase object at 0x7fd08c39d150>
2026-01-17 18:33:06,268 - Knowledge - INFO - process ingested knowledge for /app/data/T0015/304863/b3936pr/flasky-304863/app/templates/500.html
2026-01-17 18:33:06,440 - Knowledge - INFO - Found code-base-name: https://github.com/kavia-common/flasky-304863.git:kavia-master
2026-01-17 18:33:06,607 - Knowledge - INFO - Found code_base: <app.utils.kg_build.knowledge.KnowledgeCodeBase object at 0x7fd08c39d150>
2026-01-17 18:33:06,802 - Knowledge - INFO - process ingested knowledge for /app/data/T0015/304863/b3936pr/flasky-304863/app/api/decorators.py
2026-01-17 18:33:07,004 - Knowledge - INFO - Found code-base-name: https://github.com/kavia-common/flasky-304863.git:kavia-master
2026-01-17 18:33:07,185 - Knowledge - INFO - Found code_base: <app.utils.kg_build.knowledge.KnowledgeCodeBase object at 0x7fd08c39d150>
2026-01-17 18:33:07,341 - Knowledge - INFO - process ingested knowledge for /app/data/T0015/304863/b3936pr/flasky-304863/app/templates/_comments.html
2026-01-17 18:33:07,513 - Knowledge - INFO - Found code-base-name: https://github.com/kavia-common/flasky-304863.git:kavia-master
2026-01-17 18:33:07,751 - Knowledge - INFO - Found code_base: <app.utils.kg_build.knowledge.KnowledgeCodeBase object at 0x7fd08c39d150>
2026-01-17 18:33:07,924 - Knowledge - INFO - process ingested knowledge for /app/data/T0015/304863/b3936pr/flasky-304863/app/auth/views.py
2026-01-17 18:33:08,151 - Knowledge - INFO - Found code-base-name: https://github.com/kavia-common/flasky-304863.git:kavia-master
2026-01-17 18:33:08,328 - Knowledge - INFO - Found code_base: <app.utils.kg_build.knowledge.KnowledgeCodeBase object at 0x7fd08c39d150>
2026-01-17 18:33:08,508 - Knowledge - INFO - process ingested knowledge for /app/data/T0015/304863/b3936pr/flasky-304863/migrations/versions/198b0eebcf9_caching_of_avatar_hashes.py
2026-01-17 18:33:08,675 - Knowledge - INFO - Found code-base-name: https://github.com/kavia-common/flasky-304863.git:kavia-master
2026-01-17 18:33:08,864 - Knowledge - INFO - Found code_base: <app.utils.kg_build.knowledge.KnowledgeCodeBase object at 0x7fd08c39d150>
2026-01-17 18:33:09,059 - Knowledge - INFO - process ingested knowledge for /app/data/T0015/304863/b3936pr/flasky-304863/app/api/comments.py
2026-01-17 18:33:09,214 - Knowledge - INFO - Found code-base-name: https://github.com/kavia-common/flasky-304863.git:kavia-master
2026-01-17 18:33:09,424 - Knowledge - INFO - Found code_base: <app.utils.kg_build.knowledge.KnowledgeCodeBase object at 0x7fd08c39d150>
2026-01-17 18:33:09,627 - Knowledge - INFO - process ingested knowledge for /app/data/T0015/304863/b3936pr/flasky-304863/app/templates/followers.html
2026-01-17 18:33:09,803 - Knowledge - INFO - Found code-base-name: https://github.com/kavia-common/flasky-304863.git:kavia-master
2026-01-17 18:33:09,988 - Knowledge - INFO - Found code_base: <app.utils.kg_build.knowledge.KnowledgeCodeBase object at 0x7fd08c39d150>
2026-01-17 18:33:10,225 - Knowledge - INFO - process ingested knowledge for /app/data/T0015/304863/b3936pr/flasky-304863/app/fake.py
2026-01-17 18:33:10,400 - Knowledge - INFO - Found code-base-name: https://github.com/kavia-common/flasky-304863.git:kavia-master
2026-01-17 18:33:10,625 - Knowledge - INFO - Found code_base: <app.utils.kg_build.knowledge.KnowledgeCodeBase object at 0x7fd08c39d150>
2026-01-17 18:33:10,834 - Knowledge - INFO - process ingested knowledge for /app/data/T0015/304863/b3936pr/flasky-304863/migrations/versions/1b966e7f4b9e_post_model.py
2026-01-17 18:33:11,032 - Knowledge - INFO - Found code-base-name: https://github.com/kavia-common/flasky-304863.git:kavia-master
2026-01-17 18:33:11,221 - Knowledge - INFO - Found code_base: <app.utils.kg_build.knowledge.KnowledgeCodeBase object at 0x7fd08c39d150>
2026-01-17 18:33:11,385 - Knowledge - INFO - process ingested knowledge for /app/data/T0015/304863/b3936pr/flasky-304863/app/templates/auth/email/reset_password.html
2026-01-17 18:33:11,555 - Knowledge - INFO - Found code-base-name: https://github.com/kavia-common/flasky-304863.git:kavia-master
2026-01-17 18:33:11,714 - Knowledge - INFO - Found code_base: <app.utils.kg_build.knowledge.KnowledgeCodeBase object at 0x7fd08c39d150>
2026-01-17 18:33:11,879 - Knowledge - INFO - process ingested knowledge for /app/data/T0015/304863/b3936pr/flasky-304863/flasky.py
2026-01-17 18:33:12,111 - Knowledge - INFO - Found code-base-name: https://github.com/kavia-common/flasky-304863.git:kavia-master
2026-01-17 18:33:12,322 - Knowledge - INFO - Found code_base: <app.utils.kg_build.knowledge.KnowledgeCodeBase object at 0x7fd08c39d150>
2026-01-17 18:33:12,487 - Knowledge - INFO - process ingested knowledge for /app/data/T0015/304863/b3936pr/flasky-304863/app/templates/auth/email/change_email.txt
2026-01-17 18:33:12,684 - Knowledge - INFO - Found code-base-name: https://github.com/kavia-common/flasky-304863.git:kavia-master
2026-01-17 18:33:12,884 - Knowledge - INFO - Found code_base: <app.utils.kg_build.knowledge.KnowledgeCodeBase object at 0x7fd08c39d150>
2026-01-17 18:33:13,090 - Knowledge - INFO - process ingested knowledge for /app/data/T0015/304863/b3936pr/flasky-304863/app/exceptions.py
2026-01-17 18:33:13,308 - Knowledge - INFO - Found code-base-name: https://github.com/kavia-common/flasky-304863.git:kavia-master
2026-01-17 18:33:13,514 - Knowledge - INFO - Found code_base: <app.utils.kg_build.knowledge.KnowledgeCodeBase object at 0x7fd08c39d150>
2026-01-17 18:33:13,674 - Knowledge - INFO - process ingested knowledge for /app/data/T0015/304863/b3936pr/flasky-304863/app/templates/index.html
2026-01-17 18:33:13,831 - Knowledge - INFO - Found code-base-name: https://github.com/kavia-common/flasky-304863.git:kavia-master
2026-01-17 18:33:14,011 - Knowledge - INFO - Found code_base: <app.utils.kg_build.knowledge.KnowledgeCodeBase object at 0x7fd08c39d150>
2026-01-17 18:33:14,206 - Knowledge - INFO - process ingested knowledge for /app/data/T0015/304863/b3936pr/flasky-304863/migrations/versions/2356a38169ea_followers.py
2026-01-17 18:33:14,402 - Knowledge - INFO - Found code-base-name: https://github.com/kavia-common/flasky-304863.git:kavia-master
2026-01-17 18:33:14,598 - Knowledge - INFO - Found code_base: <app.utils.kg_build.knowledge.KnowledgeCodeBase object at 0x7fd08c39d150>
2026-01-17 18:33:14,838 - Knowledge - INFO - process ingested knowledge for /app/data/T0015/304863/b3936pr/flasky-304863/app/api/posts.py
2026-01-17 18:33:15,015 - Knowledge - INFO - Found code-base-name: https://github.com/kavia-common/flasky-304863.git:kavia-master
2026-01-17 18:33:15,203 - Knowledge - INFO - Found code_base: <app.utils.kg_build.knowledge.KnowledgeCodeBase object at 0x7fd08c39d150>
2026-01-17 18:33:15,378 - Knowledge - INFO - process ingested knowledge for /app/data/T0015/304863/b3936pr/flasky-304863/app/templates/auth/email/reset_password.txt
2026-01-17 18:33:15,546 - Knowledge - INFO - Found code-base-name: https://github.com/kavia-common/flasky-304863.git:kavia-master
2026-01-17 18:33:15,734 - Knowledge - INFO - Found code_base: <app.utils.kg_build.knowledge.KnowledgeCodeBase object at 0x7fd08c39d150>
2026-01-17 18:33:15,923 - Knowledge - INFO - process ingested knowledge for /app/data/T0015/304863/b3936pr/flasky-304863/app/templates/404.html
2026-01-17 18:33:16,105 - Knowledge - INFO - Found code-base-name: https://github.com/kavia-common/flasky-304863.git:kavia-master
2026-01-17 18:33:16,303 - Knowledge - INFO - Found code_base: <app.utils.kg_build.knowledge.KnowledgeCodeBase object at 0x7fd08c39d150>
2026-01-17 18:33:16,506 - Knowledge - INFO - process ingested knowledge for /app/data/T0015/304863/b3936pr/flasky-304863/app/templates/_posts.html
2026-01-17 18:33:16,704 - Knowledge - INFO - Found code-base-name: https://github.com/kavia-common/flasky-304863.git:kavia-master
2026-01-17 18:33:16,906 - Knowledge - INFO - Found code_base: <app.utils.kg_build.knowledge.KnowledgeCodeBase object at 0x7fd08c39d150>
2026-01-17 18:33:17,073 - Knowledge - INFO - process ingested knowledge for /app/data/T0015/304863/b3936pr/flasky-304863/requirements/docker.txt
2026-01-17 18:33:17,256 - Knowledge - INFO - Found code-base-name: https://github.com/kavia-common/flasky-304863.git:kavia-master
2026-01-17 18:33:17,413 - Knowledge - INFO - Found code_base: <app.utils.kg_build.knowledge.KnowledgeCodeBase object at 0x7fd08c39d150>
2026-01-17 18:33:17,601 - Knowledge - INFO - process ingested knowledge for /app/data/T0015/304863/b3936pr/flasky-304863/app/main/views.py
2026-01-17 18:33:17,759 - Knowledge - INFO - Found code-base-name: https://github.com/kavia-common/flasky-304863.git:kavia-master
2026-01-17 18:33:17,924 - Knowledge - INFO - Found code_base: <app.utils.kg_build.knowledge.KnowledgeCodeBase object at 0x7fd08c39d150>
2026-01-17 18:33:18,114 - Knowledge - INFO - process ingested knowledge for /app/data/T0015/304863/b3936pr/flasky-304863/migrations/versions/190163627111_account_confirmation.py
2026-01-17 18:33:18,275 - Knowledge - INFO - Found code-base-name: https://github.com/kavia-common/flasky-304863.git:kavia-master
2026-01-17 18:33:18,466 - Knowledge - INFO - Found code_base: <app.utils.kg_build.knowledge.KnowledgeCodeBase object at 0x7fd08c39d150>
2026-01-17 18:33:18,701 - Knowledge - INFO - process ingested knowledge for /app/data/T0015/304863/b3936pr/flasky-304863/app/templates/_macros.html
2026-01-17 18:33:18,888 - Knowledge - INFO - Found code-base-name: https://github.com/kavia-common/flasky-304863.git:kavia-master
2026-01-17 18:33:19,045 - Knowledge - INFO - Found code_base: <app.utils.kg_build.knowledge.KnowledgeCodeBase object at 0x7fd08c39d150>
2026-01-17 18:33:19,263 - Knowledge - INFO - process ingested knowledge for /app/data/T0015/304863/b3936pr/flasky-304863/README.md
2026-01-17 18:33:19,440 - Knowledge - INFO - Found code-base-name: https://github.com/kavia-common/flasky-304863.git:kavia-master
2026-01-17 18:33:19,624 - Knowledge - INFO - Found code_base: <app.utils.kg_build.knowledge.KnowledgeCodeBase object at 0x7fd08c39d150>
2026-01-17 18:33:19,793 - Knowledge - INFO - process ingested knowledge for /app/data/T0015/304863/b3936pr/flasky-304863/boot.sh
2026-01-17 18:33:19,971 - Knowledge - INFO - Found code-base-name: https://github.com/kavia-common/flasky-304863.git:kavia-master
2026-01-17 18:33:20,167 - Knowledge - INFO - Found code_base: <app.utils.kg_build.knowledge.KnowledgeCodeBase object at 0x7fd08c39d150>
2026-01-17 18:33:20,375 - Knowledge - INFO - process ingested knowledge for /app/data/T0015/304863/b3936pr/flasky-304863/app/decorators.py
2026-01-17 18:33:20,554 - Knowledge - INFO - Found code-base-name: https://github.com/kavia-common/flasky-304863.git:kavia-master
2026-01-17 18:33:20,739 - Knowledge - INFO - Found code_base: <app.utils.kg_build.knowledge.KnowledgeCodeBase object at 0x7fd08c39d150>
2026-01-17 18:33:20,907 - Knowledge - INFO - process ingested knowledge for /app/data/T0015/304863/b3936pr/flasky-304863/migrations/versions/288cd3dc5a8_rich_text_posts.py
2026-01-17 18:33:21,071 - Knowledge - INFO - Found code-base-name: https://github.com/kavia-common/flasky-304863.git:kavia-master
2026-01-17 18:33:21,243 - Knowledge - INFO - Found code_base: <app.utils.kg_build.knowledge.KnowledgeCodeBase object at 0x7fd08c39d150>
2026-01-17 18:33:21,457 - Knowledge - INFO - process ingested knowledge for /app/data/T0015/304863/b3936pr/flasky-304863/app/api/errors.py
2026-01-17 18:33:21,647 - Knowledge - INFO - Found code-base-name: https://github.com/kavia-common/flasky-304863.git:kavia-master
2026-01-17 18:33:21,827 - Knowledge - INFO - Found code_base: <app.utils.kg_build.knowledge.KnowledgeCodeBase object at 0x7fd08c39d150>
2026-01-17 18:33:22,052 - Knowledge - INFO - process ingested knowledge for /app/data/T0015/304863/b3936pr/flasky-304863/config.py
2026-01-17 18:33:22,222 - Knowledge - INFO - Found code-base-name: https://github.com/kavia-common/flasky-304863.git:kavia-master
2026-01-17 18:33:22,384 - Knowledge - INFO - Found code_base: <app.utils.kg_build.knowledge.KnowledgeCodeBase object at 0x7fd08c39d150>
2026-01-17 18:33:22,612 - Knowledge - INFO - process ingested knowledge for /app/data/T0015/304863/b3936pr/flasky-304863/tests/test_basics.py
2026-01-17 18:33:22,822 - Knowledge - INFO - Found code-base-name: https://github.com/kavia-common/flasky-304863.git:kavia-master
2026-01-17 18:33:22,979 - Knowledge - INFO - Found code_base: <app.utils.kg_build.knowledge.KnowledgeCodeBase object at 0x7fd08c39d150>
2026-01-17 18:33:23,144 - Knowledge - INFO - process ingested knowledge for /app/data/T0015/304863/b3936pr/flasky-304863/migrations/versions/d66f086b258_user_information.py
2026-01-17 18:33:23,351 - Knowledge - INFO - Found code-base-name: https://github.com/kavia-common/flasky-304863.git:kavia-master
2026-01-17 18:33:23,550 - Knowledge - INFO - Found code_base: <app.utils.kg_build.knowledge.KnowledgeCodeBase object at 0x7fd08c39d150>
2026-01-17 18:33:23,711 - Knowledge - INFO - process ingested knowledge for /app/data/T0015/304863/b3936pr/flasky-304863/migrations/versions/38c4e85512a9_initial_migration.py
2026-01-17 18:33:23,875 - Knowledge - INFO - Found code-base-name: https://github.com/kavia-common/flasky-304863.git:kavia-master
2026-01-17 18:33:24,091 - Knowledge - INFO - Found code_base: <app.utils.kg_build.knowledge.KnowledgeCodeBase object at 0x7fd08c39d150>
2026-01-17 18:33:24,249 - Knowledge - INFO - process ingested knowledge for /app/data/T0015/304863/b3936pr/flasky-304863/docker-compose.yml
2026-01-17 18:33:24,463 - Knowledge - INFO - Found code-base-name: https://github.com/kavia-common/flasky-304863.git:kavia-master
2026-01-17 18:33:24,652 - Knowledge - INFO - Found code_base: <app.utils.kg_build.knowledge.KnowledgeCodeBase object at 0x7fd08c39d150>
2026-01-17 18:33:24,805 - Knowledge - INFO - process ingested knowledge for /app/data/T0015/304863/b3936pr/flasky-304863/app/models.py
2026-01-17 18:33:25,011 - Knowledge - INFO - Found code-base-name: https://github.com/kavia-common/flasky-304863.git:kavia-master
2026-01-17 18:33:25,218 - Knowledge - INFO - Found code_base: <app.utils.kg_build.knowledge.KnowledgeCodeBase object at 0x7fd08c39d150>
2026-01-17 18:33:25,421 - Knowledge - INFO - process ingested knowledge for /app/data/T0015/304863/b3936pr/flasky-304863/app/templates/mail/new_user.html
2026-01-17 18:33:25,615 - Knowledge - INFO - Found code-base-name: https://github.com/kavia-common/flasky-304863.git:kavia-master
2026-01-17 18:33:25,791 - Knowledge - INFO - Found code_base: <app.utils.kg_build.knowledge.KnowledgeCodeBase object at 0x7fd08c39d150>
2026-01-17 18:33:26,027 - Knowledge - INFO - process ingested knowledge for /app/data/T0015/304863/b3936pr/flasky-304863/app/templates/auth/login.html
2026-01-17 18:33:26,207 - Knowledge - INFO - Found code-base-name: https://github.com/kavia-common/flasky-304863.git:kavia-master
2026-01-17 18:33:26,407 - Knowledge - INFO - Found code_base: <app.utils.kg_build.knowledge.KnowledgeCodeBase object at 0x7fd08c39d150>
2026-01-17 18:33:26,597 - Knowledge - INFO - process ingested knowledge for /app/data/T0015/304863/b3936pr/flasky-304863/app/main/__init__.py
2026-01-17 18:33:26,770 - Knowledge - INFO - Found code-base-name: https://github.com/kavia-common/flasky-304863.git:kavia-master
2026-01-17 18:33:26,968 - Knowledge - INFO - Found code_base: <app.utils.kg_build.knowledge.KnowledgeCodeBase object at 0x7fd08c39d150>
2026-01-17 18:33:27,130 - Knowledge - INFO - process ingested knowledge for /app/data/T0015/304863/b3936pr/flasky-304863/tests/test_client.py
2026-01-17 18:33:27,368 - Knowledge - INFO - Found code-base-name: https://github.com/kavia-common/flasky-304863.git:kavia-master
2026-01-17 18:33:27,546 - Knowledge - INFO - Found code_base: <app.utils.kg_build.knowledge.KnowledgeCodeBase object at 0x7fd08c39d150>
2026-01-17 18:33:27,697 - Knowledge - INFO - process ingested knowledge for /app/data/T0015/304863/b3936pr/flasky-304863/app/__init__.py
2026-01-17 18:33:27,928 - Knowledge - INFO - Found code-base-name: https://github.com/kavia-common/flasky-304863.git:kavia-master
2026-01-17 18:33:28,138 - Knowledge - INFO - Found code_base: <app.utils.kg_build.knowledge.KnowledgeCodeBase object at 0x7fd08c39d150>
2026-01-17 18:33:28,448 - Knowledge - INFO - process ingested knowledge for /app/data/T0015/304863/b3936pr/flasky-304863/app/templates/auth/email/confirm.html
2026-01-17 18:33:28,632 - Knowledge - INFO - Found code-base-name: https://github.com/kavia-common/flasky-304863.git:kavia-master
2026-01-17 18:33:28,801 - Knowledge - INFO - Found code_base: <app.utils.kg_build.knowledge.KnowledgeCodeBase object at 0x7fd08c39d150>
2026-01-17 18:33:28,990 - Knowledge - INFO - process ingested knowledge for /app/data/T0015/304863/b3936pr/flasky-304863/tests/test_user_model.py
2026-01-17 18:33:29,208 - Knowledge - INFO - Found code-base-name: https://github.com/kavia-common/flasky-304863.git:kavia-master
2026-01-17 18:33:29,395 - Knowledge - INFO - Found code_base: <app.utils.kg_build.knowledge.KnowledgeCodeBase object at 0x7fd08c39d150>
2026-01-17 18:33:29,603 - Knowledge - INFO - process ingested knowledge for /app/data/T0015/304863/b3936pr/flasky-304863/app/templates/edit_profile.html
2026-01-17 18:33:29,772 - Knowledge - INFO - Found code-base-name: https://github.com/kavia-common/flasky-304863.git:kavia-master
2026-01-17 18:33:29,942 - Knowledge - INFO - Found code_base: <app.utils.kg_build.knowledge.KnowledgeCodeBase object at 0x7fd08c39d150>
2026-01-17 18:33:30,150 - Knowledge - INFO - process ingested knowledge for /app/data/T0015/304863/b3936pr/flasky-304863/app/templates/auth/reset_password.html
2026-01-17 18:33:30,321 - Knowledge - INFO - Found code-base-name: https://github.com/kavia-common/flasky-304863.git:kavia-master
2026-01-17 18:33:30,502 - Knowledge - INFO - Found code_base: <app.utils.kg_build.knowledge.KnowledgeCodeBase object at 0x7fd08c39d150>
2026-01-17 18:33:30,664 - Knowledge - INFO - process ingested knowledge for /app/data/T0015/304863/b3936pr/flasky-304863/app/templates/auth/register.html
2026-01-17 18:33:30,913 - Knowledge - INFO - Found code-base-name: https://github.com/kavia-common/flasky-304863.git:kavia-master
2026-01-17 18:33:31,092 - Knowledge - INFO - Found code_base: <app.utils.kg_build.knowledge.KnowledgeCodeBase object at 0x7fd08c39d150>
2026-01-17 18:33:31,241 - Knowledge - INFO - process ingested knowledge for /app/data/T0015/304863/b3936pr/flasky-304863/migrations/versions/56ed7d33de8d_user_roles.py
2026-01-17 18:33:31,448 - Knowledge - INFO - Found code-base-name: https://github.com/kavia-common/flasky-304863.git:kavia-master
2026-01-17 18:33:31,606 - Knowledge - INFO - Found code_base: <app.utils.kg_build.knowledge.KnowledgeCodeBase object at 0x7fd08c39d150>
2026-01-17 18:33:31,760 - Knowledge - INFO - process ingested knowledge for /app/data/T0015/304863/b3936pr/flasky-304863/migrations/alembic.ini
2026-01-17 18:33:31,985 - Knowledge - INFO - Found code-base-name: https://github.com/kavia-common/flasky-304863.git:kavia-master
2026-01-17 18:33:32,183 - Knowledge - INFO - Found code_base: <app.utils.kg_build.knowledge.KnowledgeCodeBase object at 0x7fd08c39d150>
2026-01-17 18:33:32,409 - Knowledge - INFO - process ingested knowledge for /app/data/T0015/304863/b3936pr/flasky-304863/app/templates/post.html
2026-01-17 18:33:32,601 - Knowledge - INFO - Found code-base-name: https://github.com/kavia-common/flasky-304863.git:kavia-master
2026-01-17 18:33:32,802 - Knowledge - INFO - Found code_base: <app.utils.kg_build.knowledge.KnowledgeCodeBase object at 0x7fd08c39d150>
2026-01-17 18:33:32,967 - Knowledge - INFO - process ingested knowledge for /app/data/T0015/304863/b3936pr/flasky-304863/app/templates/auth/change_email.html
2026-01-17 18:33:33,188 - Knowledge - INFO - Found code-base-name: https://github.com/kavia-common/flasky-304863.git:kavia-master
2026-01-17 18:33:33,369 - Knowledge - INFO - Found code_base: <app.utils.kg_build.knowledge.KnowledgeCodeBase object at 0x7fd08c39d150>
2026-01-17 18:33:33,564 - Knowledge - INFO - process ingested knowledge for /app/data/T0015/304863/b3936pr/flasky-304863/app/auth/forms.py
2026-01-17 18:33:33,740 - Knowledge - INFO - Found code-base-name: https://github.com/kavia-common/flasky-304863.git:kavia-master
2026-01-17 18:33:33,928 - Knowledge - INFO - Found code_base: <app.utils.kg_build.knowledge.KnowledgeCodeBase object at 0x7fd08c39d150>
2026-01-17 18:33:34,122 - Knowledge - INFO - process ingested knowledge for /app/data/T0015/304863/b3936pr/flasky-304863/requirements/heroku.txt
2026-01-17 18:33:34,286 - Knowledge - INFO - Found code-base-name: https://github.com/kavia-common/flasky-304863.git:kavia-master
2026-01-17 18:33:34,506 - Knowledge - INFO - Found code_base: <app.utils.kg_build.knowledge.KnowledgeCodeBase object at 0x7fd08c39d150>
2026-01-17 18:33:34,697 - Knowledge - INFO - process ingested knowledge for /app/data/T0015/304863/b3936pr/flasky-304863/app/email.py
2026-01-17 18:33:34,868 - Knowledge - INFO - Loaded 77 files from persisted knowledge
2026-01-17 18:33:35,061 - Knowledge - INFO - load persisted knowledge: end
2026-01-17 18:33:35,239 - Knowledge - INFO - Redis support added with prefix knowledge:b3936pr:
2026-01-17 18:33:35,462 - Knowledge - INFO - Starting knowledge initialization for ID: gRFrEW-b3936pr
2026-01-17 18:33:35,646 - Knowledge - INFO - 🔍 Checking Redis for build_id: b3936pr
2026-01-17 18:33:35,817 - Knowledge - INFO - 🔍 Full session ID: gRFrEW-b3936pr
2026-01-17 18:33:36,011 - Knowledge - INFO - 🔍 Redis prefix will be: knowledge:b3936pr:
2026-01-17 18:33:36,226 - Knowledge - INFO - 🔍 Using attached load_from_redis() method
2026-01-17 18:33:36,400 - Knowledge - INFO - 🔍 Attempting to load knowledge from Redis...
2026-01-17 18:33:36,568 - Knowledge - INFO - 🔍 Using derived instance_id for Redis lookup: b3936pr
2026-01-17 18:33:36,731 - Knowledge - INFO - ✅ Redis cache found! Loading knowledge...
2026-01-17 18:33:36,897 - Knowledge - INFO - ✅ Successfully loaded from Redis: 77 files
2026-01-17 18:33:37,079 - Knowledge - INFO - ✅ Redis load complete: 77 files in 0.85s
2026-01-17 18:33:37,245 - Knowledge - INFO - ⚡ Total Redis path: 0.85s (vs ~300s from disk)
2026-01-17 18:33:37,440 - Knowledge - INFO - Saving knowledge to Redis...
2026-01-17 18:33:37,710 - Knowledge - INFO - Knowledge saved to Redis successfully
2026-01-17 18:37:17,656 - Knowledge - INFO - Created shared MongoDB connection pool
2026-01-17 18:37:17,971 - Knowledge - INFO - Starting Knowledge Graph processing with 20 threads
2026-01-17 18:37:18,123 - Knowledge - INFO - Initial configuration: chunk_size=65536, max_cache_size=500
2026-01-17 18:37:18,335 - Knowledge - INFO - Knowledge Graph concurrency configuration: workers=20, max_batch_size=10, max_concurrent_llm_calls=50
2026-01-17 18:37:19,407 - Knowledge - INFO - 🔍 _load_persisted_knowledge called - checking for Redis optimization
2026-01-17 18:37:19,549 - Knowledge - WARNING - ❌ load_from_redis method not found - Redis support not attached
2026-01-17 18:37:19,708 - Knowledge - INFO - load persisted knowledge: begin
2026-01-17 18:37:19,899 - Knowledge - INFO - Found code-base-name: https://github.com/kavia-common/flasky-304863.git:kavia-master
2026-01-17 18:37:20,066 - Knowledge - INFO - Found code_base: <app.utils.kg_build.knowledge.KnowledgeCodeBase object at 0x7f5117609650>
2026-01-17 18:37:20,236 - Knowledge - INFO - process ingested knowledge for /app/data/T0015/304863/b3936pr/flasky-304863/requirements/dev.txt
2026-01-17 18:37:20,414 - Knowledge - INFO - Found code-base-name: https://github.com/kavia-common/flasky-304863.git:kavia-master
2026-01-17 18:37:20,584 - Knowledge - INFO - Found code_base: <app.utils.kg_build.knowledge.KnowledgeCodeBase object at 0x7f5117609650>
2026-01-17 18:37:20,768 - Knowledge - INFO - process ingested knowledge for /app/data/T0015/304863/b3936pr/flasky-304863/app/api/authentication.py
2026-01-17 18:37:20,969 - Knowledge - INFO - Found code-base-name: https://github.com/kavia-common/flasky-304863.git:kavia-master
2026-01-17 18:37:21,127 - Knowledge - INFO - Found code_base: <app.utils.kg_build.knowledge.KnowledgeCodeBase object at 0x7f5117609650>
2026-01-17 18:37:21,336 - Knowledge - INFO - process ingested knowledge for /app/data/T0015/304863/b3936pr/flasky-304863/app/templates/user.html
2026-01-17 18:37:21,517 - Knowledge - INFO - Found code-base-name: https://github.com/kavia-common/flasky-304863.git:kavia-master
2026-01-17 18:37:21,685 - Knowledge - INFO - Found code_base: <app.utils.kg_build.knowledge.KnowledgeCodeBase object at 0x7f5117609650>
2026-01-17 18:37:21,849 - Knowledge - INFO - process ingested knowledge for /app/data/T0015/304863/b3936pr/flasky-304863/app/api/__init__.py
2026-01-17 18:37:22,016 - Knowledge - INFO - Found code-base-name: https://github.com/kavia-common/flasky-304863.git:kavia-master
2026-01-17 18:37:22,258 - Knowledge - INFO - Found code_base: <app.utils.kg_build.knowledge.KnowledgeCodeBase object at 0x7f5117609650>
2026-01-17 18:37:22,426 - Knowledge - INFO - process ingested knowledge for /app/data/T0015/304863/b3936pr/flasky-304863/app/main/errors.py
2026-01-17 18:37:22,598 - Knowledge - INFO - Found code-base-name: https://github.com/kavia-common/flasky-304863.git:kavia-master
2026-01-17 18:37:22,752 - Knowledge - INFO - Found code_base: <app.utils.kg_build.knowledge.KnowledgeCodeBase object at 0x7f5117609650>
2026-01-17 18:37:22,935 - Knowledge - INFO - process ingested knowledge for /app/data/T0015/304863/b3936pr/flasky-304863/app/templates/403.html
2026-01-17 18:37:23,151 - Knowledge - INFO - Found code-base-name: https://github.com/kavia-common/flasky-304863.git:kavia-master
2026-01-17 18:37:23,314 - Knowledge - INFO - Found code_base: <app.utils.kg_build.knowledge.KnowledgeCodeBase object at 0x7f5117609650>
2026-01-17 18:37:23,528 - Knowledge - INFO - process ingested knowledge for /app/data/T0015/304863/b3936pr/flasky-304863/app/auth/__init__.py
2026-01-17 18:37:23,681 - Knowledge - INFO - Found code-base-name: https://github.com/kavia-common/flasky-304863.git:kavia-master
2026-01-17 18:37:23,850 - Knowledge - INFO - Found code_base: <app.utils.kg_build.knowledge.KnowledgeCodeBase object at 0x7f5117609650>
2026-01-17 18:37:24,067 - Knowledge - INFO - process ingested knowledge for /app/data/T0015/304863/b3936pr/flasky-304863/migrations/versions/456a945560f6_login_support.py
2026-01-17 18:37:24,262 - Knowledge - INFO - Found code-base-name: https://github.com/kavia-common/flasky-304863.git:kavia-master
2026-01-17 18:37:24,405 - Knowledge - INFO - Found code_base: <app.utils.kg_build.knowledge.KnowledgeCodeBase object at 0x7f5117609650>
2026-01-17 18:37:24,558 - Knowledge - INFO - process ingested knowledge for /app/data/T0015/304863/b3936pr/flasky-304863/app/templates/edit_post.html
2026-01-17 18:37:24,763 - Knowledge - INFO - Found code-base-name: https://github.com/kavia-common/flasky-304863.git:kavia-master
2026-01-17 18:37:24,970 - Knowledge - INFO - Found code_base: <app.utils.kg_build.knowledge.KnowledgeCodeBase object at 0x7f5117609650>
2026-01-17 18:37:25,138 - Knowledge - INFO - process ingested knowledge for /app/data/T0015/304863/b3936pr/flasky-304863/migrations/env.py
2026-01-17 18:37:25,340 - Knowledge - INFO - Found code-base-name: https://github.com/kavia-common/flasky-304863.git:kavia-master
2026-01-17 18:37:25,559 - Knowledge - INFO - Found code_base: <app.utils.kg_build.knowledge.KnowledgeCodeBase object at 0x7f5117609650>
2026-01-17 18:37:25,711 - Knowledge - INFO - process ingested knowledge for /app/data/T0015/304863/b3936pr/flasky-304863/app/templates/auth/unconfirmed.html
2026-01-17 18:37:25,871 - Knowledge - INFO - Found code-base-name: https://github.com/kavia-common/flasky-304863.git:kavia-master
2026-01-17 18:37:26,036 - Knowledge - INFO - Found code_base: <app.utils.kg_build.knowledge.KnowledgeCodeBase object at 0x7f5117609650>
2026-01-17 18:37:26,234 - Knowledge - INFO - process ingested knowledge for /app/data/T0015/304863/b3936pr/flasky-304863/app/templates/base.html
2026-01-17 18:37:26,388 - Knowledge - INFO - Found code-base-name: https://github.com/kavia-common/flasky-304863.git:kavia-master
2026-01-17 18:37:26,546 - Knowledge - INFO - Found code_base: <app.utils.kg_build.knowledge.KnowledgeCodeBase object at 0x7f5117609650>
2026-01-17 18:37:26,730 - Knowledge - INFO - process ingested knowledge for /app/data/T0015/304863/b3936pr/flasky-304863/tests/test_api.py
2026-01-17 18:37:26,897 - Knowledge - INFO - Found code-base-name: https://github.com/kavia-common/flasky-304863.git:kavia-master
2026-01-17 18:37:27,048 - Knowledge - INFO - Found code_base: <app.utils.kg_build.knowledge.KnowledgeCodeBase object at 0x7f5117609650>
2026-01-17 18:37:27,208 - Knowledge - INFO - process ingested knowledge for /app/data/T0015/304863/b3936pr/flasky-304863/requirements.txt
2026-01-17 18:37:27,395 - Knowledge - INFO - Found code-base-name: https://github.com/kavia-common/flasky-304863.git:kavia-master
2026-01-17 18:37:27,564 - Knowledge - INFO - Found code_base: <app.utils.kg_build.knowledge.KnowledgeCodeBase object at 0x7f5117609650>
2026-01-17 18:37:27,727 - Knowledge - INFO - process ingested knowledge for /app/data/T0015/304863/b3936pr/flasky-304863/app/main/forms.py
2026-01-17 18:37:27,896 - Knowledge - INFO - Found code-base-name: https://github.com/kavia-common/flasky-304863.git:kavia-master
2026-01-17 18:37:28,107 - Knowledge - INFO - Found code_base: <app.utils.kg_build.knowledge.KnowledgeCodeBase object at 0x7f5117609650>
2026-01-17 18:37:28,328 - Knowledge - INFO - process ingested knowledge for /app/data/T0015/304863/b3936pr/flasky-304863/app/templates/auth/email/confirm.txt
2026-01-17 18:37:28,521 - Knowledge - INFO - Found code-base-name: https://github.com/kavia-common/flasky-304863.git:kavia-master
2026-01-17 18:37:28,731 - Knowledge - INFO - Found code_base: <app.utils.kg_build.knowledge.KnowledgeCodeBase object at 0x7f5117609650>
2026-01-17 18:37:28,884 - Knowledge - INFO - process ingested knowledge for /app/data/T0015/304863/b3936pr/flasky-304863/app/api/users.py
2026-01-17 18:37:29,088 - Knowledge - INFO - Found code-base-name: https://github.com/kavia-common/flasky-304863.git:kavia-master
2026-01-17 18:37:29,307 - Knowledge - INFO - Found code_base: <app.utils.kg_build.knowledge.KnowledgeCodeBase object at 0x7f5117609650>
2026-01-17 18:37:29,465 - Knowledge - INFO - process ingested knowledge for /app/data/T0015/304863/b3936pr/flasky-304863/app/templates/moderate.html
2026-01-17 18:37:29,674 - Knowledge - INFO - Found code-base-name: https://github.com/kavia-common/flasky-304863.git:kavia-master
2026-01-17 18:37:29,868 - Knowledge - INFO - Found code_base: <app.utils.kg_build.knowledge.KnowledgeCodeBase object at 0x7f5117609650>
2026-01-17 18:37:30,015 - Knowledge - INFO - process ingested knowledge for /app/data/T0015/304863/b3936pr/flasky-304863/app/static/styles.css
2026-01-17 18:37:30,200 - Knowledge - INFO - Found code-base-name: https://github.com/kavia-common/flasky-304863.git:kavia-master
2026-01-17 18:37:30,363 - Knowledge - INFO - Found code_base: <app.utils.kg_build.knowledge.KnowledgeCodeBase object at 0x7f5117609650>
2026-01-17 18:37:30,524 - Knowledge - INFO - process ingested knowledge for /app/data/T0015/304863/b3936pr/flasky-304863/app/templates/auth/change_password.html
2026-01-17 18:37:30,667 - Knowledge - INFO - Found code-base-name: https://github.com/kavia-common/flasky-304863.git:kavia-master
2026-01-17 18:37:30,880 - Knowledge - INFO - Found code_base: <app.utils.kg_build.knowledge.KnowledgeCodeBase object at 0x7f5117609650>
2026-01-17 18:37:31,073 - Knowledge - INFO - process ingested knowledge for /app/data/T0015/304863/b3936pr/flasky-304863/migrations/versions/51f5ccfba190_comments.py
2026-01-17 18:37:31,251 - Knowledge - INFO - Found code-base-name: https://github.com/kavia-common/flasky-304863.git:kavia-master
2026-01-17 18:37:31,447 - Knowledge - INFO - Found code_base: <app.utils.kg_build.knowledge.KnowledgeCodeBase object at 0x7f5117609650>
2026-01-17 18:37:31,622 - Knowledge - INFO - process ingested knowledge for /app/data/T0015/304863/b3936pr/flasky-304863/tests/test_selenium.py
2026-01-17 18:37:31,789 - Knowledge - INFO - Found code-base-name: https://github.com/kavia-common/flasky-304863.git:kavia-master
2026-01-17 18:37:31,989 - Knowledge - INFO - Found code_base: <app.utils.kg_build.knowledge.KnowledgeCodeBase object at 0x7f5117609650>
2026-01-17 18:37:32,163 - Knowledge - INFO - process ingested knowledge for /app/data/T0015/304863/b3936pr/flasky-304863/requirements/common.txt
2026-01-17 18:37:32,315 - Knowledge - INFO - Found code-base-name: https://github.com/kavia-common/flasky-304863.git:kavia-master
2026-01-17 18:37:32,482 - Knowledge - INFO - Found code_base: <app.utils.kg_build.knowledge.KnowledgeCodeBase object at 0x7f5117609650>
2026-01-17 18:37:32,636 - Knowledge - INFO - process ingested knowledge for /app/data/T0015/304863/b3936pr/flasky-304863/requirements/prod.txt
2026-01-17 18:37:32,818 - Knowledge - INFO - Found code-base-name: https://github.com/kavia-common/flasky-304863.git:kavia-master
2026-01-17 18:37:33,005 - Knowledge - INFO - Found code_base: <app.utils.kg_build.knowledge.KnowledgeCodeBase object at 0x7f5117609650>
2026-01-17 18:37:33,204 - Knowledge - INFO - process ingested knowledge for /app/data/T0015/304863/b3936pr/flasky-304863/app/templates/auth/email/change_email.html
2026-01-17 18:37:33,369 - Knowledge - INFO - Found code-base-name: https://github.com/kavia-common/flasky-304863.git:kavia-master
2026-01-17 18:37:33,534 - Knowledge - INFO - Found code_base: <app.utils.kg_build.knowledge.KnowledgeCodeBase object at 0x7f5117609650>
2026-01-17 18:37:33,743 - Knowledge - INFO - process ingested knowledge for /app/data/T0015/304863/b3936pr/flasky-304863/app/templates/mail/new_user.txt
2026-01-17 18:37:33,914 - Knowledge - INFO - Found code-base-name: https://github.com/kavia-common/flasky-304863.git:kavia-master
2026-01-17 18:37:34,061 - Knowledge - INFO - Found code_base: <app.utils.kg_build.knowledge.KnowledgeCodeBase object at 0x7f5117609650>
2026-01-17 18:37:34,215 - Knowledge - INFO - process ingested knowledge for /app/data/T0015/304863/b3936pr/flasky-304863/app/templates/500.html
2026-01-17 18:37:34,409 - Knowledge - INFO - Found code-base-name: https://github.com/kavia-common/flasky-304863.git:kavia-master
2026-01-17 18:37:34,579 - Knowledge - INFO - Found code_base: <app.utils.kg_build.knowledge.KnowledgeCodeBase object at 0x7f5117609650>
2026-01-17 18:37:34,774 - Knowledge - INFO - process ingested knowledge for /app/data/T0015/304863/b3936pr/flasky-304863/app/api/decorators.py
2026-01-17 18:37:34,974 - Knowledge - INFO - Found code-base-name: https://github.com/kavia-common/flasky-304863.git:kavia-master
2026-01-17 18:37:35,151 - Knowledge - INFO - Found code_base: <app.utils.kg_build.knowledge.KnowledgeCodeBase object at 0x7f5117609650>
2026-01-17 18:37:35,296 - Knowledge - INFO - process ingested knowledge for /app/data/T0015/304863/b3936pr/flasky-304863/app/templates/_comments.html
2026-01-17 18:37:35,519 - Knowledge - INFO - Found code-base-name: https://github.com/kavia-common/flasky-304863.git:kavia-master
2026-01-17 18:37:35,732 - Knowledge - INFO - Found code_base: <app.utils.kg_build.knowledge.KnowledgeCodeBase object at 0x7f5117609650>
2026-01-17 18:37:35,903 - Knowledge - INFO - process ingested knowledge for /app/data/T0015/304863/b3936pr/flasky-304863/app/auth/views.py
2026-01-17 18:37:36,102 - Knowledge - INFO - Found code-base-name: https://github.com/kavia-common/flasky-304863.git:kavia-master
2026-01-17 18:37:36,279 - Knowledge - INFO - Found code_base: <app.utils.kg_build.knowledge.KnowledgeCodeBase object at 0x7f5117609650>
2026-01-17 18:37:36,461 - Knowledge - INFO - process ingested knowledge for /app/data/T0015/304863/b3936pr/flasky-304863/migrations/versions/198b0eebcf9_caching_of_avatar_hashes.py
2026-01-17 18:37:36,637 - Knowledge - INFO - Found code-base-name: https://github.com/kavia-common/flasky-304863.git:kavia-master
2026-01-17 18:37:36,806 - Knowledge - INFO - Found code_base: <app.utils.kg_build.knowledge.KnowledgeCodeBase object at 0x7f5117609650>
2026-01-17 18:37:37,025 - Knowledge - INFO - process ingested knowledge for /app/data/T0015/304863/b3936pr/flasky-304863/app/api/comments.py
2026-01-17 18:37:37,225 - Knowledge - INFO - Found code-base-name: https://github.com/kavia-common/flasky-304863.git:kavia-master
2026-01-17 18:37:37,427 - Knowledge - INFO - Found code_base: <app.utils.kg_build.knowledge.KnowledgeCodeBase object at 0x7f5117609650>
2026-01-17 18:37:37,626 - Knowledge - INFO - process ingested knowledge for /app/data/T0015/304863/b3936pr/flasky-304863/app/templates/followers.html
2026-01-17 18:37:37,798 - Knowledge - INFO - Found code-base-name: https://github.com/kavia-common/flasky-304863.git:kavia-master
2026-01-17 18:37:37,996 - Knowledge - INFO - Found code_base: <app.utils.kg_build.knowledge.KnowledgeCodeBase object at 0x7f5117609650>
2026-01-17 18:37:38,220 - Knowledge - INFO - process ingested knowledge for /app/data/T0015/304863/b3936pr/flasky-304863/app/fake.py
2026-01-17 18:37:38,377 - Knowledge - INFO - Found code-base-name: https://github.com/kavia-common/flasky-304863.git:kavia-master
2026-01-17 18:37:38,533 - Knowledge - INFO - Found code_base: <app.utils.kg_build.knowledge.KnowledgeCodeBase object at 0x7f5117609650>
2026-01-17 18:37:38,723 - Knowledge - INFO - process ingested knowledge for /app/data/T0015/304863/b3936pr/flasky-304863/migrations/versions/1b966e7f4b9e_post_model.py
2026-01-17 18:37:38,901 - Knowledge - INFO - Found code-base-name: https://github.com/kavia-common/flasky-304863.git:kavia-master
2026-01-17 18:37:39,093 - Knowledge - INFO - Found code_base: <app.utils.kg_build.knowledge.KnowledgeCodeBase object at 0x7f5117609650>
2026-01-17 18:37:39,255 - Knowledge - INFO - process ingested knowledge for /app/data/T0015/304863/b3936pr/flasky-304863/app/templates/auth/email/reset_password.html
2026-01-17 18:37:39,447 - Knowledge - INFO - Found code-base-name: https://github.com/kavia-common/flasky-304863.git:kavia-master
2026-01-17 18:37:39,604 - Knowledge - INFO - Found code_base: <app.utils.kg_build.knowledge.KnowledgeCodeBase object at 0x7f5117609650>
2026-01-17 18:37:39,846 - Knowledge - INFO - process ingested knowledge for /app/data/T0015/304863/b3936pr/flasky-304863/flasky.py
2026-01-17 18:37:40,007 - Knowledge - INFO - Found code-base-name: https://github.com/kavia-common/flasky-304863.git:kavia-master
2026-01-17 18:37:40,189 - Knowledge - INFO - Found code_base: <app.utils.kg_build.knowledge.KnowledgeCodeBase object at 0x7f5117609650>
2026-01-17 18:37:40,400 - Knowledge - INFO - process ingested knowledge for /app/data/T0015/304863/b3936pr/flasky-304863/app/templates/auth/email/change_email.txt
2026-01-17 18:37:40,615 - Knowledge - INFO - Found code-base-name: https://github.com/kavia-common/flasky-304863.git:kavia-master
2026-01-17 18:37:40,809 - Knowledge - INFO - Found code_base: <app.utils.kg_build.knowledge.KnowledgeCodeBase object at 0x7f5117609650>
2026-01-17 18:37:40,984 - Knowledge - INFO - process ingested knowledge for /app/data/T0015/304863/b3936pr/flasky-304863/app/exceptions.py
2026-01-17 18:37:41,170 - Knowledge - INFO - Found code-base-name: https://github.com/kavia-common/flasky-304863.git:kavia-master
2026-01-17 18:37:41,372 - Knowledge - INFO - Found code_base: <app.utils.kg_build.knowledge.KnowledgeCodeBase object at 0x7f5117609650>
2026-01-17 18:37:41,564 - Knowledge - INFO - process ingested knowledge for /app/data/T0015/304863/b3936pr/flasky-304863/app/templates/index.html
2026-01-17 18:37:41,714 - Knowledge - INFO - Found code-base-name: https://github.com/kavia-common/flasky-304863.git:kavia-master
2026-01-17 18:37:41,874 - Knowledge - INFO - Found code_base: <app.utils.kg_build.knowledge.KnowledgeCodeBase object at 0x7f5117609650>
2026-01-17 18:37:42,068 - Knowledge - INFO - process ingested knowledge for /app/data/T0015/304863/b3936pr/flasky-304863/migrations/versions/2356a38169ea_followers.py
2026-01-17 18:37:42,261 - Knowledge - INFO - Found code-base-name: https://github.com/kavia-common/flasky-304863.git:kavia-master
2026-01-17 18:37:42,417 - Knowledge - INFO - Found code_base: <app.utils.kg_build.knowledge.KnowledgeCodeBase object at 0x7f5117609650>
2026-01-17 18:37:42,605 - Knowledge - INFO - process ingested knowledge for /app/data/T0015/304863/b3936pr/flasky-304863/app/api/posts.py
2026-01-17 18:37:42,764 - Knowledge - INFO - Found code-base-name: https://github.com/kavia-common/flasky-304863.git:kavia-master
2026-01-17 18:37:42,935 - Knowledge - INFO - Found code_base: <app.utils.kg_build.knowledge.KnowledgeCodeBase object at 0x7f5117609650>
2026-01-17 18:37:43,094 - Knowledge - INFO - process ingested knowledge for /app/data/T0015/304863/b3936pr/flasky-304863/app/templates/auth/email/reset_password.txt
2026-01-17 18:37:43,301 - Knowledge - INFO - Found code-base-name: https://github.com/kavia-common/flasky-304863.git:kavia-master
2026-01-17 18:37:43,482 - Knowledge - INFO - Found code_base: <app.utils.kg_build.knowledge.KnowledgeCodeBase object at 0x7f5117609650>
2026-01-17 18:37:43,648 - Knowledge - INFO - process ingested knowledge for /app/data/T0015/304863/b3936pr/flasky-304863/app/templates/404.html
2026-01-17 18:37:43,825 - Knowledge - INFO - Found code-base-name: https://github.com/kavia-common/flasky-304863.git:kavia-master
2026-01-17 18:37:43,993 - Knowledge - INFO - Found code_base: <app.utils.kg_build.knowledge.KnowledgeCodeBase object at 0x7f5117609650>
2026-01-17 18:37:44,184 - Knowledge - INFO - process ingested knowledge for /app/data/T0015/304863/b3936pr/flasky-304863/app/templates/_posts.html
2026-01-17 18:37:44,341 - Knowledge - INFO - Found code-base-name: https://github.com/kavia-common/flasky-304863.git:kavia-master
2026-01-17 18:37:44,499 - Knowledge - INFO - Found code_base: <app.utils.kg_build.knowledge.KnowledgeCodeBase object at 0x7f5117609650>
2026-01-17 18:37:44,669 - Knowledge - INFO - process ingested knowledge for /app/data/T0015/304863/b3936pr/flasky-304863/requirements/docker.txt
2026-01-17 18:37:44,854 - Knowledge - INFO - Found code-base-name: https://github.com/kavia-common/flasky-304863.git:kavia-master
2026-01-17 18:37:45,053 - Knowledge - INFO - Found code_base: <app.utils.kg_build.knowledge.KnowledgeCodeBase object at 0x7f5117609650>
2026-01-17 18:37:45,261 - Knowledge - INFO - process ingested knowledge for /app/data/T0015/304863/b3936pr/flasky-304863/app/main/views.py
2026-01-17 18:37:45,508 - Knowledge - INFO - Found code-base-name: https://github.com/kavia-common/flasky-304863.git:kavia-master
2026-01-17 18:37:45,706 - Knowledge - INFO - Found code_base: <app.utils.kg_build.knowledge.KnowledgeCodeBase object at 0x7f5117609650>
2026-01-17 18:37:45,886 - Knowledge - INFO - process ingested knowledge for /app/data/T0015/304863/b3936pr/flasky-304863/migrations/versions/190163627111_account_confirmation.py
2026-01-17 18:37:46,053 - Knowledge - INFO - Found code-base-name: https://github.com/kavia-common/flasky-304863.git:kavia-master
2026-01-17 18:37:46,218 - Knowledge - INFO - Found code_base: <app.utils.kg_build.knowledge.KnowledgeCodeBase object at 0x7f5117609650>
2026-01-17 18:37:46,439 - Knowledge - INFO - process ingested knowledge for /app/data/T0015/304863/b3936pr/flasky-304863/app/templates/_macros.html
2026-01-17 18:37:46,632 - Knowledge - INFO - Found code-base-name: https://github.com/kavia-common/flasky-304863.git:kavia-master
2026-01-17 18:37:46,782 - Knowledge - INFO - Found code_base: <app.utils.kg_build.knowledge.KnowledgeCodeBase object at 0x7f5117609650>
2026-01-17 18:37:46,943 - Knowledge - INFO - process ingested knowledge for /app/data/T0015/304863/b3936pr/flasky-304863/README.md
2026-01-17 18:37:47,135 - Knowledge - INFO - Found code-base-name: https://github.com/kavia-common/flasky-304863.git:kavia-master
2026-01-17 18:37:47,274 - Knowledge - INFO - Found code_base: <app.utils.kg_build.knowledge.KnowledgeCodeBase object at 0x7f5117609650>
2026-01-17 18:37:47,447 - Knowledge - INFO - process ingested knowledge for /app/data/T0015/304863/b3936pr/flasky-304863/boot.sh
2026-01-17 18:37:47,624 - Knowledge - INFO - Found code-base-name: https://github.com/kavia-common/flasky-304863.git:kavia-master
2026-01-17 18:37:47,809 - Knowledge - INFO - Found code_base: <app.utils.kg_build.knowledge.KnowledgeCodeBase object at 0x7f5117609650>
2026-01-17 18:37:48,009 - Knowledge - INFO - process ingested knowledge for /app/data/T0015/304863/b3936pr/flasky-304863/app/decorators.py
2026-01-17 18:37:48,196 - Knowledge - INFO - Found code-base-name: https://github.com/kavia-common/flasky-304863.git:kavia-master
2026-01-17 18:37:48,372 - Knowledge - INFO - Found code_base: <app.utils.kg_build.knowledge.KnowledgeCodeBase object at 0x7f5117609650>
2026-01-17 18:37:48,550 - Knowledge - INFO - process ingested knowledge for /app/data/T0015/304863/b3936pr/flasky-304863/migrations/versions/288cd3dc5a8_rich_text_posts.py
2026-01-17 18:37:48,734 - Knowledge - INFO - Found code-base-name: https://github.com/kavia-common/flasky-304863.git:kavia-master
2026-01-17 18:37:48,912 - Knowledge - INFO - Found code_base: <app.utils.kg_build.knowledge.KnowledgeCodeBase object at 0x7f5117609650>
2026-01-17 18:37:49,082 - Knowledge - INFO - process ingested knowledge for /app/data/T0015/304863/b3936pr/flasky-304863/app/api/errors.py
2026-01-17 18:37:49,253 - Knowledge - INFO - Found code-base-name: https://github.com/kavia-common/flasky-304863.git:kavia-master
2026-01-17 18:37:49,439 - Knowledge - INFO - Found code_base: <app.utils.kg_build.knowledge.KnowledgeCodeBase object at 0x7f5117609650>
2026-01-17 18:37:49,621 - Knowledge - INFO - process ingested knowledge for /app/data/T0015/304863/b3936pr/flasky-304863/config.py
2026-01-17 18:37:49,789 - Knowledge - INFO - Found code-base-name: https://github.com/kavia-common/flasky-304863.git:kavia-master
2026-01-17 18:37:49,955 - Knowledge - INFO - Found code_base: <app.utils.kg_build.knowledge.KnowledgeCodeBase object at 0x7f5117609650>
2026-01-17 18:37:50,148 - Knowledge - INFO - process ingested knowledge for /app/data/T0015/304863/b3936pr/flasky-304863/tests/test_basics.py
2026-01-17 18:37:50,300 - Knowledge - INFO - Found code-base-name: https://github.com/kavia-common/flasky-304863.git:kavia-master
2026-01-17 18:37:50,459 - Knowledge - INFO - Found code_base: <app.utils.kg_build.knowledge.KnowledgeCodeBase object at 0x7f5117609650>
2026-01-17 18:37:50,628 - Knowledge - INFO - process ingested knowledge for /app/data/T0015/304863/b3936pr/flasky-304863/migrations/versions/d66f086b258_user_information.py
2026-01-17 18:37:50,848 - Knowledge - INFO - Found code-base-name: https://github.com/kavia-common/flasky-304863.git:kavia-master
2026-01-17 18:37:51,047 - Knowledge - INFO - Found code_base: <app.utils.kg_build.knowledge.KnowledgeCodeBase object at 0x7f5117609650>
2026-01-17 18:37:51,234 - Knowledge - INFO - process ingested knowledge for /app/data/T0015/304863/b3936pr/flasky-304863/migrations/versions/38c4e85512a9_initial_migration.py
2026-01-17 18:37:51,379 - Knowledge - INFO - Found code-base-name: https://github.com/kavia-common/flasky-304863.git:kavia-master
2026-01-17 18:37:51,554 - Knowledge - INFO - Found code_base: <app.utils.kg_build.knowledge.KnowledgeCodeBase object at 0x7f5117609650>
2026-01-17 18:37:51,776 - Knowledge - INFO - process ingested knowledge for /app/data/T0015/304863/b3936pr/flasky-304863/docker-compose.yml
2026-01-17 18:37:51,948 - Knowledge - INFO - Found code-base-name: https://github.com/kavia-common/flasky-304863.git:kavia-master
2026-01-17 18:37:52,121 - Knowledge - INFO - Found code_base: <app.utils.kg_build.knowledge.KnowledgeCodeBase object at 0x7f5117609650>
2026-01-17 18:37:52,324 - Knowledge - INFO - process ingested knowledge for /app/data/T0015/304863/b3936pr/flasky-304863/app/models.py
2026-01-17 18:37:52,495 - Knowledge - INFO - Found code-base-name: https://github.com/kavia-common/flasky-304863.git:kavia-master
2026-01-17 18:37:52,670 - Knowledge - INFO - Found code_base: <app.utils.kg_build.knowledge.KnowledgeCodeBase object at 0x7f5117609650>
2026-01-17 18:37:52,849 - Knowledge - INFO - process ingested knowledge for /app/data/T0015/304863/b3936pr/flasky-304863/app/templates/mail/new_user.html
2026-01-17 18:37:53,075 - Knowledge - INFO - Found code-base-name: https://github.com/kavia-common/flasky-304863.git:kavia-master
2026-01-17 18:37:53,266 - Knowledge - INFO - Found code_base: <app.utils.kg_build.knowledge.KnowledgeCodeBase object at 0x7f5117609650>
2026-01-17 18:37:53,459 - Knowledge - INFO - process ingested knowledge for /app/data/T0015/304863/b3936pr/flasky-304863/app/templates/auth/login.html
2026-01-17 18:37:53,650 - Knowledge - INFO - Found code-base-name: https://github.com/kavia-common/flasky-304863.git:kavia-master
2026-01-17 18:37:53,809 - Knowledge - INFO - Found code_base: <app.utils.kg_build.knowledge.KnowledgeCodeBase object at 0x7f5117609650>
2026-01-17 18:37:53,981 - Knowledge - INFO - process ingested knowledge for /app/data/T0015/304863/b3936pr/flasky-304863/app/main/__init__.py
2026-01-17 18:37:54,137 - Knowledge - INFO - Found code-base-name: https://github.com/kavia-common/flasky-304863.git:kavia-master
2026-01-17 18:37:54,283 - Knowledge - INFO - Found code_base: <app.utils.kg_build.knowledge.KnowledgeCodeBase object at 0x7f5117609650>
2026-01-17 18:37:54,453 - Knowledge - INFO - process ingested knowledge for /app/data/T0015/304863/b3936pr/flasky-304863/tests/test_client.py
2026-01-17 18:37:54,629 - Knowledge - INFO - Found code-base-name: https://github.com/kavia-common/flasky-304863.git:kavia-master
2026-01-17 18:37:54,860 - Knowledge - INFO - Found code_base: <app.utils.kg_build.knowledge.KnowledgeCodeBase object at 0x7f5117609650>
2026-01-17 18:37:55,024 - Knowledge - INFO - process ingested knowledge for /app/data/T0015/304863/b3936pr/flasky-304863/app/__init__.py
2026-01-17 18:37:55,190 - Knowledge - INFO - Found code-base-name: https://github.com/kavia-common/flasky-304863.git:kavia-master
2026-01-17 18:37:55,365 - Knowledge - INFO - Found code_base: <app.utils.kg_build.knowledge.KnowledgeCodeBase object at 0x7f5117609650>
2026-01-17 18:37:55,571 - Knowledge - INFO - process ingested knowledge for /app/data/T0015/304863/b3936pr/flasky-304863/app/templates/auth/email/confirm.html
2026-01-17 18:37:55,753 - Knowledge - INFO - Found code-base-name: https://github.com/kavia-common/flasky-304863.git:kavia-master
2026-01-17 18:37:55,912 - Knowledge - INFO - Found code_base: <app.utils.kg_build.knowledge.KnowledgeCodeBase object at 0x7f5117609650>
2026-01-17 18:37:56,100 - Knowledge - INFO - process ingested knowledge for /app/data/T0015/304863/b3936pr/flasky-304863/tests/test_user_model.py
2026-01-17 18:37:56,256 - Knowledge - INFO - Found code-base-name: https://github.com/kavia-common/flasky-304863.git:kavia-master
2026-01-17 18:37:56,418 - Knowledge - INFO - Found code_base: <app.utils.kg_build.knowledge.KnowledgeCodeBase object at 0x7f5117609650>
2026-01-17 18:37:56,574 - Knowledge - INFO - process ingested knowledge for /app/data/T0015/304863/b3936pr/flasky-304863/app/templates/edit_profile.html
2026-01-17 18:37:56,726 - Knowledge - INFO - Found code-base-name: https://github.com/kavia-common/flasky-304863.git:kavia-master
2026-01-17 18:37:56,949 - Knowledge - INFO - Found code_base: <app.utils.kg_build.knowledge.KnowledgeCodeBase object at 0x7f5117609650>
2026-01-17 18:37:57,093 - Knowledge - INFO - process ingested knowledge for /app/data/T0015/304863/b3936pr/flasky-304863/app/templates/auth/reset_password.html
2026-01-17 18:37:57,272 - Knowledge - INFO - Found code-base-name: https://github.com/kavia-common/flasky-304863.git:kavia-master
2026-01-17 18:37:57,436 - Knowledge - INFO - Found code_base: <app.utils.kg_build.knowledge.KnowledgeCodeBase object at 0x7f5117609650>
2026-01-17 18:37:57,644 - Knowledge - INFO - process ingested knowledge for /app/data/T0015/304863/b3936pr/flasky-304863/app/templates/auth/register.html
2026-01-17 18:37:57,796 - Knowledge - INFO - Found code-base-name: https://github.com/kavia-common/flasky-304863.git:kavia-master
2026-01-17 18:37:57,942 - Knowledge - INFO - Found code_base: <app.utils.kg_build.knowledge.KnowledgeCodeBase object at 0x7f5117609650>
2026-01-17 18:37:58,099 - Knowledge - INFO - process ingested knowledge for /app/data/T0015/304863/b3936pr/flasky-304863/migrations/versions/56ed7d33de8d_user_roles.py
2026-01-17 18:37:58,283 - Knowledge - INFO - Found code-base-name: https://github.com/kavia-common/flasky-304863.git:kavia-master
2026-01-17 18:37:58,490 - Knowledge - INFO - Found code_base: <app.utils.kg_build.knowledge.KnowledgeCodeBase object at 0x7f5117609650>
2026-01-17 18:37:58,637 - Knowledge - INFO - process ingested knowledge for /app/data/T0015/304863/b3936pr/flasky-304863/migrations/alembic.ini
2026-01-17 18:37:58,799 - Knowledge - INFO - Found code-base-name: https://github.com/kavia-common/flasky-304863.git:kavia-master
2026-01-17 18:37:58,968 - Knowledge - INFO - Found code_base: <app.utils.kg_build.knowledge.KnowledgeCodeBase object at 0x7f5117609650>
2026-01-17 18:37:59,131 - Knowledge - INFO - process ingested knowledge for /app/data/T0015/304863/b3936pr/flasky-304863/app/templates/post.html
2026-01-17 18:37:59,291 - Knowledge - INFO - Found code-base-name: https://github.com/kavia-common/flasky-304863.git:kavia-master
2026-01-17 18:37:59,470 - Knowledge - INFO - Found code_base: <app.utils.kg_build.knowledge.KnowledgeCodeBase object at 0x7f5117609650>
2026-01-17 18:37:59,643 - Knowledge - INFO - process ingested knowledge for /app/data/T0015/304863/b3936pr/flasky-304863/app/templates/auth/change_email.html
2026-01-17 18:37:59,842 - Knowledge - INFO - Found code-base-name: https://github.com/kavia-common/flasky-304863.git:kavia-master
2026-01-17 18:38:00,036 - Knowledge - INFO - Found code_base: <app.utils.kg_build.knowledge.KnowledgeCodeBase object at 0x7f5117609650>
2026-01-17 18:38:00,199 - Knowledge - INFO - process ingested knowledge for /app/data/T0015/304863/b3936pr/flasky-304863/app/auth/forms.py
2026-01-17 18:38:00,380 - Knowledge - INFO - Found code-base-name: https://github.com/kavia-common/flasky-304863.git:kavia-master
2026-01-17 18:38:00,538 - Knowledge - INFO - Found code_base: <app.utils.kg_build.knowledge.KnowledgeCodeBase object at 0x7f5117609650>
2026-01-17 18:38:00,723 - Knowledge - INFO - process ingested knowledge for /app/data/T0015/304863/b3936pr/flasky-304863/requirements/heroku.txt
2026-01-17 18:38:00,885 - Knowledge - INFO - Found code-base-name: https://github.com/kavia-common/flasky-304863.git:kavia-master
2026-01-17 18:38:01,118 - Knowledge - INFO - Found code_base: <app.utils.kg_build.knowledge.KnowledgeCodeBase object at 0x7f5117609650>
2026-01-17 18:38:01,300 - Knowledge - INFO - process ingested knowledge for /app/data/T0015/304863/b3936pr/flasky-304863/app/email.py
2026-01-17 18:38:01,460 - Knowledge - INFO - Loaded 77 files from persisted knowledge
2026-01-17 18:38:01,620 - Knowledge - INFO - load persisted knowledge: end
2026-01-17 18:38:01,816 - Knowledge - INFO - Redis support added with prefix knowledge:b3936pr:
2026-01-17 18:38:02,048 - Knowledge - INFO - Starting knowledge initialization for ID: UWI8Wi-b3936pr
2026-01-17 18:38:02,242 - Knowledge - INFO - 🔍 Checking Redis for build_id: b3936pr
2026-01-17 18:38:02,420 - Knowledge - INFO - 🔍 Full session ID: UWI8Wi-b3936pr
2026-01-17 18:38:02,583 - Knowledge - INFO - 🔍 Redis prefix will be: knowledge:b3936pr:
2026-01-17 18:38:02,734 - Knowledge - INFO - 🔍 Using attached load_from_redis() method
2026-01-17 18:38:02,947 - Knowledge - INFO - 🔍 Attempting to load knowledge from Redis...
2026-01-17 18:38:03,107 - Knowledge - INFO - 🔍 Using derived instance_id for Redis lookup: b3936pr
2026-01-17 18:38:03,354 - Knowledge - INFO - ✅ Redis cache found! Loading knowledge...
2026-01-17 18:38:03,543 - Knowledge - INFO - ✅ Successfully loaded from Redis: 77 files
2026-01-17 18:38:03,736 - Knowledge - INFO - ✅ Redis load complete: 77 files in 1.00s
2026-01-17 18:38:03,902 - Knowledge - INFO - ⚡ Total Redis path: 1.00s (vs ~300s from disk)
2026-01-17 18:38:04,064 - Knowledge - INFO - Saving knowledge to Redis...
2026-01-17 18:38:04,297 - Knowledge - INFO - Knowledge saved to Redis successfully
2026-01-17 19:03:27,320 - Knowledge - INFO - Created shared MongoDB connection pool
2026-01-17 19:03:27,638 - Knowledge - INFO - Starting Knowledge Graph processing with 20 threads
2026-01-17 19:03:27,871 - Knowledge - INFO - Initial configuration: chunk_size=65536, max_cache_size=500
2026-01-17 19:03:28,038 - Knowledge - INFO - Knowledge Graph concurrency configuration: workers=20, max_batch_size=10, max_concurrent_llm_calls=50
2026-01-17 19:03:29,091 - Knowledge - INFO - 🔍 _load_persisted_knowledge called - checking for Redis optimization
2026-01-17 19:03:29,252 - Knowledge - WARNING - ❌ load_from_redis method not found - Redis support not attached
2026-01-17 19:03:29,425 - Knowledge - INFO - load persisted knowledge: begin
2026-01-17 19:03:29,600 - Knowledge - INFO - Found code-base-name: https://github.com/kavia-common/flasky-304863.git:kavia-master
2026-01-17 19:03:29,763 - Knowledge - INFO - Found code_base: <app.utils.kg_build.knowledge.KnowledgeCodeBase object at 0x7f8c1f6e2010>
2026-01-17 19:03:29,974 - Knowledge - INFO - process ingested knowledge for /app/data/T0015/304863/b3936pr/flasky-304863/requirements/dev.txt
2026-01-17 19:03:30,187 - Knowledge - INFO - Found code-base-name: https://github.com/kavia-common/flasky-304863.git:kavia-master
2026-01-17 19:03:30,364 - Knowledge - INFO - Found code_base: <app.utils.kg_build.knowledge.KnowledgeCodeBase object at 0x7f8c1f6e2010>
2026-01-17 19:03:30,585 - Knowledge - INFO - process ingested knowledge for /app/data/T0015/304863/b3936pr/flasky-304863/app/api/authentication.py
2026-01-17 19:03:30,757 - Knowledge - INFO - Found code-base-name: https://github.com/kavia-common/flasky-304863.git:kavia-master
2026-01-17 19:03:30,951 - Knowledge - INFO - Found code_base: <app.utils.kg_build.knowledge.KnowledgeCodeBase object at 0x7f8c1f6e2010>
2026-01-17 19:03:31,156 - Knowledge - INFO - process ingested knowledge for /app/data/T0015/304863/b3936pr/flasky-304863/app/templates/user.html
2026-01-17 19:03:31,341 - Knowledge - INFO - Found code-base-name: https://github.com/kavia-common/flasky-304863.git:kavia-master
2026-01-17 19:03:31,531 - Knowledge - INFO - Found code_base: <app.utils.kg_build.knowledge.KnowledgeCodeBase object at 0x7f8c1f6e2010>
2026-01-17 19:03:31,734 - Knowledge - INFO - process ingested knowledge for /app/data/T0015/304863/b3936pr/flasky-304863/app/api/__init__.py
2026-01-17 19:03:31,936 - Knowledge - INFO - Found code-base-name: https://github.com/kavia-common/flasky-304863.git:kavia-master
2026-01-17 19:03:32,116 - Knowledge - INFO - Found code_base: <app.utils.kg_build.knowledge.KnowledgeCodeBase object at 0x7f8c1f6e2010>
2026-01-17 19:03:32,316 - Knowledge - INFO - process ingested knowledge for /app/data/T0015/304863/b3936pr/flasky-304863/app/main/errors.py
2026-01-17 19:03:32,468 - Knowledge - INFO - Found code-base-name: https://github.com/kavia-common/flasky-304863.git:kavia-master
2026-01-17 19:03:32,659 - Knowledge - INFO - Found code_base: <app.utils.kg_build.knowledge.KnowledgeCodeBase object at 0x7f8c1f6e2010>
2026-01-17 19:03:32,859 - Knowledge - INFO - process ingested knowledge for /app/data/T0015/304863/b3936pr/flasky-304863/app/templates/403.html
2026-01-17 19:03:33,031 - Knowledge - INFO - Found code-base-name: https://github.com/kavia-common/flasky-304863.git:kavia-master
2026-01-17 19:03:33,220 - Knowledge - INFO - Found code_base: <app.utils.kg_build.knowledge.KnowledgeCodeBase object at 0x7f8c1f6e2010>
2026-01-17 19:03:33,381 - Knowledge - INFO - process ingested knowledge for /app/data/T0015/304863/b3936pr/flasky-304863/app/auth/__init__.py
2026-01-17 19:03:33,567 - Knowledge - INFO - Found code-base-name: https://github.com/kavia-common/flasky-304863.git:kavia-master
2026-01-17 19:03:33,718 - Knowledge - INFO - Found code_base: <app.utils.kg_build.knowledge.KnowledgeCodeBase object at 0x7f8c1f6e2010>
2026-01-17 19:03:33,873 - Knowledge - INFO - process ingested knowledge for /app/data/T0015/304863/b3936pr/flasky-304863/migrations/versions/456a945560f6_login_support.py
2026-01-17 19:03:34,048 - Knowledge - INFO - Found code-base-name: https://github.com/kavia-common/flasky-304863.git:kavia-master
2026-01-17 19:03:34,202 - Knowledge - INFO - Found code_base: <app.utils.kg_build.knowledge.KnowledgeCodeBase object at 0x7f8c1f6e2010>
2026-01-17 19:03:34,374 - Knowledge - INFO - process ingested knowledge for /app/data/T0015/304863/b3936pr/flasky-304863/app/templates/edit_post.html
2026-01-17 19:03:34,540 - Knowledge - INFO - Found code-base-name: https://github.com/kavia-common/flasky-304863.git:kavia-master
2026-01-17 19:03:34,718 - Knowledge - INFO - Found code_base: <app.utils.kg_build.knowledge.KnowledgeCodeBase object at 0x7f8c1f6e2010>
2026-01-17 19:03:34,911 - Knowledge - INFO - process ingested knowledge for /app/data/T0015/304863/b3936pr/flasky-304863/migrations/env.py
2026-01-17 19:03:35,074 - Knowledge - INFO - Found code-base-name: https://github.com/kavia-common/flasky-304863.git:kavia-master
2026-01-17 19:03:35,240 - Knowledge - INFO - Found code_base: <app.utils.kg_build.knowledge.KnowledgeCodeBase object at 0x7f8c1f6e2010>
2026-01-17 19:03:35,421 - Knowledge - INFO - process ingested knowledge for /app/data/T0015/304863/b3936pr/flasky-304863/app/templates/auth/unconfirmed.html
2026-01-17 19:03:35,573 - Knowledge - INFO - Found code-base-name: https://github.com/kavia-common/flasky-304863.git:kavia-master
2026-01-17 19:03:35,721 - Knowledge - INFO - Found code_base: <app.utils.kg_build.knowledge.KnowledgeCodeBase object at 0x7f8c1f6e2010>
2026-01-17 19:03:35,892 - Knowledge - INFO - process ingested knowledge for /app/data/T0015/304863/b3936pr/flasky-304863/app/templates/base.html
2026-01-17 19:03:36,067 - Knowledge - INFO - Found code-base-name: https://github.com/kavia-common/flasky-304863.git:kavia-master
2026-01-17 19:03:36,309 - Knowledge - INFO - Found code_base: <app.utils.kg_build.knowledge.KnowledgeCodeBase object at 0x7f8c1f6e2010>
2026-01-17 19:03:36,493 - Knowledge - INFO - process ingested knowledge for /app/data/T0015/304863/b3936pr/flasky-304863/tests/test_api.py
2026-01-17 19:03:36,681 - Knowledge - INFO - Found code-base-name: https://github.com/kavia-common/flasky-304863.git:kavia-master
2026-01-17 19:03:36,892 - Knowledge - INFO - Found code_base: <app.utils.kg_build.knowledge.KnowledgeCodeBase object at 0x7f8c1f6e2010>
2026-01-17 19:03:37,105 - Knowledge - INFO - process ingested knowledge for /app/data/T0015/304863/b3936pr/flasky-304863/requirements.txt
2026-01-17 19:03:37,297 - Knowledge - INFO - Found code-base-name: https://github.com/kavia-common/flasky-304863.git:kavia-master
2026-01-17 19:03:37,474 - Knowledge - INFO - Found code_base: <app.utils.kg_build.knowledge.KnowledgeCodeBase object at 0x7f8c1f6e2010>
2026-01-17 19:03:37,650 - Knowledge - INFO - process ingested knowledge for /app/data/T0015/304863/b3936pr/flasky-304863/app/main/forms.py
2026-01-17 19:03:37,828 - Knowledge - INFO - Found code-base-name: https://github.com/kavia-common/flasky-304863.git:kavia-master
2026-01-17 19:03:38,064 - Knowledge - INFO - Found code_base: <app.utils.kg_build.knowledge.KnowledgeCodeBase object at 0x7f8c1f6e2010>
2026-01-17 19:03:38,278 - Knowledge - INFO - process ingested knowledge for /app/data/T0015/304863/b3936pr/flasky-304863/app/templates/auth/email/confirm.txt
2026-01-17 19:03:38,472 - Knowledge - INFO - Found code-base-name: https://github.com/kavia-common/flasky-304863.git:kavia-master
2026-01-17 19:03:38,660 - Knowledge - INFO - Found code_base: <app.utils.kg_build.knowledge.KnowledgeCodeBase object at 0x7f8c1f6e2010>
2026-01-17 19:03:38,862 - Knowledge - INFO - process ingested knowledge for /app/data/T0015/304863/b3936pr/flasky-304863/app/api/users.py
2026-01-17 19:03:39,067 - Knowledge - INFO - Found code-base-name: https://github.com/kavia-common/flasky-304863.git:kavia-master
2026-01-17 19:03:39,228 - Knowledge - INFO - Found code_base: <app.utils.kg_build.knowledge.KnowledgeCodeBase object at 0x7f8c1f6e2010>
2026-01-17 19:03:39,446 - Knowledge - INFO - process ingested knowledge for /app/data/T0015/304863/b3936pr/flasky-304863/app/templates/moderate.html
2026-01-17 19:03:39,657 - Knowledge - INFO - Found code-base-name: https://github.com/kavia-common/flasky-304863.git:kavia-master
2026-01-17 19:03:39,850 - Knowledge - INFO - Found code_base: <app.utils.kg_build.knowledge.KnowledgeCodeBase object at 0x7f8c1f6e2010>
2026-01-17 19:03:40,068 - Knowledge - INFO - process ingested knowledge for /app/data/T0015/304863/b3936pr/flasky-304863/app/static/styles.css
2026-01-17 19:03:40,278 - Knowledge - INFO - Found code-base-name: https://github.com/kavia-common/flasky-304863.git:kavia-master
2026-01-17 19:03:40,432 - Knowledge - INFO - Found code_base: <app.utils.kg_build.knowledge.KnowledgeCodeBase object at 0x7f8c1f6e2010>
2026-01-17 19:03:40,596 - Knowledge - INFO - process ingested knowledge for /app/data/T0015/304863/b3936pr/flasky-304863/app/templates/auth/change_password.html
2026-01-17 19:03:40,764 - Knowledge - INFO - Found code-base-name: https://github.com/kavia-common/flasky-304863.git:kavia-master
2026-01-17 19:03:40,929 - Knowledge - INFO - Found code_base: <app.utils.kg_build.knowledge.KnowledgeCodeBase object at 0x7f8c1f6e2010>
2026-01-17 19:03:41,089 - Knowledge - INFO - process ingested knowledge for /app/data/T0015/304863/b3936pr/flasky-304863/migrations/versions/51f5ccfba190_comments.py
2026-01-17 19:03:41,257 - Knowledge - INFO - Found code-base-name: https://github.com/kavia-common/flasky-304863.git:kavia-master
2026-01-17 19:03:41,450 - Knowledge - INFO - Found code_base: <app.utils.kg_build.knowledge.KnowledgeCodeBase object at 0x7f8c1f6e2010>
2026-01-17 19:03:41,631 - Knowledge - INFO - process ingested knowledge for /app/data/T0015/304863/b3936pr/flasky-304863/tests/test_selenium.py
2026-01-17 19:03:41,843 - Knowledge - INFO - Found code-base-name: https://github.com/kavia-common/flasky-304863.git:kavia-master
2026-01-17 19:03:42,011 - Knowledge - INFO - Found code_base: <app.utils.kg_build.knowledge.KnowledgeCodeBase object at 0x7f8c1f6e2010>
2026-01-17 19:03:42,162 - Knowledge - INFO - process ingested knowledge for /app/data/T0015/304863/b3936pr/flasky-304863/requirements/common.txt
2026-01-17 19:03:42,338 - Knowledge - INFO - Found code-base-name: https://github.com/kavia-common/flasky-304863.git:kavia-master
2026-01-17 19:03:42,498 - Knowledge - INFO - Found code_base: <app.utils.kg_build.knowledge.KnowledgeCodeBase object at 0x7f8c1f6e2010>
2026-01-17 19:03:42,723 - Knowledge - INFO - process ingested knowledge for /app/data/T0015/304863/b3936pr/flasky-304863/requirements/prod.txt
2026-01-17 19:03:42,902 - Knowledge - INFO - Found code-base-name: https://github.com/kavia-common/flasky-304863.git:kavia-master
2026-01-17 19:03:43,118 - Knowledge - INFO - Found code_base: <app.utils.kg_build.knowledge.KnowledgeCodeBase object at 0x7f8c1f6e2010>
2026-01-17 19:03:43,375 - Knowledge - INFO - process ingested knowledge for /app/data/T0015/304863/b3936pr/flasky-304863/app/templates/auth/email/change_email.html
2026-01-17 19:03:43,593 - Knowledge - INFO - Found code-base-name: https://github.com/kavia-common/flasky-304863.git:kavia-master
2026-01-17 19:03:43,837 - Knowledge - INFO - Found code_base: <app.utils.kg_build.knowledge.KnowledgeCodeBase object at 0x7f8c1f6e2010>
2026-01-17 19:03:44,035 - Knowledge - INFO - process ingested knowledge for /app/data/T0015/304863/b3936pr/flasky-304863/app/templates/mail/new_user.txt
2026-01-17 19:03:44,211 - Knowledge - INFO - Found code-base-name: https://github.com/kavia-common/flasky-304863.git:kavia-master
2026-01-17 19:03:44,447 - Knowledge - INFO - Found code_base: <app.utils.kg_build.knowledge.KnowledgeCodeBase object at 0x7f8c1f6e2010>
2026-01-17 19:03:44,627 - Knowledge - INFO - process ingested knowledge for /app/data/T0015/304863/b3936pr/flasky-304863/app/templates/500.html
2026-01-17 19:03:44,814 - Knowledge - INFO - Found code-base-name: https://github.com/kavia-common/flasky-304863.git:kavia-master
2026-01-17 19:03:44,970 - Knowledge - INFO - Found code_base: <app.utils.kg_build.knowledge.KnowledgeCodeBase object at 0x7f8c1f6e2010>
2026-01-17 19:03:45,216 - Knowledge - INFO - process ingested knowledge for /app/data/T0015/304863/b3936pr/flasky-304863/app/api/decorators.py
2026-01-17 19:03:45,400 - Knowledge - INFO - Found code-base-name: https://github.com/kavia-common/flasky-304863.git:kavia-master
2026-01-17 19:03:45,600 - Knowledge - INFO - Found code_base: <app.utils.kg_build.knowledge.KnowledgeCodeBase object at 0x7f8c1f6e2010>
2026-01-17 19:03:45,793 - Knowledge - INFO - process ingested knowledge for /app/data/T0015/304863/b3936pr/flasky-304863/app/templates/_comments.html
2026-01-17 19:03:45,956 - Knowledge - INFO - Found code-base-name: https://github.com/kavia-common/flasky-304863.git:kavia-master
2026-01-17 19:03:46,126 - Knowledge - INFO - Found code_base: <app.utils.kg_build.knowledge.KnowledgeCodeBase object at 0x7f8c1f6e2010>
2026-01-17 19:03:46,325 - Knowledge - INFO - process ingested knowledge for /app/data/T0015/304863/b3936pr/flasky-304863/app/auth/views.py
2026-01-17 19:03:46,491 - Knowledge - INFO - Found code-base-name: https://github.com/kavia-common/flasky-304863.git:kavia-master
2026-01-17 19:03:46,681 - Knowledge - INFO - Found code_base: <app.utils.kg_build.knowledge.KnowledgeCodeBase object at 0x7f8c1f6e2010>
2026-01-17 19:03:46,877 - Knowledge - INFO - process ingested knowledge for /app/data/T0015/304863/b3936pr/flasky-304863/migrations/versions/198b0eebcf9_caching_of_avatar_hashes.py
2026-01-17 19:03:47,039 - Knowledge - INFO - Found code-base-name: https://github.com/kavia-common/flasky-304863.git:kavia-master
2026-01-17 19:03:47,223 - Knowledge - INFO - Found code_base: <app.utils.kg_build.knowledge.KnowledgeCodeBase object at 0x7f8c1f6e2010>
2026-01-17 19:03:47,441 - Knowledge - INFO - process ingested knowledge for /app/data/T0015/304863/b3936pr/flasky-304863/app/api/comments.py
2026-01-17 19:03:47,626 - Knowledge - INFO - Found code-base-name: https://github.com/kavia-common/flasky-304863.git:kavia-master
2026-01-17 19:03:47,788 - Knowledge - INFO - Found code_base: <app.utils.kg_build.knowledge.KnowledgeCodeBase object at 0x7f8c1f6e2010>
2026-01-17 19:03:47,942 - Knowledge - INFO - process ingested knowledge for /app/data/T0015/304863/b3936pr/flasky-304863/app/templates/followers.html
2026-01-17 19:03:48,102 - Knowledge - INFO - Found code-base-name: https://github.com/kavia-common/flasky-304863.git:kavia-master
2026-01-17 19:03:48,296 - Knowledge - INFO - Found code_base: <app.utils.kg_build.knowledge.KnowledgeCodeBase object at 0x7f8c1f6e2010>
2026-01-17 19:03:48,445 - Knowledge - INFO - process ingested knowledge for /app/data/T0015/304863/b3936pr/flasky-304863/app/fake.py
2026-01-17 19:03:48,619 - Knowledge - INFO - Found code-base-name: https://github.com/kavia-common/flasky-304863.git:kavia-master
2026-01-17 19:03:48,782 - Knowledge - INFO - Found code_base: <app.utils.kg_build.knowledge.KnowledgeCodeBase object at 0x7f8c1f6e2010>
2026-01-17 19:03:48,932 - Knowledge - INFO - process ingested knowledge for /app/data/T0015/304863/b3936pr/flasky-304863/migrations/versions/1b966e7f4b9e_post_model.py
2026-01-17 19:03:49,093 - Knowledge - INFO - Found code-base-name: https://github.com/kavia-common/flasky-304863.git:kavia-master
2026-01-17 19:03:49,288 - Knowledge - INFO - Found code_base: <app.utils.kg_build.knowledge.KnowledgeCodeBase object at 0x7f8c1f6e2010>
2026-01-17 19:03:49,449 - Knowledge - INFO - process ingested knowledge for /app/data/T0015/304863/b3936pr/flasky-304863/app/templates/auth/email/reset_password.html
2026-01-17 19:03:49,616 - Knowledge - INFO - Found code-base-name: https://github.com/kavia-common/flasky-304863.git:kavia-master
2026-01-17 19:03:49,782 - Knowledge - INFO - Found code_base: <app.utils.kg_build.knowledge.KnowledgeCodeBase object at 0x7f8c1f6e2010>
2026-01-17 19:03:49,946 - Knowledge - INFO - process ingested knowledge for /app/data/T0015/304863/b3936pr/flasky-304863/flasky.py
2026-01-17 19:03:50,149 - Knowledge - INFO - Found code-base-name: https://github.com/kavia-common/flasky-304863.git:kavia-master
2026-01-17 19:03:50,334 - Knowledge - INFO - Found code_base: <app.utils.kg_build.knowledge.KnowledgeCodeBase object at 0x7f8c1f6e2010>
2026-01-17 19:03:50,523 - Knowledge - INFO - process ingested knowledge for /app/data/T0015/304863/b3936pr/flasky-304863/app/templates/auth/email/change_email.txt
2026-01-17 19:03:50,706 - Knowledge - INFO - Found code-base-name: https://github.com/kavia-common/flasky-304863.git:kavia-master
2026-01-17 19:03:50,877 - Knowledge - INFO - Found code_base: <app.utils.kg_build.knowledge.KnowledgeCodeBase object at 0x7f8c1f6e2010>
2026-01-17 19:03:51,109 - Knowledge - INFO - process ingested knowledge for /app/data/T0015/304863/b3936pr/flasky-304863/app/exceptions.py
2026-01-17 19:03:51,268 - Knowledge - INFO - Found code-base-name: https://github.com/kavia-common/flasky-304863.git:kavia-master
2026-01-17 19:03:51,481 - Knowledge - INFO - Found code_base: <app.utils.kg_build.knowledge.KnowledgeCodeBase object at 0x7f8c1f6e2010>
2026-01-17 19:03:51,666 - Knowledge - INFO - process ingested knowledge for /app/data/T0015/304863/b3936pr/flasky-304863/app/templates/index.html
2026-01-17 19:03:51,868 - Knowledge - INFO - Found code-base-name: https://github.com/kavia-common/flasky-304863.git:kavia-master
2026-01-17 19:03:52,088 - Knowledge - INFO - Found code_base: <app.utils.kg_build.knowledge.KnowledgeCodeBase object at 0x7f8c1f6e2010>
2026-01-17 19:03:52,263 - Knowledge - INFO - process ingested knowledge for /app/data/T0015/304863/b3936pr/flasky-304863/migrations/versions/2356a38169ea_followers.py
2026-01-17 19:03:52,442 - Knowledge - INFO - Found code-base-name: https://github.com/kavia-common/flasky-304863.git:kavia-master
2026-01-17 19:03:52,596 - Knowledge - INFO - Found code_base: <app.utils.kg_build.knowledge.KnowledgeCodeBase object at 0x7f8c1f6e2010>
2026-01-17 19:03:52,748 - Knowledge - INFO - process ingested knowledge for /app/data/T0015/304863/b3936pr/flasky-304863/app/api/posts.py
2026-01-17 19:03:52,904 - Knowledge - INFO - Found code-base-name: https://github.com/kavia-common/flasky-304863.git:kavia-master
2026-01-17 19:03:53,094 - Knowledge - INFO - Found code_base: <app.utils.kg_build.knowledge.KnowledgeCodeBase object at 0x7f8c1f6e2010>
2026-01-17 19:03:53,268 - Knowledge - INFO - process ingested knowledge for /app/data/T0015/304863/b3936pr/flasky-304863/app/templates/auth/email/reset_password.txt
2026-01-17 19:03:53,447 - Knowledge - INFO - Found code-base-name: https://github.com/kavia-common/flasky-304863.git:kavia-master
2026-01-17 19:03:53,619 - Knowledge - INFO - Found code_base: <app.utils.kg_build.knowledge.KnowledgeCodeBase object at 0x7f8c1f6e2010>
2026-01-17 19:03:53,842 - Knowledge - INFO - process ingested knowledge for /app/data/T0015/304863/b3936pr/flasky-304863/app/templates/404.html
2026-01-17 19:03:54,016 - Knowledge - INFO - Found code-base-name: https://github.com/kavia-common/flasky-304863.git:kavia-master
2026-01-17 19:03:54,193 - Knowledge - INFO - Found code_base: <app.utils.kg_build.knowledge.KnowledgeCodeBase object at 0x7f8c1f6e2010>
2026-01-17 19:03:54,450 - Knowledge - INFO - process ingested knowledge for /app/data/T0015/304863/b3936pr/flasky-304863/app/templates/_posts.html
2026-01-17 19:03:54,679 - Knowledge - INFO - Found code-base-name: https://github.com/kavia-common/flasky-304863.git:kavia-master
2026-01-17 19:03:54,853 - Knowledge - INFO - Found code_base: <app.utils.kg_build.knowledge.KnowledgeCodeBase object at 0x7f8c1f6e2010>
2026-01-17 19:03:55,057 - Knowledge - INFO - process ingested knowledge for /app/data/T0015/304863/b3936pr/flasky-304863/requirements/docker.txt
2026-01-17 19:03:55,270 - Knowledge - INFO - Found code-base-name: https://github.com/kavia-common/flasky-304863.git:kavia-master
2026-01-17 19:03:55,473 - Knowledge - INFO - Found code_base: <app.utils.kg_build.knowledge.KnowledgeCodeBase object at 0x7f8c1f6e2010>
2026-01-17 19:03:55,638 - Knowledge - INFO - process ingested knowledge for /app/data/T0015/304863/b3936pr/flasky-304863/app/main/views.py
2026-01-17 19:03:55,801 - Knowledge - INFO - Found code-base-name: https://github.com/kavia-common/flasky-304863.git:kavia-master
2026-01-17 19:03:55,993 - Knowledge - INFO - Found code_base: <app.utils.kg_build.knowledge.KnowledgeCodeBase object at 0x7f8c1f6e2010>
2026-01-17 19:03:56,151 - Knowledge - INFO - process ingested knowledge for /app/data/T0015/304863/b3936pr/flasky-304863/migrations/versions/190163627111_account_confirmation.py
2026-01-17 19:03:56,321 - Knowledge - INFO - Found code-base-name: https://github.com/kavia-common/flasky-304863.git:kavia-master
2026-01-17 19:03:56,525 - Knowledge - INFO - Found code_base: <app.utils.kg_build.knowledge.KnowledgeCodeBase object at 0x7f8c1f6e2010>
2026-01-17 19:03:56,708 - Knowledge - INFO - process ingested knowledge for /app/data/T0015/304863/b3936pr/flasky-304863/app/templates/_macros.html
2026-01-17 19:03:56,908 - Knowledge - INFO - Found code-base-name: https://github.com/kavia-common/flasky-304863.git:kavia-master
2026-01-17 19:03:57,148 - Knowledge - INFO - Found code_base: <app.utils.kg_build.knowledge.KnowledgeCodeBase object at 0x7f8c1f6e2010>
2026-01-17 19:03:57,332 - Knowledge - INFO - process ingested knowledge for /app/data/T0015/304863/b3936pr/flasky-304863/README.md
2026-01-17 19:03:57,493 - Knowledge - INFO - Found code-base-name: https://github.com/kavia-common/flasky-304863.git:kavia-master
2026-01-17 19:03:57,679 - Knowledge - INFO - Found code_base: <app.utils.kg_build.knowledge.KnowledgeCodeBase object at 0x7f8c1f6e2010>
2026-01-17 19:03:57,899 - Knowledge - INFO - process ingested knowledge for /app/data/T0015/304863/b3936pr/flasky-304863/boot.sh
2026-01-17 19:03:58,068 - Knowledge - INFO - Found code-base-name: https://github.com/kavia-common/flasky-304863.git:kavia-master
2026-01-17 19:03:58,234 - Knowledge - INFO - Found code_base: <app.utils.kg_build.knowledge.KnowledgeCodeBase object at 0x7f8c1f6e2010>
2026-01-17 19:03:58,411 - Knowledge - INFO - process ingested knowledge for /app/data/T0015/304863/b3936pr/flasky-304863/app/decorators.py
2026-01-17 19:03:58,573 - Knowledge - INFO - Found code-base-name: https://github.com/kavia-common/flasky-304863.git:kavia-master
2026-01-17 19:03:58,746 - Knowledge - INFO - Found code_base: <app.utils.kg_build.knowledge.KnowledgeCodeBase object at 0x7f8c1f6e2010>
2026-01-17 19:03:58,920 - Knowledge - INFO - process ingested knowledge for /app/data/T0015/304863/b3936pr/flasky-304863/migrations/versions/288cd3dc5a8_rich_text_posts.py
2026-01-17 19:03:59,107 - Knowledge - INFO - Found code-base-name: https://github.com/kavia-common/flasky-304863.git:kavia-master
2026-01-17 19:03:59,292 - Knowledge - INFO - Found code_base: <app.utils.kg_build.knowledge.KnowledgeCodeBase object at 0x7f8c1f6e2010>
2026-01-17 19:03:59,455 - Knowledge - INFO - process ingested knowledge for /app/data/T0015/304863/b3936pr/flasky-304863/app/api/errors.py
2026-01-17 19:03:59,653 - Knowledge - INFO - Found code-base-name: https://github.com/kavia-common/flasky-304863.git:kavia-master
2026-01-17 19:03:59,818 - Knowledge - INFO - Found code_base: <app.utils.kg_build.knowledge.KnowledgeCodeBase object at 0x7f8c1f6e2010>
2026-01-17 19:04:00,022 - Knowledge - INFO - process ingested knowledge for /app/data/T0015/304863/b3936pr/flasky-304863/config.py
2026-01-17 19:04:00,205 - Knowledge - INFO - Found code-base-name: https://github.com/kavia-common/flasky-304863.git:kavia-master
2026-01-17 19:04:00,385 - Knowledge - INFO - Found code_base: <app.utils.kg_build.knowledge.KnowledgeCodeBase object at 0x7f8c1f6e2010>
2026-01-17 19:04:00,560 - Knowledge - INFO - process ingested knowledge for /app/data/T0015/304863/b3936pr/flasky-304863/tests/test_basics.py
2026-01-17 19:04:00,789 - Knowledge - INFO - Found code-base-name: https://github.com/kavia-common/flasky-304863.git:kavia-master
2026-01-17 19:04:00,972 - Knowledge - INFO - Found code_base: <app.utils.kg_build.knowledge.KnowledgeCodeBase object at 0x7f8c1f6e2010>
2026-01-17 19:04:01,164 - Knowledge - INFO - process ingested knowledge for /app/data/T0015/304863/b3936pr/flasky-304863/migrations/versions/d66f086b258_user_information.py
2026-01-17 19:04:01,387 - Knowledge - INFO - Found code-base-name: https://github.com/kavia-common/flasky-304863.git:kavia-master
2026-01-17 19:04:01,559 - Knowledge - INFO - Found code_base: <app.utils.kg_build.knowledge.KnowledgeCodeBase object at 0x7f8c1f6e2010>
2026-01-17 19:04:01,749 - Knowledge - INFO - process ingested knowledge for /app/data/T0015/304863/b3936pr/flasky-304863/migrations/versions/38c4e85512a9_initial_migration.py
2026-01-17 19:04:01,957 - Knowledge - INFO - Found code-base-name: https://github.com/kavia-common/flasky-304863.git:kavia-master
2026-01-17 19:04:02,120 - Knowledge - INFO - Found code_base: <app.utils.kg_build.knowledge.KnowledgeCodeBase object at 0x7f8c1f6e2010>
2026-01-17 19:04:02,282 - Knowledge - INFO - process ingested knowledge for /app/data/T0015/304863/b3936pr/flasky-304863/docker-compose.yml
2026-01-17 19:04:02,446 - Knowledge - INFO - Found code-base-name: https://github.com/kavia-common/flasky-304863.git:kavia-master
2026-01-17 19:04:02,596 - Knowledge - INFO - Found code_base: <app.utils.kg_build.knowledge.KnowledgeCodeBase object at 0x7f8c1f6e2010>
2026-01-17 19:04:02,777 - Knowledge - INFO - process ingested knowledge for /app/data/T0015/304863/b3936pr/flasky-304863/app/models.py
2026-01-17 19:04:02,955 - Knowledge - INFO - Found code-base-name: https://github.com/kavia-common/flasky-304863.git:kavia-master
2026-01-17 19:04:03,146 - Knowledge - INFO - Found code_base: <app.utils.kg_build.knowledge.KnowledgeCodeBase object at 0x7f8c1f6e2010>
2026-01-17 19:04:03,332 - Knowledge - INFO - process ingested knowledge for /app/data/T0015/304863/b3936pr/flasky-304863/app/templates/mail/new_user.html
2026-01-17 19:04:03,584 - Knowledge - INFO - Found code-base-name: https://github.com/kavia-common/flasky-304863.git:kavia-master
2026-01-17 19:04:03,820 - Knowledge - INFO - Found code_base: <app.utils.kg_build.knowledge.KnowledgeCodeBase object at 0x7f8c1f6e2010>
2026-01-17 19:04:03,982 - Knowledge - INFO - process ingested knowledge for /app/data/T0015/304863/b3936pr/flasky-304863/app/templates/auth/login.html
2026-01-17 19:04:04,200 - Knowledge - INFO - Found code-base-name: https://github.com/kavia-common/flasky-304863.git:kavia-master
2026-01-17 19:04:04,411 - Knowledge - INFO - Found code_base: <app.utils.kg_build.knowledge.KnowledgeCodeBase object at 0x7f8c1f6e2010>
2026-01-17 19:04:04,581 - Knowledge - INFO - process ingested knowledge for /app/data/T0015/304863/b3936pr/flasky-304863/app/main/__init__.py
2026-01-17 19:04:04,766 - Knowledge - INFO - Found code-base-name: https://github.com/kavia-common/flasky-304863.git:kavia-master
2026-01-17 19:04:04,918 - Knowledge - INFO - Found code_base: <app.utils.kg_build.knowledge.KnowledgeCodeBase object at 0x7f8c1f6e2010>
2026-01-17 19:04:05,124 - Knowledge - INFO - process ingested knowledge for /app/data/T0015/304863/b3936pr/flasky-304863/tests/test_client.py
2026-01-17 19:04:05,295 - Knowledge - INFO - Found code-base-name: https://github.com/kavia-common/flasky-304863.git:kavia-master
2026-01-17 19:04:05,461 - Knowledge - INFO - Found code_base: <app.utils.kg_build.knowledge.KnowledgeCodeBase object at 0x7f8c1f6e2010>
2026-01-17 19:04:05,663 - Knowledge - INFO - process ingested knowledge for /app/data/T0015/304863/b3936pr/flasky-304863/app/__init__.py
2026-01-17 19:04:05,865 - Knowledge - INFO - Found code-base-name: https://github.com/kavia-common/flasky-304863.git:kavia-master
2026-01-17 19:04:06,078 - Knowledge - INFO - Found code_base: <app.utils.kg_build.knowledge.KnowledgeCodeBase object at 0x7f8c1f6e2010>
2026-01-17 19:04:06,253 - Knowledge - INFO - process ingested knowledge for /app/data/T0015/304863/b3936pr/flasky-304863/app/templates/auth/email/confirm.html
2026-01-17 19:04:06,437 - Knowledge - INFO - Found code-base-name: https://github.com/kavia-common/flasky-304863.git:kavia-master
2026-01-17 19:04:06,623 - Knowledge - INFO - Found code_base: <app.utils.kg_build.knowledge.KnowledgeCodeBase object at 0x7f8c1f6e2010>
2026-01-17 19:04:06,813 - Knowledge - INFO - process ingested knowledge for /app/data/T0015/304863/b3936pr/flasky-304863/tests/test_user_model.py
2026-01-17 19:04:06,985 - Knowledge - INFO - Found code-base-name: https://github.com/kavia-common/flasky-304863.git:kavia-master
2026-01-17 19:04:07,221 - Knowledge - INFO - Found code_base: <app.utils.kg_build.knowledge.KnowledgeCodeBase object at 0x7f8c1f6e2010>
2026-01-17 19:04:07,400 - Knowledge - INFO - process ingested knowledge for /app/data/T0015/304863/b3936pr/flasky-304863/app/templates/edit_profile.html
2026-01-17 19:04:07,556 - Knowledge - INFO - Found code-base-name: https://github.com/kavia-common/flasky-304863.git:kavia-master
2026-01-17 19:04:07,722 - Knowledge - INFO - Found code_base: <app.utils.kg_build.knowledge.KnowledgeCodeBase object at 0x7f8c1f6e2010>
2026-01-17 19:04:07,882 - Knowledge - INFO - process ingested knowledge for /app/data/T0015/304863/b3936pr/flasky-304863/app/templates/auth/reset_password.html
2026-01-17 19:04:08,042 - Knowledge - INFO - Found code-base-name: https://github.com/kavia-common/flasky-304863.git:kavia-master
2026-01-17 19:04:08,213 - Knowledge - INFO - Found code_base: <app.utils.kg_build.knowledge.KnowledgeCodeBase object at 0x7f8c1f6e2010>
2026-01-17 19:04:08,375 - Knowledge - INFO - process ingested knowledge for /app/data/T0015/304863/b3936pr/flasky-304863/app/templates/auth/register.html
2026-01-17 19:04:08,578 - Knowledge - INFO - Found code-base-name: https://github.com/kavia-common/flasky-304863.git:kavia-master
2026-01-17 19:04:08,748 - Knowledge - INFO - Found code_base: <app.utils.kg_build.knowledge.KnowledgeCodeBase object at 0x7f8c1f6e2010>
2026-01-17 19:04:08,978 - Knowledge - INFO - process ingested knowledge for /app/data/T0015/304863/b3936pr/flasky-304863/migrations/versions/56ed7d33de8d_user_roles.py
2026-01-17 19:04:09,196 - Knowledge - INFO - Found code-base-name: https://github.com/kavia-common/flasky-304863.git:kavia-master
2026-01-17 19:04:09,367 - Knowledge - INFO - Found code_base: <app.utils.kg_build.knowledge.KnowledgeCodeBase object at 0x7f8c1f6e2010>
2026-01-17 19:04:09,566 - Knowledge - INFO - process ingested knowledge for /app/data/T0015/304863/b3936pr/flasky-304863/migrations/alembic.ini
2026-01-17 19:04:09,741 - Knowledge - INFO - Found code-base-name: https://github.com/kavia-common/flasky-304863.git:kavia-master
2026-01-17 19:04:09,949 - Knowledge - INFO - Found code_base: <app.utils.kg_build.knowledge.KnowledgeCodeBase object at 0x7f8c1f6e2010>
2026-01-17 19:04:10,160 - Knowledge - INFO - process ingested knowledge for /app/data/T0015/304863/b3936pr/flasky-304863/app/templates/post.html
2026-01-17 19:04:10,377 - Knowledge - INFO - Found code-base-name: https://github.com/kavia-common/flasky-304863.git:kavia-master
2026-01-17 19:04:10,616 - Knowledge - INFO - Found code_base: <app.utils.kg_build.knowledge.KnowledgeCodeBase object at 0x7f8c1f6e2010>
2026-01-17 19:04:10,814 - Knowledge - INFO - process ingested knowledge for /app/data/T0015/304863/b3936pr/flasky-304863/app/templates/auth/change_email.html
2026-01-17 19:04:11,014 - Knowledge - INFO - Found code-base-name: https://github.com/kavia-common/flasky-304863.git:kavia-master
2026-01-17 19:04:11,234 - Knowledge - INFO - Found code_base: <app.utils.kg_build.knowledge.KnowledgeCodeBase object at 0x7f8c1f6e2010>
2026-01-17 19:04:11,405 - Knowledge - INFO - process ingested knowledge for /app/data/T0015/304863/b3936pr/flasky-304863/app/auth/forms.py
2026-01-17 19:04:11,572 - Knowledge - INFO - Found code-base-name: https://github.com/kavia-common/flasky-304863.git:kavia-master
2026-01-17 19:04:11,754 - Knowledge - INFO - Found code_base: <app.utils.kg_build.knowledge.KnowledgeCodeBase object at 0x7f8c1f6e2010>
2026-01-17 19:04:11,916 - Knowledge - INFO - process ingested knowledge for /app/data/T0015/304863/b3936pr/flasky-304863/requirements/heroku.txt
2026-01-17 19:04:12,087 - Knowledge - INFO - Found code-base-name: https://github.com/kavia-common/flasky-304863.git:kavia-master
2026-01-17 19:04:12,276 - Knowledge - INFO - Found code_base: <app.utils.kg_build.knowledge.KnowledgeCodeBase object at 0x7f8c1f6e2010>
2026-01-17 19:04:12,451 - Knowledge - INFO - process ingested knowledge for /app/data/T0015/304863/b3936pr/flasky-304863/app/email.py
2026-01-17 19:04:12,603 - Knowledge - INFO - Loaded 77 files from persisted knowledge
2026-01-17 19:04:12,782 - Knowledge - INFO - load persisted knowledge: end
2026-01-17 19:04:12,998 - Knowledge - INFO - Redis support added with prefix knowledge:b3936pr:
2026-01-17 19:04:13,242 - Knowledge - INFO - Starting knowledge initialization for ID: jBKGd8-b3936pr
2026-01-17 19:04:13,417 - Knowledge - INFO - 🔍 Checking Redis for build_id: b3936pr
2026-01-17 19:04:13,575 - Knowledge - INFO - 🔍 Full session ID: jBKGd8-b3936pr
2026-01-17 19:04:13,746 - Knowledge - INFO - 🔍 Redis prefix will be: knowledge:b3936pr:
2026-01-17 19:04:13,956 - Knowledge - INFO - 🔍 Using attached load_from_redis() method
2026-01-17 19:04:14,142 - Knowledge - INFO - 🔍 Attempting to load knowledge from Redis...
2026-01-17 19:04:14,300 - Knowledge - INFO - 🔍 Using derived instance_id for Redis lookup: b3936pr
2026-01-17 19:04:14,512 - Knowledge - INFO - ✅ Redis cache found! Loading knowledge...
2026-01-17 19:04:14,706 - Knowledge - INFO - ✅ Successfully loaded from Redis: 77 files
2026-01-17 19:04:14,884 - Knowledge - INFO - ✅ Redis load complete: 77 files in 0.93s
2026-01-17 19:04:15,060 - Knowledge - INFO - ⚡ Total Redis path: 0.93s (vs ~300s from disk)
2026-01-17 19:04:15,246 - Knowledge - INFO - Saving knowledge to Redis...
2026-01-17 19:04:15,530 - Knowledge - INFO - Knowledge saved to Redis successfully
